#-----------------------------------------------------------
# xsim v2026.1 (64-bit)
# SW Build 6511674 on Tue Jun 16 11:02:23 MDT 2026
# IP Build 6504888 on Tue Jun 09 09:05:25 MDT 2026
# SharedData Build 6501428 on Mon Jun 08 17:34:18 MDT 2026
# Start of session at: Fri Aug 28 16:10:10 2026
# Process ID         : 15172
# Current directory  : D:/0_FPGA/10-pipeline-cpu/xsim_debug
# Command line       : xsim.exe -mode tcl -source {xsim.dir/tb_pipeline_debug_snapshot/xsim_script.tcl}
# Log file           : D:/0_FPGA/10-pipeline-cpu/xsim_debug/xsim.log
# Journal file       : D:/0_FPGA/10-pipeline-cpu/xsim_debug\xsim.jou
# Running On         : LAPTOP-5OVTUK4J
# Platform           : Windows 11
# Operating System   : 22631
# Processor Detail   : 11th Gen Intel(R) Core(TM) i5-1135G7 @ 2.40GHz
# CPU Frequency      : 2419 MHz
# CPU Physical cores : 4
# CPU Logical cores  : 8
# Host memory        : 16969 MB
# Swap memory        : 14589 MB
# Total Virtual      : 31558 MB
# Available Virtual  : 11059 MB
#-----------------------------------------------------------
source xsim.dir/tb_pipeline_debug_snapshot/xsim_script.tcl
# xsim {tb_pipeline_debug_snapshot} -autoloadwcfg -runall
Time resolution is 1 ps
run -all
TRACE t=55000 pc=80000000 instr=00108117 idex=0 exmem=0 memwb=0 stall=0 flush=0
TRACE t=65000 pc=80000004 instr=03010113 idex=1 exmem=0 memwb=0 stall=0 flush=0
TRACE t=75000 pc=80000008 instr=5a0000ef idex=1 exmem=1 memwb=0 stall=0 flush=0
TRACE t=85000 pc=8000000c instr=534000ef idex=1 exmem=1 memwb=1 stall=0 flush=1
TRACE t=105000 pc=800005a8 instr=00100317 idex=0 exmem=0 memwb=1 stall=0 flush=0
TRACE t=115000 pc=800005ac instr=a6030313 idex=1 exmem=0 memwb=0 stall=0 flush=0
TRACE t=125000 pc=800005b0 instr=00132c23 idex=1 exmem=1 memwb=0 stall=0 flush=0
TRACE t=135000 pc=800005b4 instr=0a4000ef idex=1 exmem=1 memwb=1 stall=0 flush=0
STORE t=145000 addr=80100020 mask=2 data=8000000c
TRACE t=145000 pc=800005b8 instr=184000ef idex=1 exmem=1 memwb=1 stall=0 flush=1
TRACE t=165000 pc=80000658 instr=800002b7 idex=0 exmem=0 memwb=1 stall=0 flush=0
TRACE t=175000 pc=8000065c instr=fff28293 idex=1 exmem=0 memwb=0 stall=0 flush=0
TRACE t=185000 pc=80000660 instr=00100313 idex=1 exmem=1 memwb=0 stall=0 flush=0
TRACE t=195000 pc=80000664 instr=006283b3 idex=1 exmem=1 memwb=1 stall=0 flush=0
TRACE t=205000 pc=80000668 instr=80000e37 idex=1 exmem=1 memwb=1 stall=0 flush=0
TRACE t=215000 pc=8000066c instr=07c39663 idex=1 exmem=1 memwb=1 stall=0 flush=0
TRACE t=225000 pc=80000670 instr=fff00293 idex=1 exmem=1 memwb=1 stall=0 flush=0
TRACE t=235000 pc=80000674 instr=00100313 idex=1 exmem=1 memwb=1 stall=0 flush=0
TRACE t=245000 pc=80000678 instr=006283b3 idex=1 exmem=1 memwb=1 stall=0 flush=0
TRACE t=255000 pc=8000067c instr=04039e63 idex=1 exmem=1 memwb=1 stall=0 flush=0
TRACE t=265000 pc=80000680 instr=123452b7 idex=1 exmem=1 memwb=1 stall=0 flush=0
TRACE t=275000 pc=80000684 instr=67828293 idex=1 exmem=1 memwb=1 stall=0 flush=0
TRACE t=285000 pc=80000688 instr=87654337 idex=1 exmem=1 memwb=1 stall=0 flush=0
TRACE t=295000 pc=8000068c instr=32130313 idex=1 exmem=1 memwb=1 stall=0 flush=0
TRACE t=305000 pc=80000690 instr=006283b3 idex=1 exmem=1 memwb=1 stall=0 flush=0
TRACE t=315000 pc=80000694 instr=9999ae37 idex=1 exmem=1 memwb=1 stall=0 flush=0
TRACE t=325000 pc=80000698 instr=999e0e13 idex=1 exmem=1 memwb=1 stall=0 flush=0
TRACE t=335000 pc=8000069c instr=03c39e63 idex=1 exmem=1 memwb=1 stall=0 flush=0
TRACE t=345000 pc=800006a0 instr=9999ae37 idex=1 exmem=1 memwb=1 stall=0 flush=1
TRACE t=365000 pc=800006d8 instr=00100297 idex=0 exmem=0 memwb=1 stall=0 flush=0
TRACE t=375000 pc=800006dc instr=92c28293 idex=1 exmem=0 memwb=0 stall=0 flush=0
TRACE t=385000 pc=800006e0 instr=0002a303 idex=1 exmem=1 memwb=0 stall=0 flush=0
TRACE t=395000 pc=800006e4 instr=00130313 idex=1 exmem=1 memwb=1 stall=1 flush=0
TRACE t=405000 pc=800006e4 instr=00130313 idex=0 exmem=1 memwb=1 stall=0 flush=0
TRACE t=415000 pc=800006e8 instr=0062a023 idex=1 exmem=0 memwb=1 stall=0 flush=0
TRACE t=425000 pc=800006ec instr=00008067 idex=1 exmem=1 memwb=0 stall=0 flush=0
STORE t=435000 addr=80100004 mask=2 data=00000001
TRACE t=435000 pc=800006f0 instr=00000293 idex=1 exmem=1 memwb=1 stall=0 flush=1
TRACE t=455000 pc=800005b8 instr=184000ef idex=0 exmem=0 memwb=1 stall=0 flush=0
TRACE t=465000 pc=800005bc instr=34c000ef idex=1 exmem=0 memwb=0 stall=0 flush=1
TRACE t=485000 pc=8000073c instr=800002b7 idex=0 exmem=0 memwb=1 stall=0 flush=0
TRACE t=495000 pc=80000740 instr=fff28293 idex=1 exmem=0 memwb=0 stall=0 flush=0
TRACE t=505000 pc=80000744 instr=80000337 idex=1 exmem=1 memwb=0 stall=0 flush=0
TRACE t=515000 pc=80000748 instr=fff30313 idex=1 exmem=1 memwb=1 stall=0 flush=0
TRACE t=525000 pc=8000074c instr=406283b3 idex=1 exmem=1 memwb=1 stall=0 flush=0
TRACE t=535000 pc=80000750 instr=02039863 idex=1 exmem=1 memwb=1 stall=0 flush=0
TRACE t=545000 pc=80000754 instr=00000293 idex=1 exmem=1 memwb=1 stall=0 flush=1
TRACE t=565000 pc=80000780 instr=00100297 idex=0 exmem=0 memwb=1 stall=0 flush=0
TRACE t=575000 pc=80000784 instr=88428293 idex=1 exmem=0 memwb=0 stall=0 flush=0
TRACE t=585000 pc=80000788 instr=0002a303 idex=1 exmem=1 memwb=0 stall=0 flush=0
TRACE t=595000 pc=8000078c instr=00130313 idex=1 exmem=1 memwb=1 stall=1 flush=0
TRACE t=605000 pc=8000078c instr=00130313 idex=0 exmem=1 memwb=1 stall=0 flush=0
TRACE t=615000 pc=80000790 instr=0062a023 idex=1 exmem=0 memwb=1 stall=0 flush=0
TRACE t=625000 pc=80000794 instr=00008067 idex=1 exmem=1 memwb=0 stall=0 flush=0
STORE t=635000 addr=80100004 mask=2 data=00000002
TRACE t=635000 pc=80000798 instr=aaaab2b7 idex=1 exmem=1 memwb=1 stall=0 flush=1
TRACE t=655000 pc=800005bc instr=34c000ef idex=0 exmem=0 memwb=1 stall=0 flush=0
TRACE t=665000 pc=800005c0 instr=468000ef idex=1 exmem=0 memwb=0 stall=0 flush=1
TRACE t=685000 pc=80000908 instr=fff00293 idex=0 exmem=0 memwb=1 stall=0 flush=0
TRACE t=695000 pc=8000090c instr=00000313 idex=1 exmem=0 memwb=0 stall=0 flush=0
TRACE t=705000 pc=80000910 instr=0062a3b3 idex=1 exmem=1 memwb=0 stall=0 flush=0
TRACE t=715000 pc=80000914 instr=00100e13 idex=1 exmem=1 memwb=1 stall=0 flush=0
TRACE t=725000 pc=80000918 instr=05c39063 idex=1 exmem=1 memwb=1 stall=0 flush=0
TRACE t=735000 pc=8000091c instr=07b00293 idex=1 exmem=1 memwb=1 stall=0 flush=0
TRACE t=745000 pc=80000920 instr=07b00313 idex=1 exmem=1 memwb=1 stall=0 flush=0
TRACE t=755000 pc=80000924 instr=0062a3b3 idex=1 exmem=1 memwb=1 stall=0 flush=0
TRACE t=765000 pc=80000928 instr=02039863 idex=1 exmem=1 memwb=1 stall=0 flush=0
TRACE t=775000 pc=8000092c instr=800002b7 idex=1 exmem=1 memwb=1 stall=0 flush=0
TRACE t=785000 pc=80000930 instr=fff28293 idex=1 exmem=1 memwb=1 stall=0 flush=0
TRACE t=795000 pc=80000934 instr=fff00313 idex=1 exmem=1 memwb=1 stall=0 flush=0
TRACE t=805000 pc=80000938 instr=0062a3b3 idex=1 exmem=1 memwb=1 stall=0 flush=0
TRACE t=815000 pc=8000093c instr=00039e63 idex=1 exmem=1 memwb=1 stall=0 flush=0
TRACE t=825000 pc=80000940 instr=000ff297 idex=1 exmem=1 memwb=1 stall=0 flush=0
TRACE t=835000 pc=80000944 instr=6c028293 idex=1 exmem=1 memwb=1 stall=0 flush=0
TRACE t=845000 pc=80000948 instr=0002a303 idex=1 exmem=1 memwb=1 stall=0 flush=0
TRACE t=855000 pc=8000094c instr=00130313 idex=1 exmem=1 memwb=1 stall=1 flush=0
TRACE t=865000 pc=8000094c instr=00130313 idex=0 exmem=1 memwb=1 stall=0 flush=0
TRACE t=875000 pc=80000950 instr=0062a023 idex=1 exmem=0 memwb=1 stall=0 flush=0
TRACE t=885000 pc=80000954 instr=00008067 idex=1 exmem=1 memwb=0 stall=0 flush=0
STORE t=895000 addr=80100000 mask=2 data=00000001
TRACE t=895000 pc=80000958 instr=000ff297 idex=1 exmem=1 memwb=1 stall=0 flush=1
TRACE t=915000 pc=800005c0 instr=468000ef idex=0 exmem=0 memwb=1 stall=0 flush=0
TRACE t=925000 pc=800005c4 instr=294000ef idex=1 exmem=0 memwb=0 stall=0 flush=1
TRACE t=945000 pc=80000a28 instr=fff00293 idex=0 exmem=0 memwb=1 stall=0 flush=0
TRACE t=955000 pc=80000a2c instr=00000313 idex=1 exmem=0 memwb=0 stall=0 flush=0
TRACE t=965000 pc=80000a30 instr=0062b3b3 idex=1 exmem=1 memwb=0 stall=0 flush=0
TRACE t=975000 pc=80000a34 instr=02039863 idex=1 exmem=1 memwb=1 stall=0 flush=0
TRACE t=985000 pc=80000a38 instr=00000293 idex=1 exmem=1 memwb=1 stall=0 flush=0
TRACE t=995000 pc=80000a3c instr=00100313 idex=1 exmem=1 memwb=1 stall=0 flush=0
TRACE t=1005000 pc=80000a40 instr=0062b3b3 idex=1 exmem=1 memwb=1 stall=0 flush=0
TRACE t=1015000 pc=80000a44 instr=00100e13 idex=1 exmem=1 memwb=1 stall=0 flush=0
TRACE t=1025000 pc=80000a48 instr=01c39e63 idex=1 exmem=1 memwb=1 stall=0 flush=0
TRACE t=1035000 pc=80000a4c instr=000ff297 idex=1 exmem=1 memwb=1 stall=0 flush=0
TRACE t=1045000 pc=80000a50 instr=5b428293 idex=1 exmem=1 memwb=1 stall=0 flush=0
TRACE t=1055000 pc=80000a54 instr=0002a303 idex=1 exmem=1 memwb=1 stall=0 flush=0
TRACE t=1065000 pc=80000a58 instr=00130313 idex=1 exmem=1 memwb=1 stall=1 flush=0
TRACE t=1075000 pc=80000a58 instr=00130313 idex=0 exmem=1 memwb=1 stall=0 flush=0
TRACE t=1085000 pc=80000a5c instr=0062a023 idex=1 exmem=0 memwb=1 stall=0 flush=0
TRACE t=1095000 pc=80000a60 instr=00008067 idex=1 exmem=1 memwb=0 stall=0 flush=0
STORE t=1105000 addr=80100000 mask=2 data=00000002
TRACE t=1105000 pc=80000a64 instr=000ff297 idex=1 exmem=1 memwb=1 stall=0 flush=1
TRACE t=1125000 pc=800005c4 instr=294000ef idex=0 exmem=0 memwb=1 stall=0 flush=0
TRACE t=1135000 pc=800005c8 instr=1d0000ef idex=1 exmem=0 memwb=0 stall=0 flush=1
TRACE t=1155000 pc=80000858 instr=aaaab2b7 idex=0 exmem=0 memwb=1 stall=0 flush=0
TRACE t=1165000 pc=8000085c instr=aaa28293 idex=1 exmem=0 memwb=0 stall=0 flush=0
TRACE t=1175000 pc=80000860 instr=55555337 idex=1 exmem=1 memwb=0 stall=0 flush=0
TRACE t=1185000 pc=80000864 instr=55530313 idex=1 exmem=1 memwb=1 stall=0 flush=0
TRACE t=1195000 pc=80000868 instr=0062e3b3 idex=1 exmem=1 memwb=1 stall=0 flush=0
TRACE t=1205000 pc=8000086c instr=fff00e13 idex=1 exmem=1 memwb=1 stall=0 flush=0
TRACE t=1215000 pc=80000870 instr=03c39663 idex=1 exmem=1 memwb=1 stall=0 flush=0
TRACE t=1225000 pc=80000874 instr=00000293 idex=1 exmem=1 memwb=1 stall=0 flush=1
TRACE t=1245000 pc=8000089c instr=000ff297 idex=0 exmem=0 memwb=1 stall=0 flush=0
TRACE t=1255000 pc=800008a0 instr=76828293 idex=1 exmem=0 memwb=0 stall=0 flush=0
TRACE t=1265000 pc=800008a4 instr=0002a303 idex=1 exmem=1 memwb=0 stall=0 flush=0
TRACE t=1275000 pc=800008a8 instr=00130313 idex=1 exmem=1 memwb=1 stall=1 flush=0
TRACE t=1285000 pc=800008a8 instr=00130313 idex=0 exmem=1 memwb=1 stall=0 flush=0
TRACE t=1295000 pc=800008ac instr=0062a023 idex=1 exmem=0 memwb=1 stall=0 flush=0
TRACE t=1305000 pc=800008b0 instr=00008067 idex=1 exmem=1 memwb=0 stall=0 flush=0
STORE t=1315000 addr=80100004 mask=2 data=00000003
TRACE t=1315000 pc=800008b4 instr=00000293 idex=1 exmem=1 memwb=1 stall=0 flush=1
TRACE t=1335000 pc=800005c8 instr=1d0000ef idex=0 exmem=0 memwb=1 stall=0 flush=0
TRACE t=1345000 pc=800005cc instr=4b0000ef idex=1 exmem=0 memwb=0 stall=0 flush=1
TRACE t=1365000 pc=80000798 instr=aaaab2b7 idex=0 exmem=0 memwb=1 stall=0 flush=0
TRACE t=1375000 pc=8000079c instr=aaa28293 idex=1 exmem=0 memwb=0 stall=0 flush=0
TRACE t=1385000 pc=800007a0 instr=55555337 idex=1 exmem=1 memwb=0 stall=0 flush=0
TRACE t=1395000 pc=800007a4 instr=55530313 idex=1 exmem=1 memwb=1 stall=0 flush=0
TRACE t=1405000 pc=800007a8 instr=0062f3b3 idex=1 exmem=1 memwb=1 stall=0 flush=0
TRACE t=1415000 pc=800007ac instr=04039063 idex=1 exmem=1 memwb=1 stall=0 flush=0
TRACE t=1425000 pc=800007b0 instr=fff00293 idex=1 exmem=1 memwb=1 stall=0 flush=1
TRACE t=1445000 pc=800007ec instr=00100297 idex=0 exmem=0 memwb=1 stall=0 flush=0
TRACE t=1455000 pc=800007f0 instr=81828293 idex=1 exmem=0 memwb=0 stall=0 flush=0
TRACE t=1465000 pc=800007f4 instr=0002a303 idex=1 exmem=1 memwb=0 stall=0 flush=0
TRACE t=1475000 pc=800007f8 instr=00130313 idex=1 exmem=1 memwb=1 stall=1 flush=0
TRACE t=1485000 pc=800007f8 instr=00130313 idex=0 exmem=1 memwb=1 stall=0 flush=0
TRACE t=1495000 pc=800007fc instr=0062a023 idex=1 exmem=0 memwb=1 stall=0 flush=0
TRACE t=1505000 pc=80000800 instr=00008067 idex=1 exmem=1 memwb=0 stall=0 flush=0
STORE t=1515000 addr=80100004 mask=2 data=00000004
TRACE t=1515000 pc=80000804 instr=fff00293 idex=1 exmem=1 memwb=1 stall=0 flush=1
TRACE t=1535000 pc=800005cc instr=4b0000ef idex=0 exmem=0 memwb=1 stall=0 flush=0
TRACE t=1545000 pc=800005d0 instr=55c000ef idex=1 exmem=0 memwb=0 stall=0 flush=1
TRACE t=1565000 pc=80000a7c instr=ffff02b7 idex=0 exmem=0 memwb=1 stall=0 flush=0
TRACE t=1575000 pc=80000a80 instr=00010337 idex=1 exmem=0 memwb=0 stall=0 flush=0
TRACE t=1585000 pc=80000a84 instr=fff30313 idex=1 exmem=1 memwb=0 stall=0 flush=0
TRACE t=1595000 pc=80000a88 instr=0062c3b3 idex=1 exmem=1 memwb=1 stall=0 flush=0
TRACE t=1605000 pc=80000a8c instr=fff00e13 idex=1 exmem=1 memwb=1 stall=0 flush=0
TRACE t=1615000 pc=80000a90 instr=03c39663 idex=1 exmem=1 memwb=1 stall=0 flush=0
TRACE t=1625000 pc=80000a94 instr=aaaab2b7 idex=1 exmem=1 memwb=1 stall=0 flush=1
TRACE t=1645000 pc=80000abc instr=000ff297 idex=0 exmem=0 memwb=1 stall=0 flush=0
TRACE t=1655000 pc=80000ac0 instr=54828293 idex=1 exmem=0 memwb=0 stall=0 flush=0
TRACE t=1665000 pc=80000ac4 instr=0002a303 idex=1 exmem=1 memwb=0 stall=0 flush=0
TRACE t=1675000 pc=80000ac8 instr=00130313 idex=1 exmem=1 memwb=1 stall=1 flush=0
TRACE t=1685000 pc=80000ac8 instr=00130313 idex=0 exmem=1 memwb=1 stall=0 flush=0
TRACE t=1695000 pc=80000acc instr=0062a023 idex=1 exmem=0 memwb=1 stall=0 flush=0
TRACE t=1705000 pc=80000ad0 instr=00008067 idex=1 exmem=1 memwb=0 stall=0 flush=0
STORE t=1715000 addr=80100004 mask=2 data=00000005
TRACE t=1715000 pc=80000ad4 instr=0000b2b7 idex=1 exmem=1 memwb=1 stall=0 flush=1
TRACE t=1735000 pc=800005d0 instr=55c000ef idex=0 exmem=0 memwb=1 stall=0 flush=0
TRACE t=1745000 pc=800005d4 instr=600000ef idex=1 exmem=0 memwb=0 stall=0 flush=1
TRACE t=1765000 pc=80000b2c instr=00100293 idex=0 exmem=0 memwb=1 stall=0 flush=0
TRACE t=1775000 pc=80000b30 instr=00300313 idex=1 exmem=0 memwb=0 stall=0 flush=0
TRACE t=1785000 pc=80000b34 instr=006293b3 idex=1 exmem=1 memwb=0 stall=0 flush=0
TRACE t=1795000 pc=80000b38 instr=00800e13 idex=1 exmem=1 memwb=1 stall=0 flush=0
TRACE t=1805000 pc=80000b3c instr=03c39863 idex=1 exmem=1 memwb=1 stall=0 flush=0
TRACE t=1815000 pc=80000b40 instr=00100293 idex=1 exmem=1 memwb=1 stall=0 flush=0
TRACE t=1825000 pc=80000b44 instr=01f00313 idex=1 exmem=1 memwb=1 stall=0 flush=0
TRACE t=1835000 pc=80000b48 instr=006293b3 idex=1 exmem=1 memwb=1 stall=0 flush=0
TRACE t=1845000 pc=80000b4c instr=80000e37 idex=1 exmem=1 memwb=1 stall=0 flush=0
TRACE t=1855000 pc=80000b50 instr=01c39e63 idex=1 exmem=1 memwb=1 stall=0 flush=0
TRACE t=1865000 pc=80000b54 instr=000ff297 idex=1 exmem=1 memwb=1 stall=0 flush=0
TRACE t=1875000 pc=80000b58 instr=4ac28293 idex=1 exmem=1 memwb=1 stall=0 flush=0
TRACE t=1885000 pc=80000b5c instr=0002a303 idex=1 exmem=1 memwb=1 stall=0 flush=0
TRACE t=1895000 pc=80000b60 instr=00130313 idex=1 exmem=1 memwb=1 stall=1 flush=0
TRACE t=1905000 pc=80000b60 instr=00130313 idex=0 exmem=1 memwb=1 stall=0 flush=0
TRACE t=1915000 pc=80000b64 instr=0062a023 idex=1 exmem=0 memwb=1 stall=0 flush=0
TRACE t=1925000 pc=80000b68 instr=00008067 idex=1 exmem=1 memwb=0 stall=0 flush=0
STORE t=1935000 addr=80100000 mask=2 data=00000003
TRACE t=1935000 pc=80000b6c instr=000ff297 idex=1 exmem=1 memwb=1 stall=0 flush=1
TRACE t=1955000 pc=800005d4 instr=600000ef idex=0 exmem=0 memwb=1 stall=0 flush=0
TRACE t=1965000 pc=800005d8 instr=6ac000ef idex=1 exmem=0 memwb=0 stall=0 flush=1
TRACE t=1985000 pc=80000bd4 instr=800002b7 idex=0 exmem=0 memwb=1 stall=0 flush=0
TRACE t=1995000 pc=80000bd8 instr=01f00313 idex=1 exmem=0 memwb=0 stall=0 flush=0
TRACE t=2005000 pc=80000bdc instr=0062d3b3 idex=1 exmem=1 memwb=0 stall=0 flush=0
TRACE t=2015000 pc=80000be0 instr=00100e13 idex=1 exmem=1 memwb=1 stall=0 flush=0
TRACE t=2025000 pc=80000be4 instr=03c39a63 idex=1 exmem=1 memwb=1 stall=0 flush=0
TRACE t=2035000 pc=80000be8 instr=fff00293 idex=1 exmem=1 memwb=1 stall=0 flush=0
TRACE t=2045000 pc=80000bec instr=00400313 idex=1 exmem=1 memwb=1 stall=0 flush=0
TRACE t=2055000 pc=80000bf0 instr=0062d3b3 idex=1 exmem=1 memwb=1 stall=0 flush=0
TRACE t=2065000 pc=80000bf4 instr=10000e37 idex=1 exmem=1 memwb=1 stall=0 flush=0
TRACE t=2075000 pc=80000bf8 instr=fffe0e13 idex=1 exmem=1 memwb=1 stall=0 flush=0
TRACE t=2085000 pc=80000bfc instr=01c39e63 idex=1 exmem=1 memwb=1 stall=0 flush=0
TRACE t=2095000 pc=80000c00 instr=000ff297 idex=1 exmem=1 memwb=1 stall=0 flush=1
TRACE t=2115000 pc=80000c18 instr=000ff297 idex=0 exmem=0 memwb=1 stall=0 flush=0
TRACE t=2125000 pc=80000c1c instr=3ec28293 idex=1 exmem=0 memwb=0 stall=0 flush=0
TRACE t=2135000 pc=80000c20 instr=0002a303 idex=1 exmem=1 memwb=0 stall=0 flush=0
TRACE t=2145000 pc=80000c24 instr=00130313 idex=1 exmem=1 memwb=1 stall=1 flush=0
TRACE t=2155000 pc=80000c24 instr=00130313 idex=0 exmem=1 memwb=1 stall=0 flush=0
TRACE t=2165000 pc=80000c28 instr=0062a023 idex=1 exmem=0 memwb=1 stall=0 flush=0
TRACE t=2175000 pc=80000c2c instr=00008067 idex=1 exmem=1 memwb=0 stall=0 flush=0
STORE t=2185000 addr=80100004 mask=2 data=00000006
TRACE t=2185000 pc=80000c30 instr=800002b7 idex=1 exmem=1 memwb=1 stall=0 flush=1
TRACE t=2205000 pc=800005d8 instr=6ac000ef idex=0 exmem=0 memwb=1 stall=0 flush=0
TRACE t=2215000 pc=800005dc instr=764000ef idex=1 exmem=0 memwb=0 stall=0 flush=1
TRACE t=2235000 pc=80000c84 instr=fff00293 idex=0 exmem=0 memwb=1 stall=0 flush=0
TRACE t=2245000 pc=80000c88 instr=01f00313 idex=1 exmem=0 memwb=0 stall=0 flush=0
TRACE t=2255000 pc=80000c8c instr=4062d3b3 idex=1 exmem=1 memwb=0 stall=0 flush=0
TRACE t=2265000 pc=80000c90 instr=fff00e13 idex=1 exmem=1 memwb=1 stall=0 flush=0
TRACE t=2275000 pc=80000c94 instr=05c39263 idex=1 exmem=1 memwb=1 stall=0 flush=0
TRACE t=2285000 pc=80000c98 instr=800002b7 idex=1 exmem=1 memwb=1 stall=0 flush=0
TRACE t=2295000 pc=80000c9c instr=01f00313 idex=1 exmem=1 memwb=1 stall=0 flush=0
TRACE t=2305000 pc=80000ca0 instr=4062d3b3 idex=1 exmem=1 memwb=1 stall=0 flush=0
TRACE t=2315000 pc=80000ca4 instr=fff00e13 idex=1 exmem=1 memwb=1 stall=0 flush=0
TRACE t=2325000 pc=80000ca8 instr=03c39863 idex=1 exmem=1 memwb=1 stall=0 flush=0
TRACE t=2335000 pc=80000cac instr=010002b7 idex=1 exmem=1 memwb=1 stall=0 flush=0
TRACE t=2345000 pc=80000cb0 instr=00400313 idex=1 exmem=1 memwb=1 stall=0 flush=0
TRACE t=2355000 pc=80000cb4 instr=4062d3b3 idex=1 exmem=1 memwb=1 stall=0 flush=0
TRACE t=2365000 pc=80000cb8 instr=00100e37 idex=1 exmem=1 memwb=1 stall=0 flush=0
TRACE t=2375000 pc=80000cbc instr=01c39e63 idex=1 exmem=1 memwb=1 stall=0 flush=0
TRACE t=2385000 pc=80000cc0 instr=000ff297 idex=1 exmem=1 memwb=1 stall=0 flush=0
TRACE t=2395000 pc=80000cc4 instr=34028293 idex=1 exmem=1 memwb=1 stall=0 flush=0
TRACE t=2405000 pc=80000cc8 instr=0002a303 idex=1 exmem=1 memwb=1 stall=0 flush=0
TRACE t=2415000 pc=80000ccc instr=00130313 idex=1 exmem=1 memwb=1 stall=1 flush=0
TRACE t=2425000 pc=80000ccc instr=00130313 idex=0 exmem=1 memwb=1 stall=0 flush=0
TRACE t=2435000 pc=80000cd0 instr=0062a023 idex=1 exmem=0 memwb=1 stall=0 flush=0
TRACE t=2445000 pc=80000cd4 instr=00008067 idex=1 exmem=1 memwb=0 stall=0 flush=0
STORE t=2455000 addr=80100000 mask=2 data=00000004
TRACE t=2455000 pc=80000cd8 instr=000ff297 idex=1 exmem=1 memwb=1 stall=0 flush=1
TRACE t=2475000 pc=800005dc instr=764000ef idex=0 exmem=0 memwb=1 stall=0 flush=0
TRACE t=2485000 pc=800005e0 instr=79c000ef idex=1 exmem=0 memwb=0 stall=0 flush=1
TRACE t=2505000 pc=80000d40 instr=123452b7 idex=0 exmem=0 memwb=1 stall=0 flush=0
TRACE t=2515000 pc=80000d44 instr=12345337 idex=1 exmem=0 memwb=0 stall=0 flush=0
TRACE t=2525000 pc=80000d48 instr=00629e63 idex=1 exmem=1 memwb=0 stall=0 flush=0
TRACE t=2535000 pc=80000d4c instr=000ff297 idex=1 exmem=1 memwb=1 stall=0 flush=0
TRACE t=2545000 pc=80000d50 instr=2b428293 idex=1 exmem=1 memwb=1 stall=0 flush=0
TRACE t=2555000 pc=80000d54 instr=0002a303 idex=1 exmem=1 memwb=1 stall=0 flush=0
TRACE t=2565000 pc=80000d58 instr=00130313 idex=1 exmem=1 memwb=1 stall=1 flush=0
TRACE t=2575000 pc=80000d58 instr=00130313 idex=0 exmem=1 memwb=1 stall=0 flush=0
TRACE t=2585000 pc=80000d5c instr=0062a023 idex=1 exmem=0 memwb=1 stall=0 flush=0
TRACE t=2595000 pc=80000d60 instr=00008067 idex=1 exmem=1 memwb=0 stall=0 flush=0
STORE t=2605000 addr=80100000 mask=2 data=00000005
TRACE t=2605000 pc=80000d64 instr=000ff297 idex=1 exmem=1 memwb=1 stall=0 flush=1
TRACE t=2625000 pc=800005e0 instr=79c000ef idex=0 exmem=0 memwb=1 stall=0 flush=0
TRACE t=2635000 pc=800005e4 instr=38c000ef idex=1 exmem=0 memwb=0 stall=0 flush=1
TRACE t=2655000 pc=80000d7c instr=00000297 idex=0 exmem=0 memwb=1 stall=0 flush=0
TRACE t=2665000 pc=80000d80 instr=00028293 idex=1 exmem=0 memwb=0 stall=0 flush=0
TRACE t=2675000 pc=80000d84 instr=00000013 idex=1 exmem=1 memwb=0 stall=0 flush=0
TRACE t=2685000 pc=80000d88 instr=00000013 idex=1 exmem=1 memwb=1 stall=0 flush=0
TRACE t=2695000 pc=80000d8c instr=00000317 idex=1 exmem=1 memwb=1 stall=0 flush=0
TRACE t=2705000 pc=80000d90 instr=ff030313 idex=1 exmem=1 memwb=1 stall=0 flush=0
TRACE t=2715000 pc=80000d94 instr=00629e63 idex=1 exmem=1 memwb=1 stall=0 flush=0
TRACE t=2725000 pc=80000d98 instr=000ff297 idex=1 exmem=1 memwb=1 stall=0 flush=0
TRACE t=2735000 pc=80000d9c instr=26828293 idex=1 exmem=1 memwb=1 stall=0 flush=0
TRACE t=2745000 pc=80000da0 instr=0002a303 idex=1 exmem=1 memwb=1 stall=0 flush=0
TRACE t=2755000 pc=80000da4 instr=00130313 idex=1 exmem=1 memwb=1 stall=1 flush=0
TRACE t=2765000 pc=80000da4 instr=00130313 idex=0 exmem=1 memwb=1 stall=0 flush=0
TRACE t=2775000 pc=80000da8 instr=0062a023 idex=1 exmem=0 memwb=1 stall=0 flush=0
TRACE t=2785000 pc=80000dac instr=00008067 idex=1 exmem=1 memwb=0 stall=0 flush=0
STORE t=2795000 addr=80100000 mask=2 data=00000006
TRACE t=2795000 pc=80000db0 instr=000ff297 idex=1 exmem=1 memwb=1 stall=0 flush=1
TRACE t=2815000 pc=800005e4 instr=38c000ef idex=0 exmem=0 memwb=1 stall=0 flush=0
TRACE t=2825000 pc=800005e8 instr=108000ef idex=1 exmem=0 memwb=0 stall=0 flush=1
TRACE t=2845000 pc=80000970 instr=fff00293 idex=0 exmem=0 memwb=1 stall=0 flush=0
TRACE t=2855000 pc=80000974 instr=0002a313 idex=1 exmem=0 memwb=0 stall=0 flush=0
TRACE t=2865000 pc=80000978 instr=00100393 idex=1 exmem=1 memwb=0 stall=0 flush=0
TRACE t=2875000 pc=8000097c instr=04731663 idex=1 exmem=1 memwb=1 stall=0 flush=0
TRACE t=2885000 pc=80000980 instr=00500293 idex=1 exmem=1 memwb=1 stall=0 flush=0
TRACE t=2895000 pc=80000984 instr=00a2a313 idex=1 exmem=1 memwb=1 stall=0 flush=0
TRACE t=2905000 pc=80000988 instr=00100393 idex=1 exmem=1 memwb=1 stall=0 flush=0
TRACE t=2915000 pc=8000098c instr=02731e63 idex=1 exmem=1 memwb=1 stall=0 flush=0
TRACE t=2925000 pc=80000990 instr=00500293 idex=1 exmem=1 memwb=1 stall=0 flush=0
TRACE t=2935000 pc=80000994 instr=0052a313 idex=1 exmem=1 memwb=1 stall=0 flush=0
TRACE t=2945000 pc=80000998 instr=00000393 idex=1 exmem=1 memwb=1 stall=0 flush=0
TRACE t=2955000 pc=8000099c instr=02731663 idex=1 exmem=1 memwb=1 stall=0 flush=0
TRACE t=2965000 pc=800009a0 instr=00a00293 idex=1 exmem=1 memwb=1 stall=0 flush=0
TRACE t=2975000 pc=800009a4 instr=0052a313 idex=1 exmem=1 memwb=1 stall=0 flush=0
TRACE t=2985000 pc=800009a8 instr=00000393 idex=1 exmem=1 memwb=1 stall=0 flush=0
TRACE t=2995000 pc=800009ac instr=00731e63 idex=1 exmem=1 memwb=1 stall=0 flush=0
TRACE t=3005000 pc=800009b0 instr=000ff297 idex=1 exmem=1 memwb=1 stall=0 flush=0
TRACE t=3015000 pc=800009b4 instr=65028293 idex=1 exmem=1 memwb=1 stall=0 flush=0
TRACE t=3025000 pc=800009b8 instr=0002a303 idex=1 exmem=1 memwb=1 stall=0 flush=0
TRACE t=3035000 pc=800009bc instr=00130313 idex=1 exmem=1 memwb=1 stall=1 flush=0
TRACE t=3045000 pc=800009bc instr=00130313 idex=0 exmem=1 memwb=1 stall=0 flush=0
TRACE t=3055000 pc=800009c0 instr=0062a023 idex=1 exmem=0 memwb=1 stall=0 flush=0
TRACE t=3065000 pc=800009c4 instr=00008067 idex=1 exmem=1 memwb=0 stall=0 flush=0
STORE t=3075000 addr=80100000 mask=2 data=00000007
TRACE t=3075000 pc=800009c8 instr=000ff297 idex=1 exmem=1 memwb=1 stall=0 flush=1
TRACE t=3095000 pc=800005e8 instr=108000ef idex=0 exmem=0 memwb=1 stall=0 flush=0
TRACE t=3105000 pc=800005ec instr=218000ef idex=1 exmem=0 memwb=0 stall=0 flush=1
TRACE t=3125000 pc=800006f0 instr=00000293 idex=0 exmem=0 memwb=1 stall=0 flush=0
TRACE t=3135000 pc=800006f4 instr=07b28313 idex=1 exmem=0 memwb=0 stall=0 flush=0
TRACE t=3145000 pc=800006f8 instr=07b00393 idex=1 exmem=1 memwb=0 stall=0 flush=0
TRACE t=3155000 pc=800006fc instr=02731463 idex=1 exmem=1 memwb=1 stall=0 flush=0
TRACE t=3165000 pc=80000700 instr=fff00293 idex=1 exmem=1 memwb=1 stall=0 flush=0
TRACE t=3175000 pc=80000704 instr=00128313 idex=1 exmem=1 memwb=1 stall=0 flush=0
TRACE t=3185000 pc=80000708 instr=00031e63 idex=1 exmem=1 memwb=1 stall=0 flush=0
TRACE t=3195000 pc=8000070c instr=00100297 idex=1 exmem=1 memwb=1 stall=0 flush=0
TRACE t=3205000 pc=80000710 instr=8f428293 idex=1 exmem=1 memwb=1 stall=0 flush=0
TRACE t=3215000 pc=80000714 instr=0002a303 idex=1 exmem=1 memwb=1 stall=0 flush=0
TRACE t=3225000 pc=80000718 instr=00130313 idex=1 exmem=1 memwb=1 stall=1 flush=0
TRACE t=3235000 pc=80000718 instr=00130313 idex=0 exmem=1 memwb=1 stall=0 flush=0
TRACE t=3245000 pc=8000071c instr=0062a023 idex=1 exmem=0 memwb=1 stall=0 flush=0
TRACE t=3255000 pc=80000720 instr=00008067 idex=1 exmem=1 memwb=0 stall=0 flush=0
STORE t=3265000 addr=80100000 mask=2 data=00000008
TRACE t=3265000 pc=80000724 instr=00100297 idex=1 exmem=1 memwb=1 stall=0 flush=1
TRACE t=3285000 pc=800005ec instr=218000ef idex=0 exmem=0 memwb=1 stall=0 flush=0
TRACE t=3295000 pc=800005f0 instr=2c4000ef idex=1 exmem=0 memwb=0 stall=0 flush=1
TRACE t=3315000 pc=80000804 instr=fff00293 idex=0 exmem=0 memwb=1 stall=0 flush=0
TRACE t=3325000 pc=80000808 instr=70f2f313 idex=1 exmem=0 memwb=0 stall=0 flush=0
TRACE t=3335000 pc=8000080c instr=70f00393 idex=1 exmem=1 memwb=0 stall=0 flush=0
TRACE t=3345000 pc=80000810 instr=02731863 idex=1 exmem=1 memwb=1 stall=0 flush=0
TRACE t=3355000 pc=80000814 instr=1234b2b7 idex=1 exmem=1 memwb=1 stall=0 flush=0
TRACE t=3365000 pc=80000818 instr=bcd28293 idex=1 exmem=1 memwb=1 stall=0 flush=0
TRACE t=3375000 pc=8000081c instr=5cb2f313 idex=1 exmem=1 memwb=1 stall=0 flush=0
TRACE t=3385000 pc=80000820 instr=1c900393 idex=1 exmem=1 memwb=1 stall=0 flush=0
TRACE t=3395000 pc=80000824 instr=00731e63 idex=1 exmem=1 memwb=1 stall=0 flush=0
TRACE t=3405000 pc=80000828 instr=000ff297 idex=1 exmem=1 memwb=1 stall=0 flush=0
TRACE t=3415000 pc=8000082c instr=7d828293 idex=1 exmem=1 memwb=1 stall=0 flush=0
TRACE t=3425000 pc=80000830 instr=0002a303 idex=1 exmem=1 memwb=1 stall=0 flush=0
TRACE t=3435000 pc=80000834 instr=00130313 idex=1 exmem=1 memwb=1 stall=1 flush=0
TRACE t=3445000 pc=80000834 instr=00130313 idex=0 exmem=1 memwb=1 stall=0 flush=0
TRACE t=3455000 pc=80000838 instr=0062a023 idex=1 exmem=0 memwb=1 stall=0 flush=0
TRACE t=3465000 pc=8000083c instr=00008067 idex=1 exmem=1 memwb=0 stall=0 flush=0
STORE t=3475000 addr=80100000 mask=2 data=00000009
TRACE t=3475000 pc=80000840 instr=000ff297 idex=1 exmem=1 memwb=1 stall=0 flush=1
TRACE t=3495000 pc=800005f0 instr=2c4000ef idex=0 exmem=0 memwb=1 stall=0 flush=0
TRACE t=3505000 pc=800005f4 instr=3e8000ef idex=1 exmem=0 memwb=0 stall=0 flush=1
TRACE t=3525000 pc=800008b4 instr=00000293 idex=0 exmem=0 memwb=1 stall=0 flush=0
TRACE t=3535000 pc=800008b8 instr=7f02e313 idex=1 exmem=0 memwb=0 stall=0 flush=0
TRACE t=3545000 pc=800008bc instr=7f000393 idex=1 exmem=1 memwb=0 stall=0 flush=0
TRACE t=3555000 pc=800008c0 instr=02731863 idex=1 exmem=1 memwb=1 stall=0 flush=0
TRACE t=3565000 pc=800008c4 instr=aaaa02b7 idex=1 exmem=1 memwb=1 stall=0 flush=0
TRACE t=3575000 pc=800008c8 instr=7ff2e313 idex=1 exmem=1 memwb=1 stall=0 flush=0
TRACE t=3585000 pc=800008cc instr=aaaa03b7 idex=1 exmem=1 memwb=1 stall=0 flush=0
TRACE t=3595000 pc=800008d0 instr=7ff38393 idex=1 exmem=1 memwb=1 stall=0 flush=0
TRACE t=3605000 pc=800008d4 instr=00731e63 idex=1 exmem=1 memwb=1 stall=0 flush=0
TRACE t=3615000 pc=800008d8 instr=000ff297 idex=1 exmem=1 memwb=1 stall=0 flush=1
TRACE t=3635000 pc=800008f0 instr=000ff297 idex=0 exmem=0 memwb=1 stall=0 flush=0
TRACE t=3645000 pc=800008f4 instr=71428293 idex=1 exmem=0 memwb=0 stall=0 flush=0
TRACE t=3655000 pc=800008f8 instr=0002a303 idex=1 exmem=1 memwb=0 stall=0 flush=0
TRACE t=3665000 pc=800008fc instr=00130313 idex=1 exmem=1 memwb=1 stall=1 flush=0
TRACE t=3675000 pc=800008fc instr=00130313 idex=0 exmem=1 memwb=1 stall=0 flush=0
TRACE t=3685000 pc=80000900 instr=0062a023 idex=1 exmem=0 memwb=1 stall=0 flush=0
TRACE t=3695000 pc=80000904 instr=00008067 idex=1 exmem=1 memwb=0 stall=0 flush=0
STORE t=3705000 addr=80100004 mask=2 data=00000007
TRACE t=3705000 pc=80000908 instr=fff00293 idex=1 exmem=1 memwb=1 stall=0 flush=1
TRACE t=3725000 pc=800005f4 instr=3e8000ef idex=0 exmem=0 memwb=1 stall=0 flush=0
TRACE t=3735000 pc=800005f8 instr=4dc000ef idex=1 exmem=0 memwb=0 stall=0 flush=1
TRACE t=3755000 pc=800009dc instr=00000293 idex=0 exmem=0 memwb=1 stall=0 flush=0
TRACE t=3765000 pc=800009e0 instr=0012b313 idex=1 exmem=0 memwb=0 stall=0 flush=0
TRACE t=3775000 pc=800009e4 instr=00100393 idex=1 exmem=1 memwb=0 stall=0 flush=0
TRACE t=3785000 pc=800009e8 instr=02731463 idex=1 exmem=1 memwb=1 stall=0 flush=0
TRACE t=3795000 pc=800009ec instr=fff00293 idex=1 exmem=1 memwb=1 stall=0 flush=0
TRACE t=3805000 pc=800009f0 instr=fff2b313 idex=1 exmem=1 memwb=1 stall=0 flush=0
TRACE t=3815000 pc=800009f4 instr=00031e63 idex=1 exmem=1 memwb=1 stall=0 flush=0
TRACE t=3825000 pc=800009f8 instr=000ff297 idex=1 exmem=1 memwb=1 stall=0 flush=0
TRACE t=3835000 pc=800009fc instr=60828293 idex=1 exmem=1 memwb=1 stall=0 flush=0
TRACE t=3845000 pc=80000a00 instr=0002a303 idex=1 exmem=1 memwb=1 stall=0 flush=0
TRACE t=3855000 pc=80000a04 instr=00130313 idex=1 exmem=1 memwb=1 stall=1 flush=0
TRACE t=3865000 pc=80000a04 instr=00130313 idex=0 exmem=1 memwb=1 stall=0 flush=0
TRACE t=3875000 pc=80000a08 instr=0062a023 idex=1 exmem=0 memwb=1 stall=0 flush=0
TRACE t=3885000 pc=80000a0c instr=00008067 idex=1 exmem=1 memwb=0 stall=0 flush=0
STORE t=3895000 addr=80100000 mask=2 data=0000000a
TRACE t=3895000 pc=80000a10 instr=000ff297 idex=1 exmem=1 memwb=1 stall=0 flush=1
TRACE t=3915000 pc=800005f8 instr=4dc000ef idex=0 exmem=0 memwb=1 stall=0 flush=0
TRACE t=3925000 pc=800005fc instr=588000ef idex=1 exmem=0 memwb=0 stall=0 flush=1
TRACE t=3945000 pc=80000ad4 instr=0000b2b7 idex=0 exmem=0 memwb=1 stall=0 flush=0
TRACE t=3955000 pc=80000ad8 instr=aaa28293 idex=1 exmem=0 memwb=0 stall=0 flush=0
TRACE t=3965000 pc=80000adc instr=5552c313 idex=1 exmem=1 memwb=0 stall=0 flush=0
TRACE t=3975000 pc=80000ae0 instr=0000b3b7 idex=1 exmem=1 memwb=1 stall=0 flush=0
TRACE t=3985000 pc=80000ae4 instr=fff38393 idex=1 exmem=1 memwb=1 stall=0 flush=0
TRACE t=3995000 pc=80000ae8 instr=02731663 idex=1 exmem=1 memwb=1 stall=0 flush=0
TRACE t=4005000 pc=80000aec instr=00400293 idex=1 exmem=1 memwb=1 stall=0 flush=1
TRACE t=4025000 pc=80000b14 instr=000ff297 idex=0 exmem=0 memwb=1 stall=0 flush=0
TRACE t=4035000 pc=80000b18 instr=4f028293 idex=1 exmem=0 memwb=0 stall=0 flush=0
TRACE t=4045000 pc=80000b1c instr=0002a303 idex=1 exmem=1 memwb=0 stall=0 flush=0
TRACE t=4055000 pc=80000b20 instr=00130313 idex=1 exmem=1 memwb=1 stall=1 flush=0
TRACE t=4065000 pc=80000b20 instr=00130313 idex=0 exmem=1 memwb=1 stall=0 flush=0
TRACE t=4075000 pc=80000b24 instr=0062a023 idex=1 exmem=0 memwb=1 stall=0 flush=0
TRACE t=4085000 pc=80000b28 instr=00008067 idex=1 exmem=1 memwb=0 stall=0 flush=0
STORE t=4095000 addr=80100004 mask=2 data=00000008
TRACE t=4095000 pc=80000b2c instr=00100293 idex=1 exmem=1 memwb=1 stall=0 flush=1
TRACE t=4115000 pc=800005fc instr=588000ef idex=0 exmem=0 memwb=1 stall=0 flush=0
TRACE t=4125000 pc=80000600 instr=630000ef idex=1 exmem=0 memwb=0 stall=0 flush=1
TRACE t=4145000 pc=80000b84 instr=00100293 idex=0 exmem=0 memwb=1 stall=0 flush=0
TRACE t=4155000 pc=80000b88 instr=00429313 idex=1 exmem=0 memwb=0 stall=0 flush=0
TRACE t=4165000 pc=80000b8c instr=01000393 idex=1 exmem=1 memwb=0 stall=0 flush=0
TRACE t=4175000 pc=80000b90 instr=02731663 idex=1 exmem=1 memwb=1 stall=0 flush=0
TRACE t=4185000 pc=80000b94 instr=00100293 idex=1 exmem=1 memwb=1 stall=0 flush=0
TRACE t=4195000 pc=80000b98 instr=01f29313 idex=1 exmem=1 memwb=1 stall=0 flush=0
TRACE t=4205000 pc=80000b9c instr=800003b7 idex=1 exmem=1 memwb=1 stall=0 flush=0
TRACE t=4215000 pc=80000ba0 instr=00731e63 idex=1 exmem=1 memwb=1 stall=0 flush=0
TRACE t=4225000 pc=80000ba4 instr=000ff297 idex=1 exmem=1 memwb=1 stall=0 flush=0
TRACE t=4235000 pc=80000ba8 instr=45c28293 idex=1 exmem=1 memwb=1 stall=0 flush=0
TRACE t=4245000 pc=80000bac instr=0002a303 idex=1 exmem=1 memwb=1 stall=0 flush=0
TRACE t=4255000 pc=80000bb0 instr=00130313 idex=1 exmem=1 memwb=1 stall=1 flush=0
TRACE t=4265000 pc=80000bb0 instr=00130313 idex=0 exmem=1 memwb=1 stall=0 flush=0
TRACE t=4275000 pc=80000bb4 instr=0062a023 idex=1 exmem=0 memwb=1 stall=0 flush=0
TRACE t=4285000 pc=80000bb8 instr=00008067 idex=1 exmem=1 memwb=0 stall=0 flush=0
STORE t=4295000 addr=80100000 mask=2 data=0000000b
TRACE t=4295000 pc=80000bbc instr=000ff297 idex=1 exmem=1 memwb=1 stall=0 flush=1
TRACE t=4315000 pc=80000600 instr=630000ef idex=0 exmem=0 memwb=1 stall=0 flush=0
TRACE t=4325000 pc=80000604 instr=6ec000ef idex=1 exmem=0 memwb=0 stall=0 flush=1
TRACE t=4345000 pc=80000c30 instr=800002b7 idex=0 exmem=0 memwb=1 stall=0 flush=0
TRACE t=4355000 pc=80000c34 instr=01f2d313 idex=1 exmem=0 memwb=0 stall=0 flush=0
TRACE t=4365000 pc=80000c38 instr=00100393 idex=1 exmem=1 memwb=0 stall=0 flush=0
TRACE t=4375000 pc=80000c3c instr=02731863 idex=1 exmem=1 memwb=1 stall=0 flush=0
TRACE t=4385000 pc=80000c40 instr=fff00293 idex=1 exmem=1 memwb=1 stall=0 flush=0
TRACE t=4395000 pc=80000c44 instr=0042d313 idex=1 exmem=1 memwb=1 stall=0 flush=0
TRACE t=4405000 pc=80000c48 instr=100003b7 idex=1 exmem=1 memwb=1 stall=0 flush=0
TRACE t=4415000 pc=80000c4c instr=fff38393 idex=1 exmem=1 memwb=1 stall=0 flush=0
TRACE t=4425000 pc=80000c50 instr=00731e63 idex=1 exmem=1 memwb=1 stall=0 flush=0
TRACE t=4435000 pc=80000c54 instr=000ff297 idex=1 exmem=1 memwb=1 stall=0 flush=1
TRACE t=4455000 pc=80000c6c instr=000ff297 idex=0 exmem=0 memwb=1 stall=0 flush=0
TRACE t=4465000 pc=80000c70 instr=39828293 idex=1 exmem=0 memwb=0 stall=0 flush=0
TRACE t=4475000 pc=80000c74 instr=0002a303 idex=1 exmem=1 memwb=0 stall=0 flush=0
TRACE t=4485000 pc=80000c78 instr=00130313 idex=1 exmem=1 memwb=1 stall=1 flush=0
TRACE t=4495000 pc=80000c78 instr=00130313 idex=0 exmem=1 memwb=1 stall=0 flush=0
TRACE t=4505000 pc=80000c7c instr=0062a023 idex=1 exmem=0 memwb=1 stall=0 flush=0
TRACE t=4515000 pc=80000c80 instr=00008067 idex=1 exmem=1 memwb=0 stall=0 flush=0
STORE t=4525000 addr=80100004 mask=2 data=00000009
TRACE t=4525000 pc=80000c84 instr=fff00293 idex=1 exmem=1 memwb=1 stall=0 flush=1
TRACE t=4545000 pc=80000604 instr=6ec000ef idex=0 exmem=0 memwb=1 stall=0 flush=0
TRACE t=4555000 pc=80000608 instr=015000ef idex=1 exmem=0 memwb=0 stall=0 flush=1
TRACE t=4575000 pc=80000cf0 instr=fff00293 idex=0 exmem=0 memwb=1 stall=0 flush=0
TRACE t=4585000 pc=80000cf4 instr=41f2d313 idex=1 exmem=0 memwb=0 stall=0 flush=0
TRACE t=4595000 pc=80000cf8 instr=fff00393 idex=1 exmem=1 memwb=0 stall=0 flush=0
TRACE t=4605000 pc=80000cfc instr=02731663 idex=1 exmem=1 memwb=1 stall=0 flush=0
TRACE t=4615000 pc=80000d00 instr=800002b7 idex=1 exmem=1 memwb=1 stall=0 flush=0
TRACE t=4625000 pc=80000d04 instr=41f2d313 idex=1 exmem=1 memwb=1 stall=0 flush=0
TRACE t=4635000 pc=80000d08 instr=fff00393 idex=1 exmem=1 memwb=1 stall=0 flush=0
TRACE t=4645000 pc=80000d0c instr=00731e63 idex=1 exmem=1 memwb=1 stall=0 flush=0
TRACE t=4655000 pc=80000d10 instr=000ff297 idex=1 exmem=1 memwb=1 stall=0 flush=0
TRACE t=4665000 pc=80000d14 instr=2f028293 idex=1 exmem=1 memwb=1 stall=0 flush=0
TRACE t=4675000 pc=80000d18 instr=0002a303 idex=1 exmem=1 memwb=1 stall=0 flush=0
TRACE t=4685000 pc=80000d1c instr=00130313 idex=1 exmem=1 memwb=1 stall=1 flush=0
TRACE t=4695000 pc=80000d1c instr=00130313 idex=0 exmem=1 memwb=1 stall=0 flush=0
TRACE t=4705000 pc=80000d20 instr=0062a023 idex=1 exmem=0 memwb=1 stall=0 flush=0
TRACE t=4715000 pc=80000d24 instr=00008067 idex=1 exmem=1 memwb=0 stall=0 flush=0
STORE t=4725000 addr=80100000 mask=2 data=0000000c
TRACE t=4725000 pc=80000d28 instr=000ff297 idex=1 exmem=1 memwb=1 stall=0 flush=1
TRACE t=4745000 pc=80000608 instr=015000ef idex=0 exmem=0 memwb=1 stall=0 flush=0
TRACE t=4755000 pc=8000060c instr=7bc000ef idex=1 exmem=0 memwb=0 stall=0 flush=1
TRACE t=4775000 pc=80000e1c instr=00008413 idex=0 exmem=0 memwb=1 stall=0 flush=0
TRACE t=4785000 pc=80000e20 instr=010000ef idex=1 exmem=0 memwb=0 stall=0 flush=0
TRACE t=4795000 pc=80000e24 instr=00000297 idex=1 exmem=1 memwb=0 stall=0 flush=1
TRACE t=4815000 pc=80000e30 instr=00400313 idex=0 exmem=0 memwb=1 stall=0 flush=0
TRACE t=4825000 pc=80000e34 instr=00008067 idex=1 exmem=0 memwb=0 stall=0 flush=0
TRACE t=4835000 pc=80000e38 instr=000ff297 idex=1 exmem=1 memwb=0 stall=0 flush=1
TRACE t=4855000 pc=80000e24 instr=00000297 idex=0 exmem=0 memwb=1 stall=0 flush=0
TRACE t=4865000 pc=80000e28 instr=00509863 idex=1 exmem=0 memwb=0 stall=0 flush=0
TRACE t=4875000 pc=80000e2c instr=0280006f idex=1 exmem=1 memwb=0 stall=0 flush=0
TRACE t=4885000 pc=80000e30 instr=00400313 idex=1 exmem=1 memwb=1 stall=0 flush=1
TRACE t=4905000 pc=80000e54 instr=000ff297 idex=0 exmem=0 memwb=1 stall=0 flush=0
TRACE t=4915000 pc=80000e58 instr=1ac28293 idex=1 exmem=0 memwb=0 stall=0 flush=0
TRACE t=4925000 pc=80000e5c instr=0002a303 idex=1 exmem=1 memwb=0 stall=0 flush=0
TRACE t=4935000 pc=80000e60 instr=00130313 idex=1 exmem=1 memwb=1 stall=1 flush=0
TRACE t=4945000 pc=80000e60 instr=00130313 idex=0 exmem=1 memwb=1 stall=0 flush=0
TRACE t=4955000 pc=80000e64 instr=0062a023 idex=1 exmem=0 memwb=1 stall=0 flush=0
TRACE t=4965000 pc=80000e68 instr=00040093 idex=1 exmem=1 memwb=0 stall=0 flush=0
STORE t=4975000 addr=80100000 mask=2 data=0000000d
TRACE t=4975000 pc=80000e6c instr=00008067 idex=1 exmem=1 memwb=1 stall=0 flush=0
TRACE t=4985000 pc=80000e70 instr=000ff297 idex=1 exmem=1 memwb=1 stall=0 flush=1
TRACE t=5005000 pc=80000608 instr=015000ef idex=0 exmem=0 memwb=1 stall=0 flush=0
TRACE t=5015000 pc=8000060c instr=7bc000ef idex=1 exmem=0 memwb=0 stall=0 flush=1
TRACE t=5035000 pc=80000e1c instr=00008413 idex=0 exmem=0 memwb=1 stall=0 flush=0
TRACE t=5045000 pc=80000e20 instr=010000ef idex=1 exmem=0 memwb=0 stall=0 flush=0
TRACE t=5055000 pc=80000e24 instr=00000297 idex=1 exmem=1 memwb=0 stall=0 flush=1
TRACE t=5075000 pc=80000e30 instr=00400313 idex=0 exmem=0 memwb=1 stall=0 flush=0
TRACE t=5085000 pc=80000e34 instr=00008067 idex=1 exmem=0 memwb=0 stall=0 flush=0
TRACE t=5095000 pc=80000e38 instr=000ff297 idex=1 exmem=1 memwb=0 stall=0 flush=1
TRACE t=5115000 pc=80000e24 instr=00000297 idex=0 exmem=0 memwb=1 stall=0 flush=0
TRACE t=5125000 pc=80000e28 instr=00509863 idex=1 exmem=0 memwb=0 stall=0 flush=0
TRACE t=5135000 pc=80000e2c instr=0280006f idex=1 exmem=1 memwb=0 stall=0 flush=0
TRACE t=5145000 pc=80000e30 instr=00400313 idex=1 exmem=1 memwb=1 stall=0 flush=1
TRACE t=5165000 pc=80000e54 instr=000ff297 idex=0 exmem=0 memwb=1 stall=0 flush=0
TRACE t=5175000 pc=80000e58 instr=1ac28293 idex=1 exmem=0 memwb=0 stall=0 flush=0
TRACE t=5185000 pc=80000e5c instr=0002a303 idex=1 exmem=1 memwb=0 stall=0 flush=0
TRACE t=5195000 pc=80000e60 instr=00130313 idex=1 exmem=1 memwb=1 stall=1 flush=0
TRACE t=5205000 pc=80000e60 instr=00130313 idex=0 exmem=1 memwb=1 stall=0 flush=0
TRACE t=5215000 pc=80000e64 instr=0062a023 idex=1 exmem=0 memwb=1 stall=0 flush=0
TRACE t=5225000 pc=80000e68 instr=00040093 idex=1 exmem=1 memwb=0 stall=0 flush=0
STORE t=5235000 addr=80100000 mask=2 data=0000000e
TRACE t=5235000 pc=80000e6c instr=00008067 idex=1 exmem=1 memwb=1 stall=0 flush=0
TRACE t=5245000 pc=80000e70 instr=000ff297 idex=1 exmem=1 memwb=1 stall=0 flush=1
TRACE t=5265000 pc=80000608 instr=015000ef idex=0 exmem=0 memwb=1 stall=0 flush=0
TRACE t=5275000 pc=8000060c instr=7bc000ef idex=1 exmem=0 memwb=0 stall=0 flush=1
TRACE t=5295000 pc=80000e1c instr=00008413 idex=0 exmem=0 memwb=1 stall=0 flush=0
TRACE t=5305000 pc=80000e20 instr=010000ef idex=1 exmem=0 memwb=0 stall=0 flush=0
TRACE t=5315000 pc=80000e24 instr=00000297 idex=1 exmem=1 memwb=0 stall=0 flush=1
TRACE t=5335000 pc=80000e30 instr=00400313 idex=0 exmem=0 memwb=1 stall=0 flush=0
TRACE t=5345000 pc=80000e34 instr=00008067 idex=1 exmem=0 memwb=0 stall=0 flush=0
TRACE t=5355000 pc=80000e38 instr=000ff297 idex=1 exmem=1 memwb=0 stall=0 flush=1
TRACE t=5375000 pc=80000e24 instr=00000297 idex=0 exmem=0 memwb=1 stall=0 flush=0
TRACE t=5385000 pc=80000e28 instr=00509863 idex=1 exmem=0 memwb=0 stall=0 flush=0
TRACE t=5395000 pc=80000e2c instr=0280006f idex=1 exmem=1 memwb=0 stall=0 flush=0
TRACE t=5405000 pc=80000e30 instr=00400313 idex=1 exmem=1 memwb=1 stall=0 flush=1
TRACE t=5425000 pc=80000e54 instr=000ff297 idex=0 exmem=0 memwb=1 stall=0 flush=0
TRACE t=5435000 pc=80000e58 instr=1ac28293 idex=1 exmem=0 memwb=0 stall=0 flush=0
TRACE t=5445000 pc=80000e5c instr=0002a303 idex=1 exmem=1 memwb=0 stall=0 flush=0
TRACE t=5455000 pc=80000e60 instr=00130313 idex=1 exmem=1 memwb=1 stall=1 flush=0
TRACE t=5465000 pc=80000e60 instr=00130313 idex=0 exmem=1 memwb=1 stall=0 flush=0
TRACE t=5475000 pc=80000e64 instr=0062a023 idex=1 exmem=0 memwb=1 stall=0 flush=0
TRACE t=5485000 pc=80000e68 instr=00040093 idex=1 exmem=1 memwb=0 stall=0 flush=0
STORE t=5495000 addr=80100000 mask=2 data=0000000f
TRACE t=5495000 pc=80000e6c instr=00008067 idex=1 exmem=1 memwb=1 stall=0 flush=0
TRACE t=5505000 pc=80000e70 instr=000ff297 idex=1 exmem=1 memwb=1 stall=0 flush=1
TRACE t=5525000 pc=80000608 instr=015000ef idex=0 exmem=0 memwb=1 stall=0 flush=0
TRACE t=5535000 pc=8000060c instr=7bc000ef idex=1 exmem=0 memwb=0 stall=0 flush=1
TRACE t=5555000 pc=80000e1c instr=00008413 idex=0 exmem=0 memwb=1 stall=0 flush=0
TRACE t=5565000 pc=80000e20 instr=010000ef idex=1 exmem=0 memwb=0 stall=0 flush=0
TRACE t=5575000 pc=80000e24 instr=00000297 idex=1 exmem=1 memwb=0 stall=0 flush=1
TRACE t=5595000 pc=80000e30 instr=00400313 idex=0 exmem=0 memwb=1 stall=0 flush=0
TRACE t=5605000 pc=80000e34 instr=00008067 idex=1 exmem=0 memwb=0 stall=0 flush=0
TRACE t=5615000 pc=80000e38 instr=000ff297 idex=1 exmem=1 memwb=0 stall=0 flush=1
TRACE t=5635000 pc=80000e24 instr=00000297 idex=0 exmem=0 memwb=1 stall=0 flush=0
TRACE t=5645000 pc=80000e28 instr=00509863 idex=1 exmem=0 memwb=0 stall=0 flush=0
TRACE t=5655000 pc=80000e2c instr=0280006f idex=1 exmem=1 memwb=0 stall=0 flush=0
TRACE t=5665000 pc=80000e30 instr=00400313 idex=1 exmem=1 memwb=1 stall=0 flush=1
TRACE t=5685000 pc=80000e54 instr=000ff297 idex=0 exmem=0 memwb=1 stall=0 flush=0
TRACE t=5695000 pc=80000e58 instr=1ac28293 idex=1 exmem=0 memwb=0 stall=0 flush=0
TRACE t=5705000 pc=80000e5c instr=0002a303 idex=1 exmem=1 memwb=0 stall=0 flush=0
TRACE t=5715000 pc=80000e60 instr=00130313 idex=1 exmem=1 memwb=1 stall=1 flush=0
TRACE t=5725000 pc=80000e60 instr=00130313 idex=0 exmem=1 memwb=1 stall=0 flush=0
TRACE t=5735000 pc=80000e64 instr=0062a023 idex=1 exmem=0 memwb=1 stall=0 flush=0
TRACE t=5745000 pc=80000e68 instr=00040093 idex=1 exmem=1 memwb=0 stall=0 flush=0
STORE t=5755000 addr=80100000 mask=2 data=00000010
TRACE t=5755000 pc=80000e6c instr=00008067 idex=1 exmem=1 memwb=1 stall=0 flush=0
TRACE t=5765000 pc=80000e70 instr=000ff297 idex=1 exmem=1 memwb=1 stall=0 flush=1
TRACE t=5785000 pc=80000608 instr=015000ef idex=0 exmem=0 memwb=1 stall=0 flush=0
TRACE t=5795000 pc=8000060c instr=7bc000ef idex=1 exmem=0 memwb=0 stall=0 flush=1
TRACE t=5815000 pc=80000e1c instr=00008413 idex=0 exmem=0 memwb=1 stall=0 flush=0
TRACE t=5825000 pc=80000e20 instr=010000ef idex=1 exmem=0 memwb=0 stall=0 flush=0
TRACE t=5835000 pc=80000e24 instr=00000297 idex=1 exmem=1 memwb=0 stall=0 flush=1
TRACE t=5855000 pc=80000e30 instr=00400313 idex=0 exmem=0 memwb=1 stall=0 flush=0
TRACE t=5865000 pc=80000e34 instr=00008067 idex=1 exmem=0 memwb=0 stall=0 flush=0
TRACE t=5875000 pc=80000e38 instr=000ff297 idex=1 exmem=1 memwb=0 stall=0 flush=1
TRACE t=5895000 pc=80000e24 instr=00000297 idex=0 exmem=0 memwb=1 stall=0 flush=0
TRACE t=5905000 pc=80000e28 instr=00509863 idex=1 exmem=0 memwb=0 stall=0 flush=0
TRACE t=5915000 pc=80000e2c instr=0280006f idex=1 exmem=1 memwb=0 stall=0 flush=0
TRACE t=5925000 pc=80000e30 instr=00400313 idex=1 exmem=1 memwb=1 stall=0 flush=1
TRACE t=5945000 pc=80000e54 instr=000ff297 idex=0 exmem=0 memwb=1 stall=0 flush=0
TRACE t=5955000 pc=80000e58 instr=1ac28293 idex=1 exmem=0 memwb=0 stall=0 flush=0
TRACE t=5965000 pc=80000e5c instr=0002a303 idex=1 exmem=1 memwb=0 stall=0 flush=0
TRACE t=5975000 pc=80000e60 instr=00130313 idex=1 exmem=1 memwb=1 stall=1 flush=0
TRACE t=5985000 pc=80000e60 instr=00130313 idex=0 exmem=1 memwb=1 stall=0 flush=0
TRACE t=5995000 pc=80000e64 instr=0062a023 idex=1 exmem=0 memwb=1 stall=0 flush=0
TRACE t=6005000 pc=80000e68 instr=00040093 idex=1 exmem=1 memwb=0 stall=0 flush=0
STORE t=6015000 addr=80100000 mask=2 data=00000011
TRACE t=6015000 pc=80000e6c instr=00008067 idex=1 exmem=1 memwb=1 stall=0 flush=0
TRACE t=6025000 pc=80000e70 instr=000ff297 idex=1 exmem=1 memwb=1 stall=0 flush=1
TRACE t=6045000 pc=80000608 instr=015000ef idex=0 exmem=0 memwb=1 stall=0 flush=0
TRACE t=6055000 pc=8000060c instr=7bc000ef idex=1 exmem=0 memwb=0 stall=0 flush=1
TRACE t=6075000 pc=80000e1c instr=00008413 idex=0 exmem=0 memwb=1 stall=0 flush=0
TRACE t=6085000 pc=80000e20 instr=010000ef idex=1 exmem=0 memwb=0 stall=0 flush=0
TRACE t=6095000 pc=80000e24 instr=00000297 idex=1 exmem=1 memwb=0 stall=0 flush=1
TRACE t=6115000 pc=80000e30 instr=00400313 idex=0 exmem=0 memwb=1 stall=0 flush=0
TRACE t=6125000 pc=80000e34 instr=00008067 idex=1 exmem=0 memwb=0 stall=0 flush=0
TRACE t=6135000 pc=80000e38 instr=000ff297 idex=1 exmem=1 memwb=0 stall=0 flush=1
TRACE t=6155000 pc=80000e24 instr=00000297 idex=0 exmem=0 memwb=1 stall=0 flush=0
TRACE t=6165000 pc=80000e28 instr=00509863 idex=1 exmem=0 memwb=0 stall=0 flush=0
TRACE t=6175000 pc=80000e2c instr=0280006f idex=1 exmem=1 memwb=0 stall=0 flush=0
TRACE t=6185000 pc=80000e30 instr=00400313 idex=1 exmem=1 memwb=1 stall=0 flush=1
TRACE t=6205000 pc=80000e54 instr=000ff297 idex=0 exmem=0 memwb=1 stall=0 flush=0
TRACE t=6215000 pc=80000e58 instr=1ac28293 idex=1 exmem=0 memwb=0 stall=0 flush=0
TRACE t=6225000 pc=80000e5c instr=0002a303 idex=1 exmem=1 memwb=0 stall=0 flush=0
TRACE t=6235000 pc=80000e60 instr=00130313 idex=1 exmem=1 memwb=1 stall=1 flush=0
TRACE t=6245000 pc=80000e60 instr=00130313 idex=0 exmem=1 memwb=1 stall=0 flush=0
TRACE t=6255000 pc=80000e64 instr=0062a023 idex=1 exmem=0 memwb=1 stall=0 flush=0
TRACE t=6265000 pc=80000e68 instr=00040093 idex=1 exmem=1 memwb=0 stall=0 flush=0
STORE t=6275000 addr=80100000 mask=2 data=00000012
TRACE t=6275000 pc=80000e6c instr=00008067 idex=1 exmem=1 memwb=1 stall=0 flush=0
TRACE t=6285000 pc=80000e70 instr=000ff297 idex=1 exmem=1 memwb=1 stall=0 flush=1
TRACE t=6305000 pc=80000608 instr=015000ef idex=0 exmem=0 memwb=1 stall=0 flush=0
TRACE t=6315000 pc=8000060c instr=7bc000ef idex=1 exmem=0 memwb=0 stall=0 flush=1
TRACE t=6335000 pc=80000e1c instr=00008413 idex=0 exmem=0 memwb=1 stall=0 flush=0
TRACE t=6345000 pc=80000e20 instr=010000ef idex=1 exmem=0 memwb=0 stall=0 flush=0
TRACE t=6355000 pc=80000e24 instr=00000297 idex=1 exmem=1 memwb=0 stall=0 flush=1
TRACE t=6375000 pc=80000e30 instr=00400313 idex=0 exmem=0 memwb=1 stall=0 flush=0
TRACE t=6385000 pc=80000e34 instr=00008067 idex=1 exmem=0 memwb=0 stall=0 flush=0
TRACE t=6395000 pc=80000e38 instr=000ff297 idex=1 exmem=1 memwb=0 stall=0 flush=1
TRACE t=6415000 pc=80000e24 instr=00000297 idex=0 exmem=0 memwb=1 stall=0 flush=0
TRACE t=6425000 pc=80000e28 instr=00509863 idex=1 exmem=0 memwb=0 stall=0 flush=0
TRACE t=6435000 pc=80000e2c instr=0280006f idex=1 exmem=1 memwb=0 stall=0 flush=0
TRACE t=6445000 pc=80000e30 instr=00400313 idex=1 exmem=1 memwb=1 stall=0 flush=1
TRACE t=6465000 pc=80000e54 instr=000ff297 idex=0 exmem=0 memwb=1 stall=0 flush=0
TRACE t=6475000 pc=80000e58 instr=1ac28293 idex=1 exmem=0 memwb=0 stall=0 flush=0
TRACE t=6485000 pc=80000e5c instr=0002a303 idex=1 exmem=1 memwb=0 stall=0 flush=0
TRACE t=6495000 pc=80000e60 instr=00130313 idex=1 exmem=1 memwb=1 stall=1 flush=0
TRACE t=6505000 pc=80000e60 instr=00130313 idex=0 exmem=1 memwb=1 stall=0 flush=0
TRACE t=6515000 pc=80000e64 instr=0062a023 idex=1 exmem=0 memwb=1 stall=0 flush=0
TRACE t=6525000 pc=80000e68 instr=00040093 idex=1 exmem=1 memwb=0 stall=0 flush=0
STORE t=6535000 addr=80100000 mask=2 data=00000013
TRACE t=6535000 pc=80000e6c instr=00008067 idex=1 exmem=1 memwb=1 stall=0 flush=0
TRACE t=6545000 pc=80000e70 instr=000ff297 idex=1 exmem=1 memwb=1 stall=0 flush=1
TRACE t=6565000 pc=80000608 instr=015000ef idex=0 exmem=0 memwb=1 stall=0 flush=0
TRACE t=6575000 pc=8000060c instr=7bc000ef idex=1 exmem=0 memwb=0 stall=0 flush=1
TRACE t=6595000 pc=80000e1c instr=00008413 idex=0 exmem=0 memwb=1 stall=0 flush=0
TRACE t=6605000 pc=80000e20 instr=010000ef idex=1 exmem=0 memwb=0 stall=0 flush=0
TRACE t=6615000 pc=80000e24 instr=00000297 idex=1 exmem=1 memwb=0 stall=0 flush=1
TRACE t=6635000 pc=80000e30 instr=00400313 idex=0 exmem=0 memwb=1 stall=0 flush=0
TRACE t=6645000 pc=80000e34 instr=00008067 idex=1 exmem=0 memwb=0 stall=0 flush=0
TRACE t=6655000 pc=80000e38 instr=000ff297 idex=1 exmem=1 memwb=0 stall=0 flush=1
TRACE t=6675000 pc=80000e24 instr=00000297 idex=0 exmem=0 memwb=1 stall=0 flush=0
TRACE t=6685000 pc=80000e28 instr=00509863 idex=1 exmem=0 memwb=0 stall=0 flush=0
TRACE t=6695000 pc=80000e2c instr=0280006f idex=1 exmem=1 memwb=0 stall=0 flush=0
TRACE t=6705000 pc=80000e30 instr=00400313 idex=1 exmem=1 memwb=1 stall=0 flush=1
TRACE t=6725000 pc=80000e54 instr=000ff297 idex=0 exmem=0 memwb=1 stall=0 flush=0
TRACE t=6735000 pc=80000e58 instr=1ac28293 idex=1 exmem=0 memwb=0 stall=0 flush=0
TRACE t=6745000 pc=80000e5c instr=0002a303 idex=1 exmem=1 memwb=0 stall=0 flush=0
TRACE t=6755000 pc=80000e60 instr=00130313 idex=1 exmem=1 memwb=1 stall=1 flush=0
TRACE t=6765000 pc=80000e60 instr=00130313 idex=0 exmem=1 memwb=1 stall=0 flush=0
TRACE t=6775000 pc=80000e64 instr=0062a023 idex=1 exmem=0 memwb=1 stall=0 flush=0
TRACE t=6785000 pc=80000e68 instr=00040093 idex=1 exmem=1 memwb=0 stall=0 flush=0
STORE t=6795000 addr=80100000 mask=2 data=00000014
TRACE t=6795000 pc=80000e6c instr=00008067 idex=1 exmem=1 memwb=1 stall=0 flush=0
TRACE t=6805000 pc=80000e70 instr=000ff297 idex=1 exmem=1 memwb=1 stall=0 flush=1
TRACE t=6825000 pc=80000608 instr=015000ef idex=0 exmem=0 memwb=1 stall=0 flush=0
TRACE t=6835000 pc=8000060c instr=7bc000ef idex=1 exmem=0 memwb=0 stall=0 flush=1
TRACE t=6855000 pc=80000e1c instr=00008413 idex=0 exmem=0 memwb=1 stall=0 flush=0
TRACE t=6865000 pc=80000e20 instr=010000ef idex=1 exmem=0 memwb=0 stall=0 flush=0
TRACE t=6875000 pc=80000e24 instr=00000297 idex=1 exmem=1 memwb=0 stall=0 flush=1
TRACE t=6895000 pc=80000e30 instr=00400313 idex=0 exmem=0 memwb=1 stall=0 flush=0
TRACE t=6905000 pc=80000e34 instr=00008067 idex=1 exmem=0 memwb=0 stall=0 flush=0
TRACE t=6915000 pc=80000e38 instr=000ff297 idex=1 exmem=1 memwb=0 stall=0 flush=1
TRACE t=6935000 pc=80000e24 instr=00000297 idex=0 exmem=0 memwb=1 stall=0 flush=0
TRACE t=6945000 pc=80000e28 instr=00509863 idex=1 exmem=0 memwb=0 stall=0 flush=0
TRACE t=6955000 pc=80000e2c instr=0280006f idex=1 exmem=1 memwb=0 stall=0 flush=0
TRACE t=6965000 pc=80000e30 instr=00400313 idex=1 exmem=1 memwb=1 stall=0 flush=1
TRACE t=6985000 pc=80000e54 instr=000ff297 idex=0 exmem=0 memwb=1 stall=0 flush=0
TRACE t=6995000 pc=80000e58 instr=1ac28293 idex=1 exmem=0 memwb=0 stall=0 flush=0
TRACE t=7005000 pc=80000e5c instr=0002a303 idex=1 exmem=1 memwb=0 stall=0 flush=0
TRACE t=7015000 pc=80000e60 instr=00130313 idex=1 exmem=1 memwb=1 stall=1 flush=0
TRACE t=7025000 pc=80000e60 instr=00130313 idex=0 exmem=1 memwb=1 stall=0 flush=0
TRACE t=7035000 pc=80000e64 instr=0062a023 idex=1 exmem=0 memwb=1 stall=0 flush=0
TRACE t=7045000 pc=80000e68 instr=00040093 idex=1 exmem=1 memwb=0 stall=0 flush=0
STORE t=7055000 addr=80100000 mask=2 data=00000015
TRACE t=7055000 pc=80000e6c instr=00008067 idex=1 exmem=1 memwb=1 stall=0 flush=0
TRACE t=7065000 pc=80000e70 instr=000ff297 idex=1 exmem=1 memwb=1 stall=0 flush=1
TRACE t=7085000 pc=80000608 instr=015000ef idex=0 exmem=0 memwb=1 stall=0 flush=0
TRACE t=7095000 pc=8000060c instr=7bc000ef idex=1 exmem=0 memwb=0 stall=0 flush=1
TRACE t=7115000 pc=80000e1c instr=00008413 idex=0 exmem=0 memwb=1 stall=0 flush=0
TRACE t=7125000 pc=80000e20 instr=010000ef idex=1 exmem=0 memwb=0 stall=0 flush=0
TRACE t=7135000 pc=80000e24 instr=00000297 idex=1 exmem=1 memwb=0 stall=0 flush=1
TRACE t=7155000 pc=80000e30 instr=00400313 idex=0 exmem=0 memwb=1 stall=0 flush=0
TRACE t=7165000 pc=80000e34 instr=00008067 idex=1 exmem=0 memwb=0 stall=0 flush=0
TRACE t=7175000 pc=80000e38 instr=000ff297 idex=1 exmem=1 memwb=0 stall=0 flush=1
TRACE t=7195000 pc=80000e24 instr=00000297 idex=0 exmem=0 memwb=1 stall=0 flush=0
TRACE t=7205000 pc=80000e28 instr=00509863 idex=1 exmem=0 memwb=0 stall=0 flush=0
TRACE t=7215000 pc=80000e2c instr=0280006f idex=1 exmem=1 memwb=0 stall=0 flush=0
TRACE t=7225000 pc=80000e30 instr=00400313 idex=1 exmem=1 memwb=1 stall=0 flush=1
TRACE t=7245000 pc=80000e54 instr=000ff297 idex=0 exmem=0 memwb=1 stall=0 flush=0
TRACE t=7255000 pc=80000e58 instr=1ac28293 idex=1 exmem=0 memwb=0 stall=0 flush=0
TRACE t=7265000 pc=80000e5c instr=0002a303 idex=1 exmem=1 memwb=0 stall=0 flush=0
TRACE t=7275000 pc=80000e60 instr=00130313 idex=1 exmem=1 memwb=1 stall=1 flush=0
TRACE t=7285000 pc=80000e60 instr=00130313 idex=0 exmem=1 memwb=1 stall=0 flush=0
TRACE t=7295000 pc=80000e64 instr=0062a023 idex=1 exmem=0 memwb=1 stall=0 flush=0
TRACE t=7305000 pc=80000e68 instr=00040093 idex=1 exmem=1 memwb=0 stall=0 flush=0
STORE t=7315000 addr=80100000 mask=2 data=00000016
TRACE t=7315000 pc=80000e6c instr=00008067 idex=1 exmem=1 memwb=1 stall=0 flush=0
TRACE t=7325000 pc=80000e70 instr=000ff297 idex=1 exmem=1 memwb=1 stall=0 flush=1
TRACE t=7345000 pc=80000608 instr=015000ef idex=0 exmem=0 memwb=1 stall=0 flush=0
TRACE t=7355000 pc=8000060c instr=7bc000ef idex=1 exmem=0 memwb=0 stall=0 flush=1
TRACE t=7375000 pc=80000e1c instr=00008413 idex=0 exmem=0 memwb=1 stall=0 flush=0
TRACE t=7385000 pc=80000e20 instr=010000ef idex=1 exmem=0 memwb=0 stall=0 flush=0
TRACE t=7395000 pc=80000e24 instr=00000297 idex=1 exmem=1 memwb=0 stall=0 flush=1
TRACE t=7415000 pc=80000e30 instr=00400313 idex=0 exmem=0 memwb=1 stall=0 flush=0
TRACE t=7425000 pc=80000e34 instr=00008067 idex=1 exmem=0 memwb=0 stall=0 flush=0
TRACE t=7435000 pc=80000e38 instr=000ff297 idex=1 exmem=1 memwb=0 stall=0 flush=1
TRACE t=7455000 pc=80000e24 instr=00000297 idex=0 exmem=0 memwb=1 stall=0 flush=0
TRACE t=7465000 pc=80000e28 instr=00509863 idex=1 exmem=0 memwb=0 stall=0 flush=0
TRACE t=7475000 pc=80000e2c instr=0280006f idex=1 exmem=1 memwb=0 stall=0 flush=0
TRACE t=7485000 pc=80000e30 instr=00400313 idex=1 exmem=1 memwb=1 stall=0 flush=1
TRACE t=7505000 pc=80000e54 instr=000ff297 idex=0 exmem=0 memwb=1 stall=0 flush=0
TRACE t=7515000 pc=80000e58 instr=1ac28293 idex=1 exmem=0 memwb=0 stall=0 flush=0
TRACE t=7525000 pc=80000e5c instr=0002a303 idex=1 exmem=1 memwb=0 stall=0 flush=0
TRACE t=7535000 pc=80000e60 instr=00130313 idex=1 exmem=1 memwb=1 stall=1 flush=0
TRACE t=7545000 pc=80000e60 instr=00130313 idex=0 exmem=1 memwb=1 stall=0 flush=0
TRACE t=7555000 pc=80000e64 instr=0062a023 idex=1 exmem=0 memwb=1 stall=0 flush=0
TRACE t=7565000 pc=80000e68 instr=00040093 idex=1 exmem=1 memwb=0 stall=0 flush=0
STORE t=7575000 addr=80100000 mask=2 data=00000017
TRACE t=7575000 pc=80000e6c instr=00008067 idex=1 exmem=1 memwb=1 stall=0 flush=0
TRACE t=7585000 pc=80000e70 instr=000ff297 idex=1 exmem=1 memwb=1 stall=0 flush=1
TRACE t=7605000 pc=80000608 instr=015000ef idex=0 exmem=0 memwb=1 stall=0 flush=0
TRACE t=7615000 pc=8000060c instr=7bc000ef idex=1 exmem=0 memwb=0 stall=0 flush=1
TRACE t=7635000 pc=80000e1c instr=00008413 idex=0 exmem=0 memwb=1 stall=0 flush=0
TRACE t=7645000 pc=80000e20 instr=010000ef idex=1 exmem=0 memwb=0 stall=0 flush=0
TRACE t=7655000 pc=80000e24 instr=00000297 idex=1 exmem=1 memwb=0 stall=0 flush=1
TRACE t=7675000 pc=80000e30 instr=00400313 idex=0 exmem=0 memwb=1 stall=0 flush=0
TRACE t=7685000 pc=80000e34 instr=00008067 idex=1 exmem=0 memwb=0 stall=0 flush=0
TRACE t=7695000 pc=80000e38 instr=000ff297 idex=1 exmem=1 memwb=0 stall=0 flush=1
TRACE t=7715000 pc=80000e24 instr=00000297 idex=0 exmem=0 memwb=1 stall=0 flush=0
TRACE t=7725000 pc=80000e28 instr=00509863 idex=1 exmem=0 memwb=0 stall=0 flush=0
TRACE t=7735000 pc=80000e2c instr=0280006f idex=1 exmem=1 memwb=0 stall=0 flush=0
TRACE t=7745000 pc=80000e30 instr=00400313 idex=1 exmem=1 memwb=1 stall=0 flush=1
TRACE t=7765000 pc=80000e54 instr=000ff297 idex=0 exmem=0 memwb=1 stall=0 flush=0
TRACE t=7775000 pc=80000e58 instr=1ac28293 idex=1 exmem=0 memwb=0 stall=0 flush=0
TRACE t=7785000 pc=80000e5c instr=0002a303 idex=1 exmem=1 memwb=0 stall=0 flush=0
TRACE t=7795000 pc=80000e60 instr=00130313 idex=1 exmem=1 memwb=1 stall=1 flush=0
TRACE t=7805000 pc=80000e60 instr=00130313 idex=0 exmem=1 memwb=1 stall=0 flush=0
TRACE t=7815000 pc=80000e64 instr=0062a023 idex=1 exmem=0 memwb=1 stall=0 flush=0
TRACE t=7825000 pc=80000e68 instr=00040093 idex=1 exmem=1 memwb=0 stall=0 flush=0
STORE t=7835000 addr=80100000 mask=2 data=00000018
TRACE t=7835000 pc=80000e6c instr=00008067 idex=1 exmem=1 memwb=1 stall=0 flush=0
TRACE t=7845000 pc=80000e70 instr=000ff297 idex=1 exmem=1 memwb=1 stall=0 flush=1
TRACE t=7865000 pc=80000608 instr=015000ef idex=0 exmem=0 memwb=1 stall=0 flush=0
TRACE t=7875000 pc=8000060c instr=7bc000ef idex=1 exmem=0 memwb=0 stall=0 flush=1
TRACE t=7895000 pc=80000e1c instr=00008413 idex=0 exmem=0 memwb=1 stall=0 flush=0
TRACE t=7905000 pc=80000e20 instr=010000ef idex=1 exmem=0 memwb=0 stall=0 flush=0
TRACE t=7915000 pc=80000e24 instr=00000297 idex=1 exmem=1 memwb=0 stall=0 flush=1
TRACE t=7935000 pc=80000e30 instr=00400313 idex=0 exmem=0 memwb=1 stall=0 flush=0
TRACE t=7945000 pc=80000e34 instr=00008067 idex=1 exmem=0 memwb=0 stall=0 flush=0
TRACE t=7955000 pc=80000e38 instr=000ff297 idex=1 exmem=1 memwb=0 stall=0 flush=1
TRACE t=7975000 pc=80000e24 instr=00000297 idex=0 exmem=0 memwb=1 stall=0 flush=0
TRACE t=7985000 pc=80000e28 instr=00509863 idex=1 exmem=0 memwb=0 stall=0 flush=0
TRACE t=7995000 pc=80000e2c instr=0280006f idex=1 exmem=1 memwb=0 stall=0 flush=0
TRACE t=8005000 pc=80000e30 instr=00400313 idex=1 exmem=1 memwb=1 stall=0 flush=1
TRACE t=8025000 pc=80000e54 instr=000ff297 idex=0 exmem=0 memwb=1 stall=0 flush=0
TRACE t=8035000 pc=80000e58 instr=1ac28293 idex=1 exmem=0 memwb=0 stall=0 flush=0
TRACE t=8045000 pc=80000e5c instr=0002a303 idex=1 exmem=1 memwb=0 stall=0 flush=0
TRACE t=8055000 pc=80000e60 instr=00130313 idex=1 exmem=1 memwb=1 stall=1 flush=0
TRACE t=8065000 pc=80000e60 instr=00130313 idex=0 exmem=1 memwb=1 stall=0 flush=0
TRACE t=8075000 pc=80000e64 instr=0062a023 idex=1 exmem=0 memwb=1 stall=0 flush=0
TRACE t=8085000 pc=80000e68 instr=00040093 idex=1 exmem=1 memwb=0 stall=0 flush=0
STORE t=8095000 addr=80100000 mask=2 data=00000019
TRACE t=8095000 pc=80000e6c instr=00008067 idex=1 exmem=1 memwb=1 stall=0 flush=0
TRACE t=8105000 pc=80000e70 instr=000ff297 idex=1 exmem=1 memwb=1 stall=0 flush=1
TRACE t=8125000 pc=80000608 instr=015000ef idex=0 exmem=0 memwb=1 stall=0 flush=0
TRACE t=8135000 pc=8000060c instr=7bc000ef idex=1 exmem=0 memwb=0 stall=0 flush=1
TRACE t=8155000 pc=80000e1c instr=00008413 idex=0 exmem=0 memwb=1 stall=0 flush=0
TRACE t=8165000 pc=80000e20 instr=010000ef idex=1 exmem=0 memwb=0 stall=0 flush=0
TRACE t=8175000 pc=80000e24 instr=00000297 idex=1 exmem=1 memwb=0 stall=0 flush=1
TRACE t=8195000 pc=80000e30 instr=00400313 idex=0 exmem=0 memwb=1 stall=0 flush=0
TRACE t=8205000 pc=80000e34 instr=00008067 idex=1 exmem=0 memwb=0 stall=0 flush=0
TRACE t=8215000 pc=80000e38 instr=000ff297 idex=1 exmem=1 memwb=0 stall=0 flush=1
TRACE t=8235000 pc=80000e24 instr=00000297 idex=0 exmem=0 memwb=1 stall=0 flush=0
TRACE t=8245000 pc=80000e28 instr=00509863 idex=1 exmem=0 memwb=0 stall=0 flush=0
TRACE t=8255000 pc=80000e2c instr=0280006f idex=1 exmem=1 memwb=0 stall=0 flush=0
TRACE t=8265000 pc=80000e30 instr=00400313 idex=1 exmem=1 memwb=1 stall=0 flush=1
TRACE t=8285000 pc=80000e54 instr=000ff297 idex=0 exmem=0 memwb=1 stall=0 flush=0
TRACE t=8295000 pc=80000e58 instr=1ac28293 idex=1 exmem=0 memwb=0 stall=0 flush=0
TRACE t=8305000 pc=80000e5c instr=0002a303 idex=1 exmem=1 memwb=0 stall=0 flush=0
TRACE t=8315000 pc=80000e60 instr=00130313 idex=1 exmem=1 memwb=1 stall=1 flush=0
TRACE t=8325000 pc=80000e60 instr=00130313 idex=0 exmem=1 memwb=1 stall=0 flush=0
TRACE t=8335000 pc=80000e64 instr=0062a023 idex=1 exmem=0 memwb=1 stall=0 flush=0
TRACE t=8345000 pc=80000e68 instr=00040093 idex=1 exmem=1 memwb=0 stall=0 flush=0
STORE t=8355000 addr=80100000 mask=2 data=0000001a
TRACE t=8355000 pc=80000e6c instr=00008067 idex=1 exmem=1 memwb=1 stall=0 flush=0
TRACE t=8365000 pc=80000e70 instr=000ff297 idex=1 exmem=1 memwb=1 stall=0 flush=1
TRACE t=8385000 pc=80000608 instr=015000ef idex=0 exmem=0 memwb=1 stall=0 flush=0
TRACE t=8395000 pc=8000060c instr=7bc000ef idex=1 exmem=0 memwb=0 stall=0 flush=1
TRACE t=8415000 pc=80000e1c instr=00008413 idex=0 exmem=0 memwb=1 stall=0 flush=0
TRACE t=8425000 pc=80000e20 instr=010000ef idex=1 exmem=0 memwb=0 stall=0 flush=0
TRACE t=8435000 pc=80000e24 instr=00000297 idex=1 exmem=1 memwb=0 stall=0 flush=1
TRACE t=8455000 pc=80000e30 instr=00400313 idex=0 exmem=0 memwb=1 stall=0 flush=0
TRACE t=8465000 pc=80000e34 instr=00008067 idex=1 exmem=0 memwb=0 stall=0 flush=0
TRACE t=8475000 pc=80000e38 instr=000ff297 idex=1 exmem=1 memwb=0 stall=0 flush=1
TRACE t=8495000 pc=80000e24 instr=00000297 idex=0 exmem=0 memwb=1 stall=0 flush=0
TRACE t=8505000 pc=80000e28 instr=00509863 idex=1 exmem=0 memwb=0 stall=0 flush=0
TRACE t=8515000 pc=80000e2c instr=0280006f idex=1 exmem=1 memwb=0 stall=0 flush=0
TRACE t=8525000 pc=80000e30 instr=00400313 idex=1 exmem=1 memwb=1 stall=0 flush=1
TRACE t=8545000 pc=80000e54 instr=000ff297 idex=0 exmem=0 memwb=1 stall=0 flush=0
TRACE t=8555000 pc=80000e58 instr=1ac28293 idex=1 exmem=0 memwb=0 stall=0 flush=0
TRACE t=8565000 pc=80000e5c instr=0002a303 idex=1 exmem=1 memwb=0 stall=0 flush=0
TRACE t=8575000 pc=80000e60 instr=00130313 idex=1 exmem=1 memwb=1 stall=1 flush=0
TRACE t=8585000 pc=80000e60 instr=00130313 idex=0 exmem=1 memwb=1 stall=0 flush=0
TRACE t=8595000 pc=80000e64 instr=0062a023 idex=1 exmem=0 memwb=1 stall=0 flush=0
TRACE t=8605000 pc=80000e68 instr=00040093 idex=1 exmem=1 memwb=0 stall=0 flush=0
STORE t=8615000 addr=80100000 mask=2 data=0000001b
TRACE t=8615000 pc=80000e6c instr=00008067 idex=1 exmem=1 memwb=1 stall=0 flush=0
TRACE t=8625000 pc=80000e70 instr=000ff297 idex=1 exmem=1 memwb=1 stall=0 flush=1
TRACE t=8645000 pc=80000608 instr=015000ef idex=0 exmem=0 memwb=1 stall=0 flush=0
TRACE t=8655000 pc=8000060c instr=7bc000ef idex=1 exmem=0 memwb=0 stall=0 flush=1
TRACE t=8675000 pc=80000e1c instr=00008413 idex=0 exmem=0 memwb=1 stall=0 flush=0
TRACE t=8685000 pc=80000e20 instr=010000ef idex=1 exmem=0 memwb=0 stall=0 flush=0
TRACE t=8695000 pc=80000e24 instr=00000297 idex=1 exmem=1 memwb=0 stall=0 flush=1
TRACE t=8715000 pc=80000e30 instr=00400313 idex=0 exmem=0 memwb=1 stall=0 flush=0
TRACE t=8725000 pc=80000e34 instr=00008067 idex=1 exmem=0 memwb=0 stall=0 flush=0
TRACE t=8735000 pc=80000e38 instr=000ff297 idex=1 exmem=1 memwb=0 stall=0 flush=1
TRACE t=8755000 pc=80000e24 instr=00000297 idex=0 exmem=0 memwb=1 stall=0 flush=0
TRACE t=8765000 pc=80000e28 instr=00509863 idex=1 exmem=0 memwb=0 stall=0 flush=0
TRACE t=8775000 pc=80000e2c instr=0280006f idex=1 exmem=1 memwb=0 stall=0 flush=0
TRACE t=8785000 pc=80000e30 instr=00400313 idex=1 exmem=1 memwb=1 stall=0 flush=1
TRACE t=8805000 pc=80000e54 instr=000ff297 idex=0 exmem=0 memwb=1 stall=0 flush=0
TRACE t=8815000 pc=80000e58 instr=1ac28293 idex=1 exmem=0 memwb=0 stall=0 flush=0
TRACE t=8825000 pc=80000e5c instr=0002a303 idex=1 exmem=1 memwb=0 stall=0 flush=0
TRACE t=8835000 pc=80000e60 instr=00130313 idex=1 exmem=1 memwb=1 stall=1 flush=0
TRACE t=8845000 pc=80000e60 instr=00130313 idex=0 exmem=1 memwb=1 stall=0 flush=0
TRACE t=8855000 pc=80000e64 instr=0062a023 idex=1 exmem=0 memwb=1 stall=0 flush=0
TRACE t=8865000 pc=80000e68 instr=00040093 idex=1 exmem=1 memwb=0 stall=0 flush=0
STORE t=8875000 addr=80100000 mask=2 data=0000001c
TRACE t=8875000 pc=80000e6c instr=00008067 idex=1 exmem=1 memwb=1 stall=0 flush=0
TRACE t=8885000 pc=80000e70 instr=000ff297 idex=1 exmem=1 memwb=1 stall=0 flush=1
TRACE t=8905000 pc=80000608 instr=015000ef idex=0 exmem=0 memwb=1 stall=0 flush=0
TRACE t=8915000 pc=8000060c instr=7bc000ef idex=1 exmem=0 memwb=0 stall=0 flush=1
TRACE t=8935000 pc=80000e1c instr=00008413 idex=0 exmem=0 memwb=1 stall=0 flush=0
TRACE t=8945000 pc=80000e20 instr=010000ef idex=1 exmem=0 memwb=0 stall=0 flush=0
TRACE t=8955000 pc=80000e24 instr=00000297 idex=1 exmem=1 memwb=0 stall=0 flush=1
TRACE t=8975000 pc=80000e30 instr=00400313 idex=0 exmem=0 memwb=1 stall=0 flush=0
TRACE t=8985000 pc=80000e34 instr=00008067 idex=1 exmem=0 memwb=0 stall=0 flush=0
TRACE t=8995000 pc=80000e38 instr=000ff297 idex=1 exmem=1 memwb=0 stall=0 flush=1
TRACE t=9015000 pc=80000e24 instr=00000297 idex=0 exmem=0 memwb=1 stall=0 flush=0
TRACE t=9025000 pc=80000e28 instr=00509863 idex=1 exmem=0 memwb=0 stall=0 flush=0
TRACE t=9035000 pc=80000e2c instr=0280006f idex=1 exmem=1 memwb=0 stall=0 flush=0
TRACE t=9045000 pc=80000e30 instr=00400313 idex=1 exmem=1 memwb=1 stall=0 flush=1
TRACE t=9065000 pc=80000e54 instr=000ff297 idex=0 exmem=0 memwb=1 stall=0 flush=0
TRACE t=9075000 pc=80000e58 instr=1ac28293 idex=1 exmem=0 memwb=0 stall=0 flush=0
TRACE t=9085000 pc=80000e5c instr=0002a303 idex=1 exmem=1 memwb=0 stall=0 flush=0
TRACE t=9095000 pc=80000e60 instr=00130313 idex=1 exmem=1 memwb=1 stall=1 flush=0
TRACE t=9105000 pc=80000e60 instr=00130313 idex=0 exmem=1 memwb=1 stall=0 flush=0
TRACE t=9115000 pc=80000e64 instr=0062a023 idex=1 exmem=0 memwb=1 stall=0 flush=0
TRACE t=9125000 pc=80000e68 instr=00040093 idex=1 exmem=1 memwb=0 stall=0 flush=0
STORE t=9135000 addr=80100000 mask=2 data=0000001d
TRACE t=9135000 pc=80000e6c instr=00008067 idex=1 exmem=1 memwb=1 stall=0 flush=0
TRACE t=9145000 pc=80000e70 instr=000ff297 idex=1 exmem=1 memwb=1 stall=0 flush=1
TRACE t=9165000 pc=80000608 instr=015000ef idex=0 exmem=0 memwb=1 stall=0 flush=0
TRACE t=9175000 pc=8000060c instr=7bc000ef idex=1 exmem=0 memwb=0 stall=0 flush=1
TRACE t=9195000 pc=80000e1c instr=00008413 idex=0 exmem=0 memwb=1 stall=0 flush=0
TRACE t=9205000 pc=80000e20 instr=010000ef idex=1 exmem=0 memwb=0 stall=0 flush=0
TRACE t=9215000 pc=80000e24 instr=00000297 idex=1 exmem=1 memwb=0 stall=0 flush=1
TRACE t=9235000 pc=80000e30 instr=00400313 idex=0 exmem=0 memwb=1 stall=0 flush=0
TRACE t=9245000 pc=80000e34 instr=00008067 idex=1 exmem=0 memwb=0 stall=0 flush=0
TRACE t=9255000 pc=80000e38 instr=000ff297 idex=1 exmem=1 memwb=0 stall=0 flush=1
TRACE t=9275000 pc=80000e24 instr=00000297 idex=0 exmem=0 memwb=1 stall=0 flush=0
TRACE t=9285000 pc=80000e28 instr=00509863 idex=1 exmem=0 memwb=0 stall=0 flush=0
TRACE t=9295000 pc=80000e2c instr=0280006f idex=1 exmem=1 memwb=0 stall=0 flush=0
TRACE t=9305000 pc=80000e30 instr=00400313 idex=1 exmem=1 memwb=1 stall=0 flush=1
TRACE t=9325000 pc=80000e54 instr=000ff297 idex=0 exmem=0 memwb=1 stall=0 flush=0
TRACE t=9335000 pc=80000e58 instr=1ac28293 idex=1 exmem=0 memwb=0 stall=0 flush=0
TRACE t=9345000 pc=80000e5c instr=0002a303 idex=1 exmem=1 memwb=0 stall=0 flush=0
TRACE t=9355000 pc=80000e60 instr=00130313 idex=1 exmem=1 memwb=1 stall=1 flush=0
TRACE t=9365000 pc=80000e60 instr=00130313 idex=0 exmem=1 memwb=1 stall=0 flush=0
TRACE t=9375000 pc=80000e64 instr=0062a023 idex=1 exmem=0 memwb=1 stall=0 flush=0
TRACE t=9385000 pc=80000e68 instr=00040093 idex=1 exmem=1 memwb=0 stall=0 flush=0
STORE t=9395000 addr=80100000 mask=2 data=0000001e
TRACE t=9395000 pc=80000e6c instr=00008067 idex=1 exmem=1 memwb=1 stall=0 flush=0
TRACE t=9405000 pc=80000e70 instr=000ff297 idex=1 exmem=1 memwb=1 stall=0 flush=1
TRACE t=9425000 pc=80000608 instr=015000ef idex=0 exmem=0 memwb=1 stall=0 flush=0
TRACE t=9435000 pc=8000060c instr=7bc000ef idex=1 exmem=0 memwb=0 stall=0 flush=1
TRACE t=9455000 pc=80000e1c instr=00008413 idex=0 exmem=0 memwb=1 stall=0 flush=0
TRACE t=9465000 pc=80000e20 instr=010000ef idex=1 exmem=0 memwb=0 stall=0 flush=0
TRACE t=9475000 pc=80000e24 instr=00000297 idex=1 exmem=1 memwb=0 stall=0 flush=1
TRACE t=9495000 pc=80000e30 instr=00400313 idex=0 exmem=0 memwb=1 stall=0 flush=0
TRACE t=9505000 pc=80000e34 instr=00008067 idex=1 exmem=0 memwb=0 stall=0 flush=0
TRACE t=9515000 pc=80000e38 instr=000ff297 idex=1 exmem=1 memwb=0 stall=0 flush=1
TRACE t=9535000 pc=80000e24 instr=00000297 idex=0 exmem=0 memwb=1 stall=0 flush=0
TRACE t=9545000 pc=80000e28 instr=00509863 idex=1 exmem=0 memwb=0 stall=0 flush=0
TRACE t=9555000 pc=80000e2c instr=0280006f idex=1 exmem=1 memwb=0 stall=0 flush=0
TRACE t=9565000 pc=80000e30 instr=00400313 idex=1 exmem=1 memwb=1 stall=0 flush=1
TRACE t=9585000 pc=80000e54 instr=000ff297 idex=0 exmem=0 memwb=1 stall=0 flush=0
TRACE t=9595000 pc=80000e58 instr=1ac28293 idex=1 exmem=0 memwb=0 stall=0 flush=0
TRACE t=9605000 pc=80000e5c instr=0002a303 idex=1 exmem=1 memwb=0 stall=0 flush=0
TRACE t=9615000 pc=80000e60 instr=00130313 idex=1 exmem=1 memwb=1 stall=1 flush=0
TRACE t=9625000 pc=80000e60 instr=00130313 idex=0 exmem=1 memwb=1 stall=0 flush=0
TRACE t=9635000 pc=80000e64 instr=0062a023 idex=1 exmem=0 memwb=1 stall=0 flush=0
TRACE t=9645000 pc=80000e68 instr=00040093 idex=1 exmem=1 memwb=0 stall=0 flush=0
STORE t=9655000 addr=80100000 mask=2 data=0000001f
TRACE t=9655000 pc=80000e6c instr=00008067 idex=1 exmem=1 memwb=1 stall=0 flush=0
TRACE t=9665000 pc=80000e70 instr=000ff297 idex=1 exmem=1 memwb=1 stall=0 flush=1
TRACE t=9685000 pc=80000608 instr=015000ef idex=0 exmem=0 memwb=1 stall=0 flush=0
TRACE t=9695000 pc=8000060c instr=7bc000ef idex=1 exmem=0 memwb=0 stall=0 flush=1
TRACE t=9715000 pc=80000e1c instr=00008413 idex=0 exmem=0 memwb=1 stall=0 flush=0
TRACE t=9725000 pc=80000e20 instr=010000ef idex=1 exmem=0 memwb=0 stall=0 flush=0
TRACE t=9735000 pc=80000e24 instr=00000297 idex=1 exmem=1 memwb=0 stall=0 flush=1
TRACE t=9755000 pc=80000e30 instr=00400313 idex=0 exmem=0 memwb=1 stall=0 flush=0
TRACE t=9765000 pc=80000e34 instr=00008067 idex=1 exmem=0 memwb=0 stall=0 flush=0
TRACE t=9775000 pc=80000e38 instr=000ff297 idex=1 exmem=1 memwb=0 stall=0 flush=1
TRACE t=9795000 pc=80000e24 instr=00000297 idex=0 exmem=0 memwb=1 stall=0 flush=0
TRACE t=9805000 pc=80000e28 instr=00509863 idex=1 exmem=0 memwb=0 stall=0 flush=0
TRACE t=9815000 pc=80000e2c instr=0280006f idex=1 exmem=1 memwb=0 stall=0 flush=0
TRACE t=9825000 pc=80000e30 instr=00400313 idex=1 exmem=1 memwb=1 stall=0 flush=1
TRACE t=9845000 pc=80000e54 instr=000ff297 idex=0 exmem=0 memwb=1 stall=0 flush=0
TRACE t=9855000 pc=80000e58 instr=1ac28293 idex=1 exmem=0 memwb=0 stall=0 flush=0
TRACE t=9865000 pc=80000e5c instr=0002a303 idex=1 exmem=1 memwb=0 stall=0 flush=0
TRACE t=9875000 pc=80000e60 instr=00130313 idex=1 exmem=1 memwb=1 stall=1 flush=0
TRACE t=9885000 pc=80000e60 instr=00130313 idex=0 exmem=1 memwb=1 stall=0 flush=0
TRACE t=9895000 pc=80000e64 instr=0062a023 idex=1 exmem=0 memwb=1 stall=0 flush=0
TRACE t=9905000 pc=80000e68 instr=00040093 idex=1 exmem=1 memwb=0 stall=0 flush=0
STORE t=9915000 addr=80100000 mask=2 data=00000020
TRACE t=9915000 pc=80000e6c instr=00008067 idex=1 exmem=1 memwb=1 stall=0 flush=0
TRACE t=9925000 pc=80000e70 instr=000ff297 idex=1 exmem=1 memwb=1 stall=0 flush=1
TRACE t=9945000 pc=80000608 instr=015000ef idex=0 exmem=0 memwb=1 stall=0 flush=0
TRACE t=9955000 pc=8000060c instr=7bc000ef idex=1 exmem=0 memwb=0 stall=0 flush=1
TRACE t=9975000 pc=80000e1c instr=00008413 idex=0 exmem=0 memwb=1 stall=0 flush=0
TRACE t=9985000 pc=80000e20 instr=010000ef idex=1 exmem=0 memwb=0 stall=0 flush=0
TRACE t=9995000 pc=80000e24 instr=00000297 idex=1 exmem=1 memwb=0 stall=0 flush=1
TRACE t=10015000 pc=80000e30 instr=00400313 idex=0 exmem=0 memwb=1 stall=0 flush=0
TRACE t=10025000 pc=80000e34 instr=00008067 idex=1 exmem=0 memwb=0 stall=0 flush=0
TRACE t=10035000 pc=80000e38 instr=000ff297 idex=1 exmem=1 memwb=0 stall=0 flush=1
TRACE t=10055000 pc=80000e24 instr=00000297 idex=0 exmem=0 memwb=1 stall=0 flush=0
TRACE t=10065000 pc=80000e28 instr=00509863 idex=1 exmem=0 memwb=0 stall=0 flush=0
TRACE t=10075000 pc=80000e2c instr=0280006f idex=1 exmem=1 memwb=0 stall=0 flush=0
TRACE t=10085000 pc=80000e30 instr=00400313 idex=1 exmem=1 memwb=1 stall=0 flush=1
TRACE t=10105000 pc=80000e54 instr=000ff297 idex=0 exmem=0 memwb=1 stall=0 flush=0
TRACE t=10115000 pc=80000e58 instr=1ac28293 idex=1 exmem=0 memwb=0 stall=0 flush=0
TRACE t=10125000 pc=80000e5c instr=0002a303 idex=1 exmem=1 memwb=0 stall=0 flush=0
TRACE t=10135000 pc=80000e60 instr=00130313 idex=1 exmem=1 memwb=1 stall=1 flush=0
TRACE t=10145000 pc=80000e60 instr=00130313 idex=0 exmem=1 memwb=1 stall=0 flush=0
TRACE t=10155000 pc=80000e64 instr=0062a023 idex=1 exmem=0 memwb=1 stall=0 flush=0
TRACE t=10165000 pc=80000e68 instr=00040093 idex=1 exmem=1 memwb=0 stall=0 flush=0
STORE t=10175000 addr=80100000 mask=2 data=00000021
TRACE t=10175000 pc=80000e6c instr=00008067 idex=1 exmem=1 memwb=1 stall=0 flush=0
TRACE t=10185000 pc=80000e70 instr=000ff297 idex=1 exmem=1 memwb=1 stall=0 flush=1
TRACE t=10205000 pc=80000608 instr=015000ef idex=0 exmem=0 memwb=1 stall=0 flush=0
TRACE t=10215000 pc=8000060c instr=7bc000ef idex=1 exmem=0 memwb=0 stall=0 flush=1
TRACE t=10235000 pc=80000e1c instr=00008413 idex=0 exmem=0 memwb=1 stall=0 flush=0
TRACE t=10245000 pc=80000e20 instr=010000ef idex=1 exmem=0 memwb=0 stall=0 flush=0
TRACE t=10255000 pc=80000e24 instr=00000297 idex=1 exmem=1 memwb=0 stall=0 flush=1
TRACE t=10275000 pc=80000e30 instr=00400313 idex=0 exmem=0 memwb=1 stall=0 flush=0
TRACE t=10285000 pc=80000e34 instr=00008067 idex=1 exmem=0 memwb=0 stall=0 flush=0
TRACE t=10295000 pc=80000e38 instr=000ff297 idex=1 exmem=1 memwb=0 stall=0 flush=1
TRACE t=10315000 pc=80000e24 instr=00000297 idex=0 exmem=0 memwb=1 stall=0 flush=0
TRACE t=10325000 pc=80000e28 instr=00509863 idex=1 exmem=0 memwb=0 stall=0 flush=0
TRACE t=10335000 pc=80000e2c instr=0280006f idex=1 exmem=1 memwb=0 stall=0 flush=0
TRACE t=10345000 pc=80000e30 instr=00400313 idex=1 exmem=1 memwb=1 stall=0 flush=1
TRACE t=10365000 pc=80000e54 instr=000ff297 idex=0 exmem=0 memwb=1 stall=0 flush=0
TRACE t=10375000 pc=80000e58 instr=1ac28293 idex=1 exmem=0 memwb=0 stall=0 flush=0
TRACE t=10385000 pc=80000e5c instr=0002a303 idex=1 exmem=1 memwb=0 stall=0 flush=0
TRACE t=10395000 pc=80000e60 instr=00130313 idex=1 exmem=1 memwb=1 stall=1 flush=0
TRACE t=10405000 pc=80000e60 instr=00130313 idex=0 exmem=1 memwb=1 stall=0 flush=0
TRACE t=10415000 pc=80000e64 instr=0062a023 idex=1 exmem=0 memwb=1 stall=0 flush=0
TRACE t=10425000 pc=80000e68 instr=00040093 idex=1 exmem=1 memwb=0 stall=0 flush=0
STORE t=10435000 addr=80100000 mask=2 data=00000022
TRACE t=10435000 pc=80000e6c instr=00008067 idex=1 exmem=1 memwb=1 stall=0 flush=0
TRACE t=10445000 pc=80000e70 instr=000ff297 idex=1 exmem=1 memwb=1 stall=0 flush=1
TRACE t=10465000 pc=80000608 instr=015000ef idex=0 exmem=0 memwb=1 stall=0 flush=0
TRACE t=10475000 pc=8000060c instr=7bc000ef idex=1 exmem=0 memwb=0 stall=0 flush=1
TRACE t=10495000 pc=80000e1c instr=00008413 idex=0 exmem=0 memwb=1 stall=0 flush=0
TRACE t=10505000 pc=80000e20 instr=010000ef idex=1 exmem=0 memwb=0 stall=0 flush=0
TRACE t=10515000 pc=80000e24 instr=00000297 idex=1 exmem=1 memwb=0 stall=0 flush=1
TRACE t=10535000 pc=80000e30 instr=00400313 idex=0 exmem=0 memwb=1 stall=0 flush=0
TRACE t=10545000 pc=80000e34 instr=00008067 idex=1 exmem=0 memwb=0 stall=0 flush=0
TRACE t=10555000 pc=80000e38 instr=000ff297 idex=1 exmem=1 memwb=0 stall=0 flush=1
TRACE t=10575000 pc=80000e24 instr=00000297 idex=0 exmem=0 memwb=1 stall=0 flush=0
TRACE t=10585000 pc=80000e28 instr=00509863 idex=1 exmem=0 memwb=0 stall=0 flush=0
TRACE t=10595000 pc=80000e2c instr=0280006f idex=1 exmem=1 memwb=0 stall=0 flush=0
TRACE t=10605000 pc=80000e30 instr=00400313 idex=1 exmem=1 memwb=1 stall=0 flush=1
TRACE t=10625000 pc=80000e54 instr=000ff297 idex=0 exmem=0 memwb=1 stall=0 flush=0
TRACE t=10635000 pc=80000e58 instr=1ac28293 idex=1 exmem=0 memwb=0 stall=0 flush=0
TRACE t=10645000 pc=80000e5c instr=0002a303 idex=1 exmem=1 memwb=0 stall=0 flush=0
TRACE t=10655000 pc=80000e60 instr=00130313 idex=1 exmem=1 memwb=1 stall=1 flush=0
TRACE t=10665000 pc=80000e60 instr=00130313 idex=0 exmem=1 memwb=1 stall=0 flush=0
TRACE t=10675000 pc=80000e64 instr=0062a023 idex=1 exmem=0 memwb=1 stall=0 flush=0
TRACE t=10685000 pc=80000e68 instr=00040093 idex=1 exmem=1 memwb=0 stall=0 flush=0
STORE t=10695000 addr=80100000 mask=2 data=00000023
TRACE t=10695000 pc=80000e6c instr=00008067 idex=1 exmem=1 memwb=1 stall=0 flush=0
TRACE t=10705000 pc=80000e70 instr=000ff297 idex=1 exmem=1 memwb=1 stall=0 flush=1
TRACE t=10725000 pc=80000608 instr=015000ef idex=0 exmem=0 memwb=1 stall=0 flush=0
TRACE t=10735000 pc=8000060c instr=7bc000ef idex=1 exmem=0 memwb=0 stall=0 flush=1
TRACE t=10755000 pc=80000e1c instr=00008413 idex=0 exmem=0 memwb=1 stall=0 flush=0
TRACE t=10765000 pc=80000e20 instr=010000ef idex=1 exmem=0 memwb=0 stall=0 flush=0
TRACE t=10775000 pc=80000e24 instr=00000297 idex=1 exmem=1 memwb=0 stall=0 flush=1
TRACE t=10795000 pc=80000e30 instr=00400313 idex=0 exmem=0 memwb=1 stall=0 flush=0
TRACE t=10805000 pc=80000e34 instr=00008067 idex=1 exmem=0 memwb=0 stall=0 flush=0
TRACE t=10815000 pc=80000e38 instr=000ff297 idex=1 exmem=1 memwb=0 stall=0 flush=1
TRACE t=10835000 pc=80000e24 instr=00000297 idex=0 exmem=0 memwb=1 stall=0 flush=0
TRACE t=10845000 pc=80000e28 instr=00509863 idex=1 exmem=0 memwb=0 stall=0 flush=0
TRACE t=10855000 pc=80000e2c instr=0280006f idex=1 exmem=1 memwb=0 stall=0 flush=0
TRACE t=10865000 pc=80000e30 instr=00400313 idex=1 exmem=1 memwb=1 stall=0 flush=1
TRACE t=10885000 pc=80000e54 instr=000ff297 idex=0 exmem=0 memwb=1 stall=0 flush=0
TRACE t=10895000 pc=80000e58 instr=1ac28293 idex=1 exmem=0 memwb=0 stall=0 flush=0
TRACE t=10905000 pc=80000e5c instr=0002a303 idex=1 exmem=1 memwb=0 stall=0 flush=0
TRACE t=10915000 pc=80000e60 instr=00130313 idex=1 exmem=1 memwb=1 stall=1 flush=0
TRACE t=10925000 pc=80000e60 instr=00130313 idex=0 exmem=1 memwb=1 stall=0 flush=0
TRACE t=10935000 pc=80000e64 instr=0062a023 idex=1 exmem=0 memwb=1 stall=0 flush=0
TRACE t=10945000 pc=80000e68 instr=00040093 idex=1 exmem=1 memwb=0 stall=0 flush=0
STORE t=10955000 addr=80100000 mask=2 data=00000024
TRACE t=10955000 pc=80000e6c instr=00008067 idex=1 exmem=1 memwb=1 stall=0 flush=0
TRACE t=10965000 pc=80000e70 instr=000ff297 idex=1 exmem=1 memwb=1 stall=0 flush=1
TRACE t=10985000 pc=80000608 instr=015000ef idex=0 exmem=0 memwb=1 stall=0 flush=0
TRACE t=10995000 pc=8000060c instr=7bc000ef idex=1 exmem=0 memwb=0 stall=0 flush=1
TRACE t=11015000 pc=80000e1c instr=00008413 idex=0 exmem=0 memwb=1 stall=0 flush=0
TRACE t=11025000 pc=80000e20 instr=010000ef idex=1 exmem=0 memwb=0 stall=0 flush=0
TRACE t=11035000 pc=80000e24 instr=00000297 idex=1 exmem=1 memwb=0 stall=0 flush=1
TRACE t=11055000 pc=80000e30 instr=00400313 idex=0 exmem=0 memwb=1 stall=0 flush=0
TRACE t=11065000 pc=80000e34 instr=00008067 idex=1 exmem=0 memwb=0 stall=0 flush=0
TRACE t=11075000 pc=80000e38 instr=000ff297 idex=1 exmem=1 memwb=0 stall=0 flush=1
TRACE t=11095000 pc=80000e24 instr=00000297 idex=0 exmem=0 memwb=1 stall=0 flush=0
TRACE t=11105000 pc=80000e28 instr=00509863 idex=1 exmem=0 memwb=0 stall=0 flush=0
TRACE t=11115000 pc=80000e2c instr=0280006f idex=1 exmem=1 memwb=0 stall=0 flush=0
TRACE t=11125000 pc=80000e30 instr=00400313 idex=1 exmem=1 memwb=1 stall=0 flush=1
TRACE t=11145000 pc=80000e54 instr=000ff297 idex=0 exmem=0 memwb=1 stall=0 flush=0
TRACE t=11155000 pc=80000e58 instr=1ac28293 idex=1 exmem=0 memwb=0 stall=0 flush=0
TRACE t=11165000 pc=80000e5c instr=0002a303 idex=1 exmem=1 memwb=0 stall=0 flush=0
TRACE t=11175000 pc=80000e60 instr=00130313 idex=1 exmem=1 memwb=1 stall=1 flush=0
TRACE t=11185000 pc=80000e60 instr=00130313 idex=0 exmem=1 memwb=1 stall=0 flush=0
TRACE t=11195000 pc=80000e64 instr=0062a023 idex=1 exmem=0 memwb=1 stall=0 flush=0
TRACE t=11205000 pc=80000e68 instr=00040093 idex=1 exmem=1 memwb=0 stall=0 flush=0
STORE t=11215000 addr=80100000 mask=2 data=00000025
TRACE t=11215000 pc=80000e6c instr=00008067 idex=1 exmem=1 memwb=1 stall=0 flush=0
TRACE t=11225000 pc=80000e70 instr=000ff297 idex=1 exmem=1 memwb=1 stall=0 flush=1
TRACE t=11245000 pc=80000608 instr=015000ef idex=0 exmem=0 memwb=1 stall=0 flush=0
TRACE t=11255000 pc=8000060c instr=7bc000ef idex=1 exmem=0 memwb=0 stall=0 flush=1
TRACE t=11275000 pc=80000e1c instr=00008413 idex=0 exmem=0 memwb=1 stall=0 flush=0
TRACE t=11285000 pc=80000e20 instr=010000ef idex=1 exmem=0 memwb=0 stall=0 flush=0
TRACE t=11295000 pc=80000e24 instr=00000297 idex=1 exmem=1 memwb=0 stall=0 flush=1
TRACE t=11315000 pc=80000e30 instr=00400313 idex=0 exmem=0 memwb=1 stall=0 flush=0
TRACE t=11325000 pc=80000e34 instr=00008067 idex=1 exmem=0 memwb=0 stall=0 flush=0
TRACE t=11335000 pc=80000e38 instr=000ff297 idex=1 exmem=1 memwb=0 stall=0 flush=1
TRACE t=11355000 pc=80000e24 instr=00000297 idex=0 exmem=0 memwb=1 stall=0 flush=0
TRACE t=11365000 pc=80000e28 instr=00509863 idex=1 exmem=0 memwb=0 stall=0 flush=0
TRACE t=11375000 pc=80000e2c instr=0280006f idex=1 exmem=1 memwb=0 stall=0 flush=0
TRACE t=11385000 pc=80000e30 instr=00400313 idex=1 exmem=1 memwb=1 stall=0 flush=1
TRACE t=11405000 pc=80000e54 instr=000ff297 idex=0 exmem=0 memwb=1 stall=0 flush=0
TRACE t=11415000 pc=80000e58 instr=1ac28293 idex=1 exmem=0 memwb=0 stall=0 flush=0
TRACE t=11425000 pc=80000e5c instr=0002a303 idex=1 exmem=1 memwb=0 stall=0 flush=0
TRACE t=11435000 pc=80000e60 instr=00130313 idex=1 exmem=1 memwb=1 stall=1 flush=0
TRACE t=11445000 pc=80000e60 instr=00130313 idex=0 exmem=1 memwb=1 stall=0 flush=0
TRACE t=11455000 pc=80000e64 instr=0062a023 idex=1 exmem=0 memwb=1 stall=0 flush=0
TRACE t=11465000 pc=80000e68 instr=00040093 idex=1 exmem=1 memwb=0 stall=0 flush=0
STORE t=11475000 addr=80100000 mask=2 data=00000026
TRACE t=11475000 pc=80000e6c instr=00008067 idex=1 exmem=1 memwb=1 stall=0 flush=0
TRACE t=11485000 pc=80000e70 instr=000ff297 idex=1 exmem=1 memwb=1 stall=0 flush=1
TRACE t=11505000 pc=80000608 instr=015000ef idex=0 exmem=0 memwb=1 stall=0 flush=0
TRACE t=11515000 pc=8000060c instr=7bc000ef idex=1 exmem=0 memwb=0 stall=0 flush=1
TRACE t=11535000 pc=80000e1c instr=00008413 idex=0 exmem=0 memwb=1 stall=0 flush=0
TRACE t=11545000 pc=80000e20 instr=010000ef idex=1 exmem=0 memwb=0 stall=0 flush=0
TRACE t=11555000 pc=80000e24 instr=00000297 idex=1 exmem=1 memwb=0 stall=0 flush=1
TRACE t=11575000 pc=80000e30 instr=00400313 idex=0 exmem=0 memwb=1 stall=0 flush=0
TRACE t=11585000 pc=80000e34 instr=00008067 idex=1 exmem=0 memwb=0 stall=0 flush=0
TRACE t=11595000 pc=80000e38 instr=000ff297 idex=1 exmem=1 memwb=0 stall=0 flush=1
TRACE t=11615000 pc=80000e24 instr=00000297 idex=0 exmem=0 memwb=1 stall=0 flush=0
TRACE t=11625000 pc=80000e28 instr=00509863 idex=1 exmem=0 memwb=0 stall=0 flush=0
TRACE t=11635000 pc=80000e2c instr=0280006f idex=1 exmem=1 memwb=0 stall=0 flush=0
TRACE t=11645000 pc=80000e30 instr=00400313 idex=1 exmem=1 memwb=1 stall=0 flush=1
TRACE t=11665000 pc=80000e54 instr=000ff297 idex=0 exmem=0 memwb=1 stall=0 flush=0
TRACE t=11675000 pc=80000e58 instr=1ac28293 idex=1 exmem=0 memwb=0 stall=0 flush=0
TRACE t=11685000 pc=80000e5c instr=0002a303 idex=1 exmem=1 memwb=0 stall=0 flush=0
TRACE t=11695000 pc=80000e60 instr=00130313 idex=1 exmem=1 memwb=1 stall=1 flush=0
TRACE t=11705000 pc=80000e60 instr=00130313 idex=0 exmem=1 memwb=1 stall=0 flush=0
TRACE t=11715000 pc=80000e64 instr=0062a023 idex=1 exmem=0 memwb=1 stall=0 flush=0
TRACE t=11725000 pc=80000e68 instr=00040093 idex=1 exmem=1 memwb=0 stall=0 flush=0
STORE t=11735000 addr=80100000 mask=2 data=00000027
TRACE t=11735000 pc=80000e6c instr=00008067 idex=1 exmem=1 memwb=1 stall=0 flush=0
TRACE t=11745000 pc=80000e70 instr=000ff297 idex=1 exmem=1 memwb=1 stall=0 flush=1
TRACE t=11765000 pc=80000608 instr=015000ef idex=0 exmem=0 memwb=1 stall=0 flush=0
TRACE t=11775000 pc=8000060c instr=7bc000ef idex=1 exmem=0 memwb=0 stall=0 flush=1
TRACE t=11795000 pc=80000e1c instr=00008413 idex=0 exmem=0 memwb=1 stall=0 flush=0
TRACE t=11805000 pc=80000e20 instr=010000ef idex=1 exmem=0 memwb=0 stall=0 flush=0
TRACE t=11815000 pc=80000e24 instr=00000297 idex=1 exmem=1 memwb=0 stall=0 flush=1
TRACE t=11835000 pc=80000e30 instr=00400313 idex=0 exmem=0 memwb=1 stall=0 flush=0
TRACE t=11845000 pc=80000e34 instr=00008067 idex=1 exmem=0 memwb=0 stall=0 flush=0
TRACE t=11855000 pc=80000e38 instr=000ff297 idex=1 exmem=1 memwb=0 stall=0 flush=1
TRACE t=11875000 pc=80000e24 instr=00000297 idex=0 exmem=0 memwb=1 stall=0 flush=0
TRACE t=11885000 pc=80000e28 instr=00509863 idex=1 exmem=0 memwb=0 stall=0 flush=0
TRACE t=11895000 pc=80000e2c instr=0280006f idex=1 exmem=1 memwb=0 stall=0 flush=0
TRACE t=11905000 pc=80000e30 instr=00400313 idex=1 exmem=1 memwb=1 stall=0 flush=1
TRACE t=11925000 pc=80000e54 instr=000ff297 idex=0 exmem=0 memwb=1 stall=0 flush=0
TRACE t=11935000 pc=80000e58 instr=1ac28293 idex=1 exmem=0 memwb=0 stall=0 flush=0
TRACE t=11945000 pc=80000e5c instr=0002a303 idex=1 exmem=1 memwb=0 stall=0 flush=0
TRACE t=11955000 pc=80000e60 instr=00130313 idex=1 exmem=1 memwb=1 stall=1 flush=0
TRACE t=11965000 pc=80000e60 instr=00130313 idex=0 exmem=1 memwb=1 stall=0 flush=0
TRACE t=11975000 pc=80000e64 instr=0062a023 idex=1 exmem=0 memwb=1 stall=0 flush=0
TRACE t=11985000 pc=80000e68 instr=00040093 idex=1 exmem=1 memwb=0 stall=0 flush=0
STORE t=11995000 addr=80100000 mask=2 data=00000028
TRACE t=11995000 pc=80000e6c instr=00008067 idex=1 exmem=1 memwb=1 stall=0 flush=0
TRACE t=12005000 pc=80000e70 instr=000ff297 idex=1 exmem=1 memwb=1 stall=0 flush=1
TRACE t=12025000 pc=80000608 instr=015000ef idex=0 exmem=0 memwb=1 stall=0 flush=0
TRACE t=12035000 pc=8000060c instr=7bc000ef idex=1 exmem=0 memwb=0 stall=0 flush=1
TRACE t=12055000 pc=80000e1c instr=00008413 idex=0 exmem=0 memwb=1 stall=0 flush=0
TRACE t=12065000 pc=80000e20 instr=010000ef idex=1 exmem=0 memwb=0 stall=0 flush=0
TRACE t=12075000 pc=80000e24 instr=00000297 idex=1 exmem=1 memwb=0 stall=0 flush=1
TRACE t=12095000 pc=80000e30 instr=00400313 idex=0 exmem=0 memwb=1 stall=0 flush=0
TRACE t=12105000 pc=80000e34 instr=00008067 idex=1 exmem=0 memwb=0 stall=0 flush=0
TRACE t=12115000 pc=80000e38 instr=000ff297 idex=1 exmem=1 memwb=0 stall=0 flush=1
TRACE t=12135000 pc=80000e24 instr=00000297 idex=0 exmem=0 memwb=1 stall=0 flush=0
TRACE t=12145000 pc=80000e28 instr=00509863 idex=1 exmem=0 memwb=0 stall=0 flush=0
TRACE t=12155000 pc=80000e2c instr=0280006f idex=1 exmem=1 memwb=0 stall=0 flush=0
TRACE t=12165000 pc=80000e30 instr=00400313 idex=1 exmem=1 memwb=1 stall=0 flush=1
TRACE t=12185000 pc=80000e54 instr=000ff297 idex=0 exmem=0 memwb=1 stall=0 flush=0
TRACE t=12195000 pc=80000e58 instr=1ac28293 idex=1 exmem=0 memwb=0 stall=0 flush=0
TRACE t=12205000 pc=80000e5c instr=0002a303 idex=1 exmem=1 memwb=0 stall=0 flush=0
TRACE t=12215000 pc=80000e60 instr=00130313 idex=1 exmem=1 memwb=1 stall=1 flush=0
TRACE t=12225000 pc=80000e60 instr=00130313 idex=0 exmem=1 memwb=1 stall=0 flush=0
TRACE t=12235000 pc=80000e64 instr=0062a023 idex=1 exmem=0 memwb=1 stall=0 flush=0
TRACE t=12245000 pc=80000e68 instr=00040093 idex=1 exmem=1 memwb=0 stall=0 flush=0
STORE t=12255000 addr=80100000 mask=2 data=00000029
TRACE t=12255000 pc=80000e6c instr=00008067 idex=1 exmem=1 memwb=1 stall=0 flush=0
TRACE t=12265000 pc=80000e70 instr=000ff297 idex=1 exmem=1 memwb=1 stall=0 flush=1
TRACE t=12285000 pc=80000608 instr=015000ef idex=0 exmem=0 memwb=1 stall=0 flush=0
TRACE t=12295000 pc=8000060c instr=7bc000ef idex=1 exmem=0 memwb=0 stall=0 flush=1
TRACE t=12315000 pc=80000e1c instr=00008413 idex=0 exmem=0 memwb=1 stall=0 flush=0
TRACE t=12325000 pc=80000e20 instr=010000ef idex=1 exmem=0 memwb=0 stall=0 flush=0
TRACE t=12335000 pc=80000e24 instr=00000297 idex=1 exmem=1 memwb=0 stall=0 flush=1
TRACE t=12355000 pc=80000e30 instr=00400313 idex=0 exmem=0 memwb=1 stall=0 flush=0
TRACE t=12365000 pc=80000e34 instr=00008067 idex=1 exmem=0 memwb=0 stall=0 flush=0
TRACE t=12375000 pc=80000e38 instr=000ff297 idex=1 exmem=1 memwb=0 stall=0 flush=1
TRACE t=12395000 pc=80000e24 instr=00000297 idex=0 exmem=0 memwb=1 stall=0 flush=0
TRACE t=12405000 pc=80000e28 instr=00509863 idex=1 exmem=0 memwb=0 stall=0 flush=0
TRACE t=12415000 pc=80000e2c instr=0280006f idex=1 exmem=1 memwb=0 stall=0 flush=0
TRACE t=12425000 pc=80000e30 instr=00400313 idex=1 exmem=1 memwb=1 stall=0 flush=1
TRACE t=12445000 pc=80000e54 instr=000ff297 idex=0 exmem=0 memwb=1 stall=0 flush=0
TRACE t=12455000 pc=80000e58 instr=1ac28293 idex=1 exmem=0 memwb=0 stall=0 flush=0
TRACE t=12465000 pc=80000e5c instr=0002a303 idex=1 exmem=1 memwb=0 stall=0 flush=0
TRACE t=12475000 pc=80000e60 instr=00130313 idex=1 exmem=1 memwb=1 stall=1 flush=0
TRACE t=12485000 pc=80000e60 instr=00130313 idex=0 exmem=1 memwb=1 stall=0 flush=0
TRACE t=12495000 pc=80000e64 instr=0062a023 idex=1 exmem=0 memwb=1 stall=0 flush=0
TRACE t=12505000 pc=80000e68 instr=00040093 idex=1 exmem=1 memwb=0 stall=0 flush=0
STORE t=12515000 addr=80100000 mask=2 data=0000002a
TRACE t=12515000 pc=80000e6c instr=00008067 idex=1 exmem=1 memwb=1 stall=0 flush=0
TRACE t=12525000 pc=80000e70 instr=000ff297 idex=1 exmem=1 memwb=1 stall=0 flush=1
TRACE t=12545000 pc=80000608 instr=015000ef idex=0 exmem=0 memwb=1 stall=0 flush=0
TRACE t=12555000 pc=8000060c instr=7bc000ef idex=1 exmem=0 memwb=0 stall=0 flush=1
TRACE t=12575000 pc=80000e1c instr=00008413 idex=0 exmem=0 memwb=1 stall=0 flush=0
TRACE t=12585000 pc=80000e20 instr=010000ef idex=1 exmem=0 memwb=0 stall=0 flush=0
TRACE t=12595000 pc=80000e24 instr=00000297 idex=1 exmem=1 memwb=0 stall=0 flush=1
TRACE t=12615000 pc=80000e30 instr=00400313 idex=0 exmem=0 memwb=1 stall=0 flush=0
TRACE t=12625000 pc=80000e34 instr=00008067 idex=1 exmem=0 memwb=0 stall=0 flush=0
TRACE t=12635000 pc=80000e38 instr=000ff297 idex=1 exmem=1 memwb=0 stall=0 flush=1
TRACE t=12655000 pc=80000e24 instr=00000297 idex=0 exmem=0 memwb=1 stall=0 flush=0
TRACE t=12665000 pc=80000e28 instr=00509863 idex=1 exmem=0 memwb=0 stall=0 flush=0
TRACE t=12675000 pc=80000e2c instr=0280006f idex=1 exmem=1 memwb=0 stall=0 flush=0
TRACE t=12685000 pc=80000e30 instr=00400313 idex=1 exmem=1 memwb=1 stall=0 flush=1
TRACE t=12705000 pc=80000e54 instr=000ff297 idex=0 exmem=0 memwb=1 stall=0 flush=0
TRACE t=12715000 pc=80000e58 instr=1ac28293 idex=1 exmem=0 memwb=0 stall=0 flush=0
TRACE t=12725000 pc=80000e5c instr=0002a303 idex=1 exmem=1 memwb=0 stall=0 flush=0
TRACE t=12735000 pc=80000e60 instr=00130313 idex=1 exmem=1 memwb=1 stall=1 flush=0
TRACE t=12745000 pc=80000e60 instr=00130313 idex=0 exmem=1 memwb=1 stall=0 flush=0
TRACE t=12755000 pc=80000e64 instr=0062a023 idex=1 exmem=0 memwb=1 stall=0 flush=0
TRACE t=12765000 pc=80000e68 instr=00040093 idex=1 exmem=1 memwb=0 stall=0 flush=0
STORE t=12775000 addr=80100000 mask=2 data=0000002b
TRACE t=12775000 pc=80000e6c instr=00008067 idex=1 exmem=1 memwb=1 stall=0 flush=0
TRACE t=12785000 pc=80000e70 instr=000ff297 idex=1 exmem=1 memwb=1 stall=0 flush=1
TRACE t=12805000 pc=80000608 instr=015000ef idex=0 exmem=0 memwb=1 stall=0 flush=0
TRACE t=12815000 pc=8000060c instr=7bc000ef idex=1 exmem=0 memwb=0 stall=0 flush=1
TRACE t=12835000 pc=80000e1c instr=00008413 idex=0 exmem=0 memwb=1 stall=0 flush=0
TRACE t=12845000 pc=80000e20 instr=010000ef idex=1 exmem=0 memwb=0 stall=0 flush=0
TRACE t=12855000 pc=80000e24 instr=00000297 idex=1 exmem=1 memwb=0 stall=0 flush=1
TRACE t=12875000 pc=80000e30 instr=00400313 idex=0 exmem=0 memwb=1 stall=0 flush=0
TRACE t=12885000 pc=80000e34 instr=00008067 idex=1 exmem=0 memwb=0 stall=0 flush=0
TRACE t=12895000 pc=80000e38 instr=000ff297 idex=1 exmem=1 memwb=0 stall=0 flush=1
TRACE t=12915000 pc=80000e24 instr=00000297 idex=0 exmem=0 memwb=1 stall=0 flush=0
TRACE t=12925000 pc=80000e28 instr=00509863 idex=1 exmem=0 memwb=0 stall=0 flush=0
TRACE t=12935000 pc=80000e2c instr=0280006f idex=1 exmem=1 memwb=0 stall=0 flush=0
TRACE t=12945000 pc=80000e30 instr=00400313 idex=1 exmem=1 memwb=1 stall=0 flush=1
TRACE t=12965000 pc=80000e54 instr=000ff297 idex=0 exmem=0 memwb=1 stall=0 flush=0
TRACE t=12975000 pc=80000e58 instr=1ac28293 idex=1 exmem=0 memwb=0 stall=0 flush=0
TRACE t=12985000 pc=80000e5c instr=0002a303 idex=1 exmem=1 memwb=0 stall=0 flush=0
TRACE t=12995000 pc=80000e60 instr=00130313 idex=1 exmem=1 memwb=1 stall=1 flush=0
TRACE t=13005000 pc=80000e60 instr=00130313 idex=0 exmem=1 memwb=1 stall=0 flush=0
TRACE t=13015000 pc=80000e64 instr=0062a023 idex=1 exmem=0 memwb=1 stall=0 flush=0
TRACE t=13025000 pc=80000e68 instr=00040093 idex=1 exmem=1 memwb=0 stall=0 flush=0
STORE t=13035000 addr=80100000 mask=2 data=0000002c
TRACE t=13035000 pc=80000e6c instr=00008067 idex=1 exmem=1 memwb=1 stall=0 flush=0
TRACE t=13045000 pc=80000e70 instr=000ff297 idex=1 exmem=1 memwb=1 stall=0 flush=1
TRACE t=13065000 pc=80000608 instr=015000ef idex=0 exmem=0 memwb=1 stall=0 flush=0
TRACE t=13075000 pc=8000060c instr=7bc000ef idex=1 exmem=0 memwb=0 stall=0 flush=1
TRACE t=13095000 pc=80000e1c instr=00008413 idex=0 exmem=0 memwb=1 stall=0 flush=0
TRACE t=13105000 pc=80000e20 instr=010000ef idex=1 exmem=0 memwb=0 stall=0 flush=0
TRACE t=13115000 pc=80000e24 instr=00000297 idex=1 exmem=1 memwb=0 stall=0 flush=1
TRACE t=13135000 pc=80000e30 instr=00400313 idex=0 exmem=0 memwb=1 stall=0 flush=0
TRACE t=13145000 pc=80000e34 instr=00008067 idex=1 exmem=0 memwb=0 stall=0 flush=0
TRACE t=13155000 pc=80000e38 instr=000ff297 idex=1 exmem=1 memwb=0 stall=0 flush=1
TRACE t=13175000 pc=80000e24 instr=00000297 idex=0 exmem=0 memwb=1 stall=0 flush=0
TRACE t=13185000 pc=80000e28 instr=00509863 idex=1 exmem=0 memwb=0 stall=0 flush=0
TRACE t=13195000 pc=80000e2c instr=0280006f idex=1 exmem=1 memwb=0 stall=0 flush=0
TRACE t=13205000 pc=80000e30 instr=00400313 idex=1 exmem=1 memwb=1 stall=0 flush=1
TRACE t=13225000 pc=80000e54 instr=000ff297 idex=0 exmem=0 memwb=1 stall=0 flush=0
TRACE t=13235000 pc=80000e58 instr=1ac28293 idex=1 exmem=0 memwb=0 stall=0 flush=0
TRACE t=13245000 pc=80000e5c instr=0002a303 idex=1 exmem=1 memwb=0 stall=0 flush=0
TRACE t=13255000 pc=80000e60 instr=00130313 idex=1 exmem=1 memwb=1 stall=1 flush=0
TRACE t=13265000 pc=80000e60 instr=00130313 idex=0 exmem=1 memwb=1 stall=0 flush=0
TRACE t=13275000 pc=80000e64 instr=0062a023 idex=1 exmem=0 memwb=1 stall=0 flush=0
TRACE t=13285000 pc=80000e68 instr=00040093 idex=1 exmem=1 memwb=0 stall=0 flush=0
STORE t=13295000 addr=80100000 mask=2 data=0000002d
TRACE t=13295000 pc=80000e6c instr=00008067 idex=1 exmem=1 memwb=1 stall=0 flush=0
TRACE t=13305000 pc=80000e70 instr=000ff297 idex=1 exmem=1 memwb=1 stall=0 flush=1
TRACE t=13325000 pc=80000608 instr=015000ef idex=0 exmem=0 memwb=1 stall=0 flush=0
TRACE t=13335000 pc=8000060c instr=7bc000ef idex=1 exmem=0 memwb=0 stall=0 flush=1
TRACE t=13355000 pc=80000e1c instr=00008413 idex=0 exmem=0 memwb=1 stall=0 flush=0
TRACE t=13365000 pc=80000e20 instr=010000ef idex=1 exmem=0 memwb=0 stall=0 flush=0
TRACE t=13375000 pc=80000e24 instr=00000297 idex=1 exmem=1 memwb=0 stall=0 flush=1
TRACE t=13395000 pc=80000e30 instr=00400313 idex=0 exmem=0 memwb=1 stall=0 flush=0
TRACE t=13405000 pc=80000e34 instr=00008067 idex=1 exmem=0 memwb=0 stall=0 flush=0
TRACE t=13415000 pc=80000e38 instr=000ff297 idex=1 exmem=1 memwb=0 stall=0 flush=1
TRACE t=13435000 pc=80000e24 instr=00000297 idex=0 exmem=0 memwb=1 stall=0 flush=0
TRACE t=13445000 pc=80000e28 instr=00509863 idex=1 exmem=0 memwb=0 stall=0 flush=0
TRACE t=13455000 pc=80000e2c instr=0280006f idex=1 exmem=1 memwb=0 stall=0 flush=0
TRACE t=13465000 pc=80000e30 instr=00400313 idex=1 exmem=1 memwb=1 stall=0 flush=1
TRACE t=13485000 pc=80000e54 instr=000ff297 idex=0 exmem=0 memwb=1 stall=0 flush=0
TRACE t=13495000 pc=80000e58 instr=1ac28293 idex=1 exmem=0 memwb=0 stall=0 flush=0
TRACE t=13505000 pc=80000e5c instr=0002a303 idex=1 exmem=1 memwb=0 stall=0 flush=0
TRACE t=13515000 pc=80000e60 instr=00130313 idex=1 exmem=1 memwb=1 stall=1 flush=0
TRACE t=13525000 pc=80000e60 instr=00130313 idex=0 exmem=1 memwb=1 stall=0 flush=0
TRACE t=13535000 pc=80000e64 instr=0062a023 idex=1 exmem=0 memwb=1 stall=0 flush=0
TRACE t=13545000 pc=80000e68 instr=00040093 idex=1 exmem=1 memwb=0 stall=0 flush=0
STORE t=13555000 addr=80100000 mask=2 data=0000002e
TRACE t=13555000 pc=80000e6c instr=00008067 idex=1 exmem=1 memwb=1 stall=0 flush=0
TRACE t=13565000 pc=80000e70 instr=000ff297 idex=1 exmem=1 memwb=1 stall=0 flush=1
TRACE t=13585000 pc=80000608 instr=015000ef idex=0 exmem=0 memwb=1 stall=0 flush=0
TRACE t=13595000 pc=8000060c instr=7bc000ef idex=1 exmem=0 memwb=0 stall=0 flush=1
TRACE t=13615000 pc=80000e1c instr=00008413 idex=0 exmem=0 memwb=1 stall=0 flush=0
TRACE t=13625000 pc=80000e20 instr=010000ef idex=1 exmem=0 memwb=0 stall=0 flush=0
TRACE t=13635000 pc=80000e24 instr=00000297 idex=1 exmem=1 memwb=0 stall=0 flush=1
TRACE t=13655000 pc=80000e30 instr=00400313 idex=0 exmem=0 memwb=1 stall=0 flush=0
TRACE t=13665000 pc=80000e34 instr=00008067 idex=1 exmem=0 memwb=0 stall=0 flush=0
TRACE t=13675000 pc=80000e38 instr=000ff297 idex=1 exmem=1 memwb=0 stall=0 flush=1
TRACE t=13695000 pc=80000e24 instr=00000297 idex=0 exmem=0 memwb=1 stall=0 flush=0
TRACE t=13705000 pc=80000e28 instr=00509863 idex=1 exmem=0 memwb=0 stall=0 flush=0
TRACE t=13715000 pc=80000e2c instr=0280006f idex=1 exmem=1 memwb=0 stall=0 flush=0
TRACE t=13725000 pc=80000e30 instr=00400313 idex=1 exmem=1 memwb=1 stall=0 flush=1
TRACE t=13745000 pc=80000e54 instr=000ff297 idex=0 exmem=0 memwb=1 stall=0 flush=0
TRACE t=13755000 pc=80000e58 instr=1ac28293 idex=1 exmem=0 memwb=0 stall=0 flush=0
TRACE t=13765000 pc=80000e5c instr=0002a303 idex=1 exmem=1 memwb=0 stall=0 flush=0
TRACE t=13775000 pc=80000e60 instr=00130313 idex=1 exmem=1 memwb=1 stall=1 flush=0
TRACE t=13785000 pc=80000e60 instr=00130313 idex=0 exmem=1 memwb=1 stall=0 flush=0
TRACE t=13795000 pc=80000e64 instr=0062a023 idex=1 exmem=0 memwb=1 stall=0 flush=0
TRACE t=13805000 pc=80000e68 instr=00040093 idex=1 exmem=1 memwb=0 stall=0 flush=0
STORE t=13815000 addr=80100000 mask=2 data=0000002f
TRACE t=13815000 pc=80000e6c instr=00008067 idex=1 exmem=1 memwb=1 stall=0 flush=0
TRACE t=13825000 pc=80000e70 instr=000ff297 idex=1 exmem=1 memwb=1 stall=0 flush=1
TRACE t=13845000 pc=80000608 instr=015000ef idex=0 exmem=0 memwb=1 stall=0 flush=0
TRACE t=13855000 pc=8000060c instr=7bc000ef idex=1 exmem=0 memwb=0 stall=0 flush=1
TRACE t=13875000 pc=80000e1c instr=00008413 idex=0 exmem=0 memwb=1 stall=0 flush=0
TRACE t=13885000 pc=80000e20 instr=010000ef idex=1 exmem=0 memwb=0 stall=0 flush=0
TRACE t=13895000 pc=80000e24 instr=00000297 idex=1 exmem=1 memwb=0 stall=0 flush=1
TRACE t=13915000 pc=80000e30 instr=00400313 idex=0 exmem=0 memwb=1 stall=0 flush=0
TRACE t=13925000 pc=80000e34 instr=00008067 idex=1 exmem=0 memwb=0 stall=0 flush=0
TRACE t=13935000 pc=80000e38 instr=000ff297 idex=1 exmem=1 memwb=0 stall=0 flush=1
TRACE t=13955000 pc=80000e24 instr=00000297 idex=0 exmem=0 memwb=1 stall=0 flush=0
TRACE t=13965000 pc=80000e28 instr=00509863 idex=1 exmem=0 memwb=0 stall=0 flush=0
TRACE t=13975000 pc=80000e2c instr=0280006f idex=1 exmem=1 memwb=0 stall=0 flush=0
TRACE t=13985000 pc=80000e30 instr=00400313 idex=1 exmem=1 memwb=1 stall=0 flush=1
TRACE t=14005000 pc=80000e54 instr=000ff297 idex=0 exmem=0 memwb=1 stall=0 flush=0
TRACE t=14015000 pc=80000e58 instr=1ac28293 idex=1 exmem=0 memwb=0 stall=0 flush=0
TRACE t=14025000 pc=80000e5c instr=0002a303 idex=1 exmem=1 memwb=0 stall=0 flush=0
TRACE t=14035000 pc=80000e60 instr=00130313 idex=1 exmem=1 memwb=1 stall=1 flush=0
TRACE t=14045000 pc=80000e60 instr=00130313 idex=0 exmem=1 memwb=1 stall=0 flush=0
TRACE t=14055000 pc=80000e64 instr=0062a023 idex=1 exmem=0 memwb=1 stall=0 flush=0
TRACE t=14065000 pc=80000e68 instr=00040093 idex=1 exmem=1 memwb=0 stall=0 flush=0
STORE t=14075000 addr=80100000 mask=2 data=00000030
TRACE t=14075000 pc=80000e6c instr=00008067 idex=1 exmem=1 memwb=1 stall=0 flush=0
TRACE t=14085000 pc=80000e70 instr=000ff297 idex=1 exmem=1 memwb=1 stall=0 flush=1
TRACE t=14105000 pc=80000608 instr=015000ef idex=0 exmem=0 memwb=1 stall=0 flush=0
TRACE t=14115000 pc=8000060c instr=7bc000ef idex=1 exmem=0 memwb=0 stall=0 flush=1
TRACE t=14135000 pc=80000e1c instr=00008413 idex=0 exmem=0 memwb=1 stall=0 flush=0
TRACE t=14145000 pc=80000e20 instr=010000ef idex=1 exmem=0 memwb=0 stall=0 flush=0
TRACE t=14155000 pc=80000e24 instr=00000297 idex=1 exmem=1 memwb=0 stall=0 flush=1
TRACE t=14175000 pc=80000e30 instr=00400313 idex=0 exmem=0 memwb=1 stall=0 flush=0
TRACE t=14185000 pc=80000e34 instr=00008067 idex=1 exmem=0 memwb=0 stall=0 flush=0
TRACE t=14195000 pc=80000e38 instr=000ff297 idex=1 exmem=1 memwb=0 stall=0 flush=1
TRACE t=14215000 pc=80000e24 instr=00000297 idex=0 exmem=0 memwb=1 stall=0 flush=0
TRACE t=14225000 pc=80000e28 instr=00509863 idex=1 exmem=0 memwb=0 stall=0 flush=0
TRACE t=14235000 pc=80000e2c instr=0280006f idex=1 exmem=1 memwb=0 stall=0 flush=0
TRACE t=14245000 pc=80000e30 instr=00400313 idex=1 exmem=1 memwb=1 stall=0 flush=1
TRACE t=14265000 pc=80000e54 instr=000ff297 idex=0 exmem=0 memwb=1 stall=0 flush=0
TRACE t=14275000 pc=80000e58 instr=1ac28293 idex=1 exmem=0 memwb=0 stall=0 flush=0
TRACE t=14285000 pc=80000e5c instr=0002a303 idex=1 exmem=1 memwb=0 stall=0 flush=0
TRACE t=14295000 pc=80000e60 instr=00130313 idex=1 exmem=1 memwb=1 stall=1 flush=0
TRACE t=14305000 pc=80000e60 instr=00130313 idex=0 exmem=1 memwb=1 stall=0 flush=0
TRACE t=14315000 pc=80000e64 instr=0062a023 idex=1 exmem=0 memwb=1 stall=0 flush=0
TRACE t=14325000 pc=80000e68 instr=00040093 idex=1 exmem=1 memwb=0 stall=0 flush=0
STORE t=14335000 addr=80100000 mask=2 data=00000031
TRACE t=14335000 pc=80000e6c instr=00008067 idex=1 exmem=1 memwb=1 stall=0 flush=0
TRACE t=14345000 pc=80000e70 instr=000ff297 idex=1 exmem=1 memwb=1 stall=0 flush=1
TRACE t=14365000 pc=80000608 instr=015000ef idex=0 exmem=0 memwb=1 stall=0 flush=0
TRACE t=14375000 pc=8000060c instr=7bc000ef idex=1 exmem=0 memwb=0 stall=0 flush=1
TRACE t=14395000 pc=80000e1c instr=00008413 idex=0 exmem=0 memwb=1 stall=0 flush=0
TRACE t=14405000 pc=80000e20 instr=010000ef idex=1 exmem=0 memwb=0 stall=0 flush=0
TRACE t=14415000 pc=80000e24 instr=00000297 idex=1 exmem=1 memwb=0 stall=0 flush=1
TRACE t=14435000 pc=80000e30 instr=00400313 idex=0 exmem=0 memwb=1 stall=0 flush=0
TRACE t=14445000 pc=80000e34 instr=00008067 idex=1 exmem=0 memwb=0 stall=0 flush=0
TRACE t=14455000 pc=80000e38 instr=000ff297 idex=1 exmem=1 memwb=0 stall=0 flush=1
TRACE t=14475000 pc=80000e24 instr=00000297 idex=0 exmem=0 memwb=1 stall=0 flush=0
TRACE t=14485000 pc=80000e28 instr=00509863 idex=1 exmem=0 memwb=0 stall=0 flush=0
TRACE t=14495000 pc=80000e2c instr=0280006f idex=1 exmem=1 memwb=0 stall=0 flush=0
TRACE t=14505000 pc=80000e30 instr=00400313 idex=1 exmem=1 memwb=1 stall=0 flush=1
TRACE t=14525000 pc=80000e54 instr=000ff297 idex=0 exmem=0 memwb=1 stall=0 flush=0
TRACE t=14535000 pc=80000e58 instr=1ac28293 idex=1 exmem=0 memwb=0 stall=0 flush=0
TRACE t=14545000 pc=80000e5c instr=0002a303 idex=1 exmem=1 memwb=0 stall=0 flush=0
TRACE t=14555000 pc=80000e60 instr=00130313 idex=1 exmem=1 memwb=1 stall=1 flush=0
TRACE t=14565000 pc=80000e60 instr=00130313 idex=0 exmem=1 memwb=1 stall=0 flush=0
TRACE t=14575000 pc=80000e64 instr=0062a023 idex=1 exmem=0 memwb=1 stall=0 flush=0
TRACE t=14585000 pc=80000e68 instr=00040093 idex=1 exmem=1 memwb=0 stall=0 flush=0
STORE t=14595000 addr=80100000 mask=2 data=00000032
TRACE t=14595000 pc=80000e6c instr=00008067 idex=1 exmem=1 memwb=1 stall=0 flush=0
TRACE t=14605000 pc=80000e70 instr=000ff297 idex=1 exmem=1 memwb=1 stall=0 flush=1
TRACE t=14625000 pc=80000608 instr=015000ef idex=0 exmem=0 memwb=1 stall=0 flush=0
TRACE t=14635000 pc=8000060c instr=7bc000ef idex=1 exmem=0 memwb=0 stall=0 flush=1
TRACE t=14655000 pc=80000e1c instr=00008413 idex=0 exmem=0 memwb=1 stall=0 flush=0
TRACE t=14665000 pc=80000e20 instr=010000ef idex=1 exmem=0 memwb=0 stall=0 flush=0
TRACE t=14675000 pc=80000e24 instr=00000297 idex=1 exmem=1 memwb=0 stall=0 flush=1
TRACE t=14695000 pc=80000e30 instr=00400313 idex=0 exmem=0 memwb=1 stall=0 flush=0
TRACE t=14705000 pc=80000e34 instr=00008067 idex=1 exmem=0 memwb=0 stall=0 flush=0
TRACE t=14715000 pc=80000e38 instr=000ff297 idex=1 exmem=1 memwb=0 stall=0 flush=1
TRACE t=14735000 pc=80000e24 instr=00000297 idex=0 exmem=0 memwb=1 stall=0 flush=0
TRACE t=14745000 pc=80000e28 instr=00509863 idex=1 exmem=0 memwb=0 stall=0 flush=0
TRACE t=14755000 pc=80000e2c instr=0280006f idex=1 exmem=1 memwb=0 stall=0 flush=0
TRACE t=14765000 pc=80000e30 instr=00400313 idex=1 exmem=1 memwb=1 stall=0 flush=1
TRACE t=14785000 pc=80000e54 instr=000ff297 idex=0 exmem=0 memwb=1 stall=0 flush=0
TRACE t=14795000 pc=80000e58 instr=1ac28293 idex=1 exmem=0 memwb=0 stall=0 flush=0
TRACE t=14805000 pc=80000e5c instr=0002a303 idex=1 exmem=1 memwb=0 stall=0 flush=0
TRACE t=14815000 pc=80000e60 instr=00130313 idex=1 exmem=1 memwb=1 stall=1 flush=0
TRACE t=14825000 pc=80000e60 instr=00130313 idex=0 exmem=1 memwb=1 stall=0 flush=0
TRACE t=14835000 pc=80000e64 instr=0062a023 idex=1 exmem=0 memwb=1 stall=0 flush=0
TRACE t=14845000 pc=80000e68 instr=00040093 idex=1 exmem=1 memwb=0 stall=0 flush=0
STORE t=14855000 addr=80100000 mask=2 data=00000033
TRACE t=14855000 pc=80000e6c instr=00008067 idex=1 exmem=1 memwb=1 stall=0 flush=0
TRACE t=14865000 pc=80000e70 instr=000ff297 idex=1 exmem=1 memwb=1 stall=0 flush=1
TRACE t=14885000 pc=80000608 instr=015000ef idex=0 exmem=0 memwb=1 stall=0 flush=0
TRACE t=14895000 pc=8000060c instr=7bc000ef idex=1 exmem=0 memwb=0 stall=0 flush=1
TRACE t=14915000 pc=80000e1c instr=00008413 idex=0 exmem=0 memwb=1 stall=0 flush=0
TRACE t=14925000 pc=80000e20 instr=010000ef idex=1 exmem=0 memwb=0 stall=0 flush=0
TRACE t=14935000 pc=80000e24 instr=00000297 idex=1 exmem=1 memwb=0 stall=0 flush=1
TRACE t=14955000 pc=80000e30 instr=00400313 idex=0 exmem=0 memwb=1 stall=0 flush=0
TRACE t=14965000 pc=80000e34 instr=00008067 idex=1 exmem=0 memwb=0 stall=0 flush=0
TRACE t=14975000 pc=80000e38 instr=000ff297 idex=1 exmem=1 memwb=0 stall=0 flush=1
TRACE t=14995000 pc=80000e24 instr=00000297 idex=0 exmem=0 memwb=1 stall=0 flush=0
TRACE t=15005000 pc=80000e28 instr=00509863 idex=1 exmem=0 memwb=0 stall=0 flush=0
TRACE t=15015000 pc=80000e2c instr=0280006f idex=1 exmem=1 memwb=0 stall=0 flush=0
TRACE t=15025000 pc=80000e30 instr=00400313 idex=1 exmem=1 memwb=1 stall=0 flush=1
TRACE t=15045000 pc=80000e54 instr=000ff297 idex=0 exmem=0 memwb=1 stall=0 flush=0
TRACE t=15055000 pc=80000e58 instr=1ac28293 idex=1 exmem=0 memwb=0 stall=0 flush=0
TRACE t=15065000 pc=80000e5c instr=0002a303 idex=1 exmem=1 memwb=0 stall=0 flush=0
TRACE t=15075000 pc=80000e60 instr=00130313 idex=1 exmem=1 memwb=1 stall=1 flush=0
TRACE t=15085000 pc=80000e60 instr=00130313 idex=0 exmem=1 memwb=1 stall=0 flush=0
TRACE t=15095000 pc=80000e64 instr=0062a023 idex=1 exmem=0 memwb=1 stall=0 flush=0
TRACE t=15105000 pc=80000e68 instr=00040093 idex=1 exmem=1 memwb=0 stall=0 flush=0
STORE t=15115000 addr=80100000 mask=2 data=00000034
TRACE t=15115000 pc=80000e6c instr=00008067 idex=1 exmem=1 memwb=1 stall=0 flush=0
TRACE t=15125000 pc=80000e70 instr=000ff297 idex=1 exmem=1 memwb=1 stall=0 flush=1
TRACE t=15145000 pc=80000608 instr=015000ef idex=0 exmem=0 memwb=1 stall=0 flush=0
TRACE t=15155000 pc=8000060c instr=7bc000ef idex=1 exmem=0 memwb=0 stall=0 flush=1
TRACE t=15175000 pc=80000e1c instr=00008413 idex=0 exmem=0 memwb=1 stall=0 flush=0
TRACE t=15185000 pc=80000e20 instr=010000ef idex=1 exmem=0 memwb=0 stall=0 flush=0
TRACE t=15195000 pc=80000e24 instr=00000297 idex=1 exmem=1 memwb=0 stall=0 flush=1
TRACE t=15215000 pc=80000e30 instr=00400313 idex=0 exmem=0 memwb=1 stall=0 flush=0
TRACE t=15225000 pc=80000e34 instr=00008067 idex=1 exmem=0 memwb=0 stall=0 flush=0
TRACE t=15235000 pc=80000e38 instr=000ff297 idex=1 exmem=1 memwb=0 stall=0 flush=1
TRACE t=15255000 pc=80000e24 instr=00000297 idex=0 exmem=0 memwb=1 stall=0 flush=0
TRACE t=15265000 pc=80000e28 instr=00509863 idex=1 exmem=0 memwb=0 stall=0 flush=0
TRACE t=15275000 pc=80000e2c instr=0280006f idex=1 exmem=1 memwb=0 stall=0 flush=0
TRACE t=15285000 pc=80000e30 instr=00400313 idex=1 exmem=1 memwb=1 stall=0 flush=1
TRACE t=15305000 pc=80000e54 instr=000ff297 idex=0 exmem=0 memwb=1 stall=0 flush=0
TRACE t=15315000 pc=80000e58 instr=1ac28293 idex=1 exmem=0 memwb=0 stall=0 flush=0
TRACE t=15325000 pc=80000e5c instr=0002a303 idex=1 exmem=1 memwb=0 stall=0 flush=0
TRACE t=15335000 pc=80000e60 instr=00130313 idex=1 exmem=1 memwb=1 stall=1 flush=0
TRACE t=15345000 pc=80000e60 instr=00130313 idex=0 exmem=1 memwb=1 stall=0 flush=0
TRACE t=15355000 pc=80000e64 instr=0062a023 idex=1 exmem=0 memwb=1 stall=0 flush=0
TRACE t=15365000 pc=80000e68 instr=00040093 idex=1 exmem=1 memwb=0 stall=0 flush=0
STORE t=15375000 addr=80100000 mask=2 data=00000035
TRACE t=15375000 pc=80000e6c instr=00008067 idex=1 exmem=1 memwb=1 stall=0 flush=0
TRACE t=15385000 pc=80000e70 instr=000ff297 idex=1 exmem=1 memwb=1 stall=0 flush=1
TRACE t=15405000 pc=80000608 instr=015000ef idex=0 exmem=0 memwb=1 stall=0 flush=0
TRACE t=15415000 pc=8000060c instr=7bc000ef idex=1 exmem=0 memwb=0 stall=0 flush=1
TRACE t=15435000 pc=80000e1c instr=00008413 idex=0 exmem=0 memwb=1 stall=0 flush=0
TRACE t=15445000 pc=80000e20 instr=010000ef idex=1 exmem=0 memwb=0 stall=0 flush=0
TRACE t=15455000 pc=80000e24 instr=00000297 idex=1 exmem=1 memwb=0 stall=0 flush=1
TRACE t=15475000 pc=80000e30 instr=00400313 idex=0 exmem=0 memwb=1 stall=0 flush=0
TRACE t=15485000 pc=80000e34 instr=00008067 idex=1 exmem=0 memwb=0 stall=0 flush=0
TRACE t=15495000 pc=80000e38 instr=000ff297 idex=1 exmem=1 memwb=0 stall=0 flush=1
TRACE t=15515000 pc=80000e24 instr=00000297 idex=0 exmem=0 memwb=1 stall=0 flush=0
TRACE t=15525000 pc=80000e28 instr=00509863 idex=1 exmem=0 memwb=0 stall=0 flush=0
TRACE t=15535000 pc=80000e2c instr=0280006f idex=1 exmem=1 memwb=0 stall=0 flush=0
TRACE t=15545000 pc=80000e30 instr=00400313 idex=1 exmem=1 memwb=1 stall=0 flush=1
TRACE t=15565000 pc=80000e54 instr=000ff297 idex=0 exmem=0 memwb=1 stall=0 flush=0
TRACE t=15575000 pc=80000e58 instr=1ac28293 idex=1 exmem=0 memwb=0 stall=0 flush=0
TRACE t=15585000 pc=80000e5c instr=0002a303 idex=1 exmem=1 memwb=0 stall=0 flush=0
TRACE t=15595000 pc=80000e60 instr=00130313 idex=1 exmem=1 memwb=1 stall=1 flush=0
TRACE t=15605000 pc=80000e60 instr=00130313 idex=0 exmem=1 memwb=1 stall=0 flush=0
TRACE t=15615000 pc=80000e64 instr=0062a023 idex=1 exmem=0 memwb=1 stall=0 flush=0
TRACE t=15625000 pc=80000e68 instr=00040093 idex=1 exmem=1 memwb=0 stall=0 flush=0
STORE t=15635000 addr=80100000 mask=2 data=00000036
TRACE t=15635000 pc=80000e6c instr=00008067 idex=1 exmem=1 memwb=1 stall=0 flush=0
TRACE t=15645000 pc=80000e70 instr=000ff297 idex=1 exmem=1 memwb=1 stall=0 flush=1
TRACE t=15665000 pc=80000608 instr=015000ef idex=0 exmem=0 memwb=1 stall=0 flush=0
TRACE t=15675000 pc=8000060c instr=7bc000ef idex=1 exmem=0 memwb=0 stall=0 flush=1
TRACE t=15695000 pc=80000e1c instr=00008413 idex=0 exmem=0 memwb=1 stall=0 flush=0
TRACE t=15705000 pc=80000e20 instr=010000ef idex=1 exmem=0 memwb=0 stall=0 flush=0
TRACE t=15715000 pc=80000e24 instr=00000297 idex=1 exmem=1 memwb=0 stall=0 flush=1
TRACE t=15735000 pc=80000e30 instr=00400313 idex=0 exmem=0 memwb=1 stall=0 flush=0
TRACE t=15745000 pc=80000e34 instr=00008067 idex=1 exmem=0 memwb=0 stall=0 flush=0
TRACE t=15755000 pc=80000e38 instr=000ff297 idex=1 exmem=1 memwb=0 stall=0 flush=1
TRACE t=15775000 pc=80000e24 instr=00000297 idex=0 exmem=0 memwb=1 stall=0 flush=0
TRACE t=15785000 pc=80000e28 instr=00509863 idex=1 exmem=0 memwb=0 stall=0 flush=0
TRACE t=15795000 pc=80000e2c instr=0280006f idex=1 exmem=1 memwb=0 stall=0 flush=0
TRACE t=15805000 pc=80000e30 instr=00400313 idex=1 exmem=1 memwb=1 stall=0 flush=1
TRACE t=15825000 pc=80000e54 instr=000ff297 idex=0 exmem=0 memwb=1 stall=0 flush=0
TRACE t=15835000 pc=80000e58 instr=1ac28293 idex=1 exmem=0 memwb=0 stall=0 flush=0
TRACE t=15845000 pc=80000e5c instr=0002a303 idex=1 exmem=1 memwb=0 stall=0 flush=0
TRACE t=15855000 pc=80000e60 instr=00130313 idex=1 exmem=1 memwb=1 stall=1 flush=0
TRACE t=15865000 pc=80000e60 instr=00130313 idex=0 exmem=1 memwb=1 stall=0 flush=0
TRACE t=15875000 pc=80000e64 instr=0062a023 idex=1 exmem=0 memwb=1 stall=0 flush=0
TRACE t=15885000 pc=80000e68 instr=00040093 idex=1 exmem=1 memwb=0 stall=0 flush=0
STORE t=15895000 addr=80100000 mask=2 data=00000037
TRACE t=15895000 pc=80000e6c instr=00008067 idex=1 exmem=1 memwb=1 stall=0 flush=0
TRACE t=15905000 pc=80000e70 instr=000ff297 idex=1 exmem=1 memwb=1 stall=0 flush=1
TRACE t=15925000 pc=80000608 instr=015000ef idex=0 exmem=0 memwb=1 stall=0 flush=0
TRACE t=15935000 pc=8000060c instr=7bc000ef idex=1 exmem=0 memwb=0 stall=0 flush=1
TRACE t=15955000 pc=80000e1c instr=00008413 idex=0 exmem=0 memwb=1 stall=0 flush=0
TRACE t=15965000 pc=80000e20 instr=010000ef idex=1 exmem=0 memwb=0 stall=0 flush=0
TRACE t=15975000 pc=80000e24 instr=00000297 idex=1 exmem=1 memwb=0 stall=0 flush=1
TRACE t=15995000 pc=80000e30 instr=00400313 idex=0 exmem=0 memwb=1 stall=0 flush=0
TRACE t=16005000 pc=80000e34 instr=00008067 idex=1 exmem=0 memwb=0 stall=0 flush=0
TRACE t=16015000 pc=80000e38 instr=000ff297 idex=1 exmem=1 memwb=0 stall=0 flush=1
TRACE t=16035000 pc=80000e24 instr=00000297 idex=0 exmem=0 memwb=1 stall=0 flush=0
TRACE t=16045000 pc=80000e28 instr=00509863 idex=1 exmem=0 memwb=0 stall=0 flush=0
TRACE t=16055000 pc=80000e2c instr=0280006f idex=1 exmem=1 memwb=0 stall=0 flush=0
TRACE t=16065000 pc=80000e30 instr=00400313 idex=1 exmem=1 memwb=1 stall=0 flush=1
TRACE t=16085000 pc=80000e54 instr=000ff297 idex=0 exmem=0 memwb=1 stall=0 flush=0
TRACE t=16095000 pc=80000e58 instr=1ac28293 idex=1 exmem=0 memwb=0 stall=0 flush=0
TRACE t=16105000 pc=80000e5c instr=0002a303 idex=1 exmem=1 memwb=0 stall=0 flush=0
TRACE t=16115000 pc=80000e60 instr=00130313 idex=1 exmem=1 memwb=1 stall=1 flush=0
TRACE t=16125000 pc=80000e60 instr=00130313 idex=0 exmem=1 memwb=1 stall=0 flush=0
TRACE t=16135000 pc=80000e64 instr=0062a023 idex=1 exmem=0 memwb=1 stall=0 flush=0
TRACE t=16145000 pc=80000e68 instr=00040093 idex=1 exmem=1 memwb=0 stall=0 flush=0
STORE t=16155000 addr=80100000 mask=2 data=00000038
TRACE t=16155000 pc=80000e6c instr=00008067 idex=1 exmem=1 memwb=1 stall=0 flush=0
TRACE t=16165000 pc=80000e70 instr=000ff297 idex=1 exmem=1 memwb=1 stall=0 flush=1
TRACE t=16185000 pc=80000608 instr=015000ef idex=0 exmem=0 memwb=1 stall=0 flush=0
TRACE t=16195000 pc=8000060c instr=7bc000ef idex=1 exmem=0 memwb=0 stall=0 flush=1
TRACE t=16215000 pc=80000e1c instr=00008413 idex=0 exmem=0 memwb=1 stall=0 flush=0
TRACE t=16225000 pc=80000e20 instr=010000ef idex=1 exmem=0 memwb=0 stall=0 flush=0
TRACE t=16235000 pc=80000e24 instr=00000297 idex=1 exmem=1 memwb=0 stall=0 flush=1
TRACE t=16255000 pc=80000e30 instr=00400313 idex=0 exmem=0 memwb=1 stall=0 flush=0
TRACE t=16265000 pc=80000e34 instr=00008067 idex=1 exmem=0 memwb=0 stall=0 flush=0
TRACE t=16275000 pc=80000e38 instr=000ff297 idex=1 exmem=1 memwb=0 stall=0 flush=1
TRACE t=16295000 pc=80000e24 instr=00000297 idex=0 exmem=0 memwb=1 stall=0 flush=0
TRACE t=16305000 pc=80000e28 instr=00509863 idex=1 exmem=0 memwb=0 stall=0 flush=0
TRACE t=16315000 pc=80000e2c instr=0280006f idex=1 exmem=1 memwb=0 stall=0 flush=0
TRACE t=16325000 pc=80000e30 instr=00400313 idex=1 exmem=1 memwb=1 stall=0 flush=1
TRACE t=16345000 pc=80000e54 instr=000ff297 idex=0 exmem=0 memwb=1 stall=0 flush=0
TRACE t=16355000 pc=80000e58 instr=1ac28293 idex=1 exmem=0 memwb=0 stall=0 flush=0
TRACE t=16365000 pc=80000e5c instr=0002a303 idex=1 exmem=1 memwb=0 stall=0 flush=0
TRACE t=16375000 pc=80000e60 instr=00130313 idex=1 exmem=1 memwb=1 stall=1 flush=0
TRACE t=16385000 pc=80000e60 instr=00130313 idex=0 exmem=1 memwb=1 stall=0 flush=0
TRACE t=16395000 pc=80000e64 instr=0062a023 idex=1 exmem=0 memwb=1 stall=0 flush=0
TRACE t=16405000 pc=80000e68 instr=00040093 idex=1 exmem=1 memwb=0 stall=0 flush=0
STORE t=16415000 addr=80100000 mask=2 data=00000039
TRACE t=16415000 pc=80000e6c instr=00008067 idex=1 exmem=1 memwb=1 stall=0 flush=0
TRACE t=16425000 pc=80000e70 instr=000ff297 idex=1 exmem=1 memwb=1 stall=0 flush=1
TRACE t=16445000 pc=80000608 instr=015000ef idex=0 exmem=0 memwb=1 stall=0 flush=0
TRACE t=16455000 pc=8000060c instr=7bc000ef idex=1 exmem=0 memwb=0 stall=0 flush=1
TRACE t=16475000 pc=80000e1c instr=00008413 idex=0 exmem=0 memwb=1 stall=0 flush=0
TRACE t=16485000 pc=80000e20 instr=010000ef idex=1 exmem=0 memwb=0 stall=0 flush=0
TRACE t=16495000 pc=80000e24 instr=00000297 idex=1 exmem=1 memwb=0 stall=0 flush=1
TRACE t=16515000 pc=80000e30 instr=00400313 idex=0 exmem=0 memwb=1 stall=0 flush=0
TRACE t=16525000 pc=80000e34 instr=00008067 idex=1 exmem=0 memwb=0 stall=0 flush=0
TRACE t=16535000 pc=80000e38 instr=000ff297 idex=1 exmem=1 memwb=0 stall=0 flush=1
TRACE t=16555000 pc=80000e24 instr=00000297 idex=0 exmem=0 memwb=1 stall=0 flush=0
TRACE t=16565000 pc=80000e28 instr=00509863 idex=1 exmem=0 memwb=0 stall=0 flush=0
TRACE t=16575000 pc=80000e2c instr=0280006f idex=1 exmem=1 memwb=0 stall=0 flush=0
TRACE t=16585000 pc=80000e30 instr=00400313 idex=1 exmem=1 memwb=1 stall=0 flush=1
TRACE t=16605000 pc=80000e54 instr=000ff297 idex=0 exmem=0 memwb=1 stall=0 flush=0
TRACE t=16615000 pc=80000e58 instr=1ac28293 idex=1 exmem=0 memwb=0 stall=0 flush=0
TRACE t=16625000 pc=80000e5c instr=0002a303 idex=1 exmem=1 memwb=0 stall=0 flush=0
TRACE t=16635000 pc=80000e60 instr=00130313 idex=1 exmem=1 memwb=1 stall=1 flush=0
TRACE t=16645000 pc=80000e60 instr=00130313 idex=0 exmem=1 memwb=1 stall=0 flush=0
TRACE t=16655000 pc=80000e64 instr=0062a023 idex=1 exmem=0 memwb=1 stall=0 flush=0
TRACE t=16665000 pc=80000e68 instr=00040093 idex=1 exmem=1 memwb=0 stall=0 flush=0
STORE t=16675000 addr=80100000 mask=2 data=0000003a
TRACE t=16675000 pc=80000e6c instr=00008067 idex=1 exmem=1 memwb=1 stall=0 flush=0
TRACE t=16685000 pc=80000e70 instr=000ff297 idex=1 exmem=1 memwb=1 stall=0 flush=1
TRACE t=16705000 pc=80000608 instr=015000ef idex=0 exmem=0 memwb=1 stall=0 flush=0
TRACE t=16715000 pc=8000060c instr=7bc000ef idex=1 exmem=0 memwb=0 stall=0 flush=1
TRACE t=16735000 pc=80000e1c instr=00008413 idex=0 exmem=0 memwb=1 stall=0 flush=0
TRACE t=16745000 pc=80000e20 instr=010000ef idex=1 exmem=0 memwb=0 stall=0 flush=0
TRACE t=16755000 pc=80000e24 instr=00000297 idex=1 exmem=1 memwb=0 stall=0 flush=1
TRACE t=16775000 pc=80000e30 instr=00400313 idex=0 exmem=0 memwb=1 stall=0 flush=0
TRACE t=16785000 pc=80000e34 instr=00008067 idex=1 exmem=0 memwb=0 stall=0 flush=0
TRACE t=16795000 pc=80000e38 instr=000ff297 idex=1 exmem=1 memwb=0 stall=0 flush=1
TRACE t=16815000 pc=80000e24 instr=00000297 idex=0 exmem=0 memwb=1 stall=0 flush=0
TRACE t=16825000 pc=80000e28 instr=00509863 idex=1 exmem=0 memwb=0 stall=0 flush=0
TRACE t=16835000 pc=80000e2c instr=0280006f idex=1 exmem=1 memwb=0 stall=0 flush=0
TRACE t=16845000 pc=80000e30 instr=00400313 idex=1 exmem=1 memwb=1 stall=0 flush=1
TRACE t=16865000 pc=80000e54 instr=000ff297 idex=0 exmem=0 memwb=1 stall=0 flush=0
TRACE t=16875000 pc=80000e58 instr=1ac28293 idex=1 exmem=0 memwb=0 stall=0 flush=0
TRACE t=16885000 pc=80000e5c instr=0002a303 idex=1 exmem=1 memwb=0 stall=0 flush=0
TRACE t=16895000 pc=80000e60 instr=00130313 idex=1 exmem=1 memwb=1 stall=1 flush=0
TRACE t=16905000 pc=80000e60 instr=00130313 idex=0 exmem=1 memwb=1 stall=0 flush=0
TRACE t=16915000 pc=80000e64 instr=0062a023 idex=1 exmem=0 memwb=1 stall=0 flush=0
TRACE t=16925000 pc=80000e68 instr=00040093 idex=1 exmem=1 memwb=0 stall=0 flush=0
STORE t=16935000 addr=80100000 mask=2 data=0000003b
TRACE t=16935000 pc=80000e6c instr=00008067 idex=1 exmem=1 memwb=1 stall=0 flush=0
TRACE t=16945000 pc=80000e70 instr=000ff297 idex=1 exmem=1 memwb=1 stall=0 flush=1
TRACE t=16965000 pc=80000608 instr=015000ef idex=0 exmem=0 memwb=1 stall=0 flush=0
TRACE t=16975000 pc=8000060c instr=7bc000ef idex=1 exmem=0 memwb=0 stall=0 flush=1
TRACE t=16995000 pc=80000e1c instr=00008413 idex=0 exmem=0 memwb=1 stall=0 flush=0
TRACE t=17005000 pc=80000e20 instr=010000ef idex=1 exmem=0 memwb=0 stall=0 flush=0
TRACE t=17015000 pc=80000e24 instr=00000297 idex=1 exmem=1 memwb=0 stall=0 flush=1
TRACE t=17035000 pc=80000e30 instr=00400313 idex=0 exmem=0 memwb=1 stall=0 flush=0
TRACE t=17045000 pc=80000e34 instr=00008067 idex=1 exmem=0 memwb=0 stall=0 flush=0
TRACE t=17055000 pc=80000e38 instr=000ff297 idex=1 exmem=1 memwb=0 stall=0 flush=1
TRACE t=17075000 pc=80000e24 instr=00000297 idex=0 exmem=0 memwb=1 stall=0 flush=0
TRACE t=17085000 pc=80000e28 instr=00509863 idex=1 exmem=0 memwb=0 stall=0 flush=0
TRACE t=17095000 pc=80000e2c instr=0280006f idex=1 exmem=1 memwb=0 stall=0 flush=0
TRACE t=17105000 pc=80000e30 instr=00400313 idex=1 exmem=1 memwb=1 stall=0 flush=1
TRACE t=17125000 pc=80000e54 instr=000ff297 idex=0 exmem=0 memwb=1 stall=0 flush=0
TRACE t=17135000 pc=80000e58 instr=1ac28293 idex=1 exmem=0 memwb=0 stall=0 flush=0
TRACE t=17145000 pc=80000e5c instr=0002a303 idex=1 exmem=1 memwb=0 stall=0 flush=0
TRACE t=17155000 pc=80000e60 instr=00130313 idex=1 exmem=1 memwb=1 stall=1 flush=0
TRACE t=17165000 pc=80000e60 instr=00130313 idex=0 exmem=1 memwb=1 stall=0 flush=0
TRACE t=17175000 pc=80000e64 instr=0062a023 idex=1 exmem=0 memwb=1 stall=0 flush=0
TRACE t=17185000 pc=80000e68 instr=00040093 idex=1 exmem=1 memwb=0 stall=0 flush=0
STORE t=17195000 addr=80100000 mask=2 data=0000003c
TRACE t=17195000 pc=80000e6c instr=00008067 idex=1 exmem=1 memwb=1 stall=0 flush=0
TRACE t=17205000 pc=80000e70 instr=000ff297 idex=1 exmem=1 memwb=1 stall=0 flush=1
TRACE t=17225000 pc=80000608 instr=015000ef idex=0 exmem=0 memwb=1 stall=0 flush=0
TRACE t=17235000 pc=8000060c instr=7bc000ef idex=1 exmem=0 memwb=0 stall=0 flush=1
TRACE t=17255000 pc=80000e1c instr=00008413 idex=0 exmem=0 memwb=1 stall=0 flush=0
TRACE t=17265000 pc=80000e20 instr=010000ef idex=1 exmem=0 memwb=0 stall=0 flush=0
TRACE t=17275000 pc=80000e24 instr=00000297 idex=1 exmem=1 memwb=0 stall=0 flush=1
TRACE t=17295000 pc=80000e30 instr=00400313 idex=0 exmem=0 memwb=1 stall=0 flush=0
TRACE t=17305000 pc=80000e34 instr=00008067 idex=1 exmem=0 memwb=0 stall=0 flush=0
TRACE t=17315000 pc=80000e38 instr=000ff297 idex=1 exmem=1 memwb=0 stall=0 flush=1
TRACE t=17335000 pc=80000e24 instr=00000297 idex=0 exmem=0 memwb=1 stall=0 flush=0
TRACE t=17345000 pc=80000e28 instr=00509863 idex=1 exmem=0 memwb=0 stall=0 flush=0
TRACE t=17355000 pc=80000e2c instr=0280006f idex=1 exmem=1 memwb=0 stall=0 flush=0
TRACE t=17365000 pc=80000e30 instr=00400313 idex=1 exmem=1 memwb=1 stall=0 flush=1
TRACE t=17385000 pc=80000e54 instr=000ff297 idex=0 exmem=0 memwb=1 stall=0 flush=0
TRACE t=17395000 pc=80000e58 instr=1ac28293 idex=1 exmem=0 memwb=0 stall=0 flush=0
TRACE t=17405000 pc=80000e5c instr=0002a303 idex=1 exmem=1 memwb=0 stall=0 flush=0
TRACE t=17415000 pc=80000e60 instr=00130313 idex=1 exmem=1 memwb=1 stall=1 flush=0
TRACE t=17425000 pc=80000e60 instr=00130313 idex=0 exmem=1 memwb=1 stall=0 flush=0
TRACE t=17435000 pc=80000e64 instr=0062a023 idex=1 exmem=0 memwb=1 stall=0 flush=0
TRACE t=17445000 pc=80000e68 instr=00040093 idex=1 exmem=1 memwb=0 stall=0 flush=0
STORE t=17455000 addr=80100000 mask=2 data=0000003d
TRACE t=17455000 pc=80000e6c instr=00008067 idex=1 exmem=1 memwb=1 stall=0 flush=0
TRACE t=17465000 pc=80000e70 instr=000ff297 idex=1 exmem=1 memwb=1 stall=0 flush=1
TRACE t=17485000 pc=80000608 instr=015000ef idex=0 exmem=0 memwb=1 stall=0 flush=0
TRACE t=17495000 pc=8000060c instr=7bc000ef idex=1 exmem=0 memwb=0 stall=0 flush=1
TRACE t=17515000 pc=80000e1c instr=00008413 idex=0 exmem=0 memwb=1 stall=0 flush=0
TRACE t=17525000 pc=80000e20 instr=010000ef idex=1 exmem=0 memwb=0 stall=0 flush=0
TRACE t=17535000 pc=80000e24 instr=00000297 idex=1 exmem=1 memwb=0 stall=0 flush=1
TRACE t=17555000 pc=80000e30 instr=00400313 idex=0 exmem=0 memwb=1 stall=0 flush=0
TRACE t=17565000 pc=80000e34 instr=00008067 idex=1 exmem=0 memwb=0 stall=0 flush=0
TRACE t=17575000 pc=80000e38 instr=000ff297 idex=1 exmem=1 memwb=0 stall=0 flush=1
TRACE t=17595000 pc=80000e24 instr=00000297 idex=0 exmem=0 memwb=1 stall=0 flush=0
TRACE t=17605000 pc=80000e28 instr=00509863 idex=1 exmem=0 memwb=0 stall=0 flush=0
TRACE t=17615000 pc=80000e2c instr=0280006f idex=1 exmem=1 memwb=0 stall=0 flush=0
TRACE t=17625000 pc=80000e30 instr=00400313 idex=1 exmem=1 memwb=1 stall=0 flush=1
TRACE t=17645000 pc=80000e54 instr=000ff297 idex=0 exmem=0 memwb=1 stall=0 flush=0
TRACE t=17655000 pc=80000e58 instr=1ac28293 idex=1 exmem=0 memwb=0 stall=0 flush=0
TRACE t=17665000 pc=80000e5c instr=0002a303 idex=1 exmem=1 memwb=0 stall=0 flush=0
TRACE t=17675000 pc=80000e60 instr=00130313 idex=1 exmem=1 memwb=1 stall=1 flush=0
TRACE t=17685000 pc=80000e60 instr=00130313 idex=0 exmem=1 memwb=1 stall=0 flush=0
TRACE t=17695000 pc=80000e64 instr=0062a023 idex=1 exmem=0 memwb=1 stall=0 flush=0
TRACE t=17705000 pc=80000e68 instr=00040093 idex=1 exmem=1 memwb=0 stall=0 flush=0
STORE t=17715000 addr=80100000 mask=2 data=0000003e
TRACE t=17715000 pc=80000e6c instr=00008067 idex=1 exmem=1 memwb=1 stall=0 flush=0
TRACE t=17725000 pc=80000e70 instr=000ff297 idex=1 exmem=1 memwb=1 stall=0 flush=1
TRACE t=17745000 pc=80000608 instr=015000ef idex=0 exmem=0 memwb=1 stall=0 flush=0
TRACE t=17755000 pc=8000060c instr=7bc000ef idex=1 exmem=0 memwb=0 stall=0 flush=1
TRACE t=17775000 pc=80000e1c instr=00008413 idex=0 exmem=0 memwb=1 stall=0 flush=0
TRACE t=17785000 pc=80000e20 instr=010000ef idex=1 exmem=0 memwb=0 stall=0 flush=0
TRACE t=17795000 pc=80000e24 instr=00000297 idex=1 exmem=1 memwb=0 stall=0 flush=1
TRACE t=17815000 pc=80000e30 instr=00400313 idex=0 exmem=0 memwb=1 stall=0 flush=0
TRACE t=17825000 pc=80000e34 instr=00008067 idex=1 exmem=0 memwb=0 stall=0 flush=0
TRACE t=17835000 pc=80000e38 instr=000ff297 idex=1 exmem=1 memwb=0 stall=0 flush=1
TRACE t=17855000 pc=80000e24 instr=00000297 idex=0 exmem=0 memwb=1 stall=0 flush=0
TRACE t=17865000 pc=80000e28 instr=00509863 idex=1 exmem=0 memwb=0 stall=0 flush=0
TRACE t=17875000 pc=80000e2c instr=0280006f idex=1 exmem=1 memwb=0 stall=0 flush=0
TRACE t=17885000 pc=80000e30 instr=00400313 idex=1 exmem=1 memwb=1 stall=0 flush=1
TRACE t=17905000 pc=80000e54 instr=000ff297 idex=0 exmem=0 memwb=1 stall=0 flush=0
TRACE t=17915000 pc=80000e58 instr=1ac28293 idex=1 exmem=0 memwb=0 stall=0 flush=0
TRACE t=17925000 pc=80000e5c instr=0002a303 idex=1 exmem=1 memwb=0 stall=0 flush=0
TRACE t=17935000 pc=80000e60 instr=00130313 idex=1 exmem=1 memwb=1 stall=1 flush=0
TRACE t=17945000 pc=80000e60 instr=00130313 idex=0 exmem=1 memwb=1 stall=0 flush=0
TRACE t=17955000 pc=80000e64 instr=0062a023 idex=1 exmem=0 memwb=1 stall=0 flush=0
TRACE t=17965000 pc=80000e68 instr=00040093 idex=1 exmem=1 memwb=0 stall=0 flush=0
STORE t=17975000 addr=80100000 mask=2 data=0000003f
TRACE t=17975000 pc=80000e6c instr=00008067 idex=1 exmem=1 memwb=1 stall=0 flush=0
TRACE t=17985000 pc=80000e70 instr=000ff297 idex=1 exmem=1 memwb=1 stall=0 flush=1
TRACE t=18005000 pc=80000608 instr=015000ef idex=0 exmem=0 memwb=1 stall=0 flush=0
TRACE t=18015000 pc=8000060c instr=7bc000ef idex=1 exmem=0 memwb=0 stall=0 flush=1
TRACE t=18035000 pc=80000e1c instr=00008413 idex=0 exmem=0 memwb=1 stall=0 flush=0
TRACE t=18045000 pc=80000e20 instr=010000ef idex=1 exmem=0 memwb=0 stall=0 flush=0
TRACE t=18055000 pc=80000e24 instr=00000297 idex=1 exmem=1 memwb=0 stall=0 flush=1
TRACE t=18075000 pc=80000e30 instr=00400313 idex=0 exmem=0 memwb=1 stall=0 flush=0
TRACE t=18085000 pc=80000e34 instr=00008067 idex=1 exmem=0 memwb=0 stall=0 flush=0
TRACE t=18095000 pc=80000e38 instr=000ff297 idex=1 exmem=1 memwb=0 stall=0 flush=1
TRACE t=18115000 pc=80000e24 instr=00000297 idex=0 exmem=0 memwb=1 stall=0 flush=0
TRACE t=18125000 pc=80000e28 instr=00509863 idex=1 exmem=0 memwb=0 stall=0 flush=0
TRACE t=18135000 pc=80000e2c instr=0280006f idex=1 exmem=1 memwb=0 stall=0 flush=0
TRACE t=18145000 pc=80000e30 instr=00400313 idex=1 exmem=1 memwb=1 stall=0 flush=1
TRACE t=18165000 pc=80000e54 instr=000ff297 idex=0 exmem=0 memwb=1 stall=0 flush=0
TRACE t=18175000 pc=80000e58 instr=1ac28293 idex=1 exmem=0 memwb=0 stall=0 flush=0
TRACE t=18185000 pc=80000e5c instr=0002a303 idex=1 exmem=1 memwb=0 stall=0 flush=0
TRACE t=18195000 pc=80000e60 instr=00130313 idex=1 exmem=1 memwb=1 stall=1 flush=0
TRACE t=18205000 pc=80000e60 instr=00130313 idex=0 exmem=1 memwb=1 stall=0 flush=0
TRACE t=18215000 pc=80000e64 instr=0062a023 idex=1 exmem=0 memwb=1 stall=0 flush=0
TRACE t=18225000 pc=80000e68 instr=00040093 idex=1 exmem=1 memwb=0 stall=0 flush=0
STORE t=18235000 addr=80100000 mask=2 data=00000040
TRACE t=18235000 pc=80000e6c instr=00008067 idex=1 exmem=1 memwb=1 stall=0 flush=0
TRACE t=18245000 pc=80000e70 instr=000ff297 idex=1 exmem=1 memwb=1 stall=0 flush=1
TRACE t=18265000 pc=80000608 instr=015000ef idex=0 exmem=0 memwb=1 stall=0 flush=0
TRACE t=18275000 pc=8000060c instr=7bc000ef idex=1 exmem=0 memwb=0 stall=0 flush=1
TRACE t=18295000 pc=80000e1c instr=00008413 idex=0 exmem=0 memwb=1 stall=0 flush=0
TRACE t=18305000 pc=80000e20 instr=010000ef idex=1 exmem=0 memwb=0 stall=0 flush=0
TRACE t=18315000 pc=80000e24 instr=00000297 idex=1 exmem=1 memwb=0 stall=0 flush=1
TRACE t=18335000 pc=80000e30 instr=00400313 idex=0 exmem=0 memwb=1 stall=0 flush=0
TRACE t=18345000 pc=80000e34 instr=00008067 idex=1 exmem=0 memwb=0 stall=0 flush=0
TRACE t=18355000 pc=80000e38 instr=000ff297 idex=1 exmem=1 memwb=0 stall=0 flush=1
TRACE t=18375000 pc=80000e24 instr=00000297 idex=0 exmem=0 memwb=1 stall=0 flush=0
TRACE t=18385000 pc=80000e28 instr=00509863 idex=1 exmem=0 memwb=0 stall=0 flush=0
TRACE t=18395000 pc=80000e2c instr=0280006f idex=1 exmem=1 memwb=0 stall=0 flush=0
TRACE t=18405000 pc=80000e30 instr=00400313 idex=1 exmem=1 memwb=1 stall=0 flush=1
TRACE t=18425000 pc=80000e54 instr=000ff297 idex=0 exmem=0 memwb=1 stall=0 flush=0
TRACE t=18435000 pc=80000e58 instr=1ac28293 idex=1 exmem=0 memwb=0 stall=0 flush=0
TRACE t=18445000 pc=80000e5c instr=0002a303 idex=1 exmem=1 memwb=0 stall=0 flush=0
TRACE t=18455000 pc=80000e60 instr=00130313 idex=1 exmem=1 memwb=1 stall=1 flush=0
TRACE t=18465000 pc=80000e60 instr=00130313 idex=0 exmem=1 memwb=1 stall=0 flush=0
TRACE t=18475000 pc=80000e64 instr=0062a023 idex=1 exmem=0 memwb=1 stall=0 flush=0
TRACE t=18485000 pc=80000e68 instr=00040093 idex=1 exmem=1 memwb=0 stall=0 flush=0
STORE t=18495000 addr=80100000 mask=2 data=00000041
TRACE t=18495000 pc=80000e6c instr=00008067 idex=1 exmem=1 memwb=1 stall=0 flush=0
TRACE t=18505000 pc=80000e70 instr=000ff297 idex=1 exmem=1 memwb=1 stall=0 flush=1
TRACE t=18525000 pc=80000608 instr=015000ef idex=0 exmem=0 memwb=1 stall=0 flush=0
TRACE t=18535000 pc=8000060c instr=7bc000ef idex=1 exmem=0 memwb=0 stall=0 flush=1
TRACE t=18555000 pc=80000e1c instr=00008413 idex=0 exmem=0 memwb=1 stall=0 flush=0
TRACE t=18565000 pc=80000e20 instr=010000ef idex=1 exmem=0 memwb=0 stall=0 flush=0
TRACE t=18575000 pc=80000e24 instr=00000297 idex=1 exmem=1 memwb=0 stall=0 flush=1
TRACE t=18595000 pc=80000e30 instr=00400313 idex=0 exmem=0 memwb=1 stall=0 flush=0
TRACE t=18605000 pc=80000e34 instr=00008067 idex=1 exmem=0 memwb=0 stall=0 flush=0
TRACE t=18615000 pc=80000e38 instr=000ff297 idex=1 exmem=1 memwb=0 stall=0 flush=1
TRACE t=18635000 pc=80000e24 instr=00000297 idex=0 exmem=0 memwb=1 stall=0 flush=0
TRACE t=18645000 pc=80000e28 instr=00509863 idex=1 exmem=0 memwb=0 stall=0 flush=0
TRACE t=18655000 pc=80000e2c instr=0280006f idex=1 exmem=1 memwb=0 stall=0 flush=0
TRACE t=18665000 pc=80000e30 instr=00400313 idex=1 exmem=1 memwb=1 stall=0 flush=1
TRACE t=18685000 pc=80000e54 instr=000ff297 idex=0 exmem=0 memwb=1 stall=0 flush=0
TRACE t=18695000 pc=80000e58 instr=1ac28293 idex=1 exmem=0 memwb=0 stall=0 flush=0
TRACE t=18705000 pc=80000e5c instr=0002a303 idex=1 exmem=1 memwb=0 stall=0 flush=0
TRACE t=18715000 pc=80000e60 instr=00130313 idex=1 exmem=1 memwb=1 stall=1 flush=0
TRACE t=18725000 pc=80000e60 instr=00130313 idex=0 exmem=1 memwb=1 stall=0 flush=0
TRACE t=18735000 pc=80000e64 instr=0062a023 idex=1 exmem=0 memwb=1 stall=0 flush=0
TRACE t=18745000 pc=80000e68 instr=00040093 idex=1 exmem=1 memwb=0 stall=0 flush=0
STORE t=18755000 addr=80100000 mask=2 data=00000042
TRACE t=18755000 pc=80000e6c instr=00008067 idex=1 exmem=1 memwb=1 stall=0 flush=0
TRACE t=18765000 pc=80000e70 instr=000ff297 idex=1 exmem=1 memwb=1 stall=0 flush=1
TRACE t=18785000 pc=80000608 instr=015000ef idex=0 exmem=0 memwb=1 stall=0 flush=0
TRACE t=18795000 pc=8000060c instr=7bc000ef idex=1 exmem=0 memwb=0 stall=0 flush=1
TRACE t=18815000 pc=80000e1c instr=00008413 idex=0 exmem=0 memwb=1 stall=0 flush=0
TRACE t=18825000 pc=80000e20 instr=010000ef idex=1 exmem=0 memwb=0 stall=0 flush=0
TRACE t=18835000 pc=80000e24 instr=00000297 idex=1 exmem=1 memwb=0 stall=0 flush=1
TRACE t=18855000 pc=80000e30 instr=00400313 idex=0 exmem=0 memwb=1 stall=0 flush=0
TRACE t=18865000 pc=80000e34 instr=00008067 idex=1 exmem=0 memwb=0 stall=0 flush=0
TRACE t=18875000 pc=80000e38 instr=000ff297 idex=1 exmem=1 memwb=0 stall=0 flush=1
TRACE t=18895000 pc=80000e24 instr=00000297 idex=0 exmem=0 memwb=1 stall=0 flush=0
TRACE t=18905000 pc=80000e28 instr=00509863 idex=1 exmem=0 memwb=0 stall=0 flush=0
TRACE t=18915000 pc=80000e2c instr=0280006f idex=1 exmem=1 memwb=0 stall=0 flush=0
TRACE t=18925000 pc=80000e30 instr=00400313 idex=1 exmem=1 memwb=1 stall=0 flush=1
TRACE t=18945000 pc=80000e54 instr=000ff297 idex=0 exmem=0 memwb=1 stall=0 flush=0
TRACE t=18955000 pc=80000e58 instr=1ac28293 idex=1 exmem=0 memwb=0 stall=0 flush=0
TRACE t=18965000 pc=80000e5c instr=0002a303 idex=1 exmem=1 memwb=0 stall=0 flush=0
TRACE t=18975000 pc=80000e60 instr=00130313 idex=1 exmem=1 memwb=1 stall=1 flush=0
TRACE t=18985000 pc=80000e60 instr=00130313 idex=0 exmem=1 memwb=1 stall=0 flush=0
TRACE t=18995000 pc=80000e64 instr=0062a023 idex=1 exmem=0 memwb=1 stall=0 flush=0
TRACE t=19005000 pc=80000e68 instr=00040093 idex=1 exmem=1 memwb=0 stall=0 flush=0
STORE t=19015000 addr=80100000 mask=2 data=00000043
TRACE t=19015000 pc=80000e6c instr=00008067 idex=1 exmem=1 memwb=1 stall=0 flush=0
TRACE t=19025000 pc=80000e70 instr=000ff297 idex=1 exmem=1 memwb=1 stall=0 flush=1
TRACE t=19045000 pc=80000608 instr=015000ef idex=0 exmem=0 memwb=1 stall=0 flush=0
TRACE t=19055000 pc=8000060c instr=7bc000ef idex=1 exmem=0 memwb=0 stall=0 flush=1
TRACE t=19075000 pc=80000e1c instr=00008413 idex=0 exmem=0 memwb=1 stall=0 flush=0
TRACE t=19085000 pc=80000e20 instr=010000ef idex=1 exmem=0 memwb=0 stall=0 flush=0
TRACE t=19095000 pc=80000e24 instr=00000297 idex=1 exmem=1 memwb=0 stall=0 flush=1
TRACE t=19115000 pc=80000e30 instr=00400313 idex=0 exmem=0 memwb=1 stall=0 flush=0
TRACE t=19125000 pc=80000e34 instr=00008067 idex=1 exmem=0 memwb=0 stall=0 flush=0
TRACE t=19135000 pc=80000e38 instr=000ff297 idex=1 exmem=1 memwb=0 stall=0 flush=1
TRACE t=19155000 pc=80000e24 instr=00000297 idex=0 exmem=0 memwb=1 stall=0 flush=0
TRACE t=19165000 pc=80000e28 instr=00509863 idex=1 exmem=0 memwb=0 stall=0 flush=0
TRACE t=19175000 pc=80000e2c instr=0280006f idex=1 exmem=1 memwb=0 stall=0 flush=0
TRACE t=19185000 pc=80000e30 instr=00400313 idex=1 exmem=1 memwb=1 stall=0 flush=1
TRACE t=19205000 pc=80000e54 instr=000ff297 idex=0 exmem=0 memwb=1 stall=0 flush=0
TRACE t=19215000 pc=80000e58 instr=1ac28293 idex=1 exmem=0 memwb=0 stall=0 flush=0
TRACE t=19225000 pc=80000e5c instr=0002a303 idex=1 exmem=1 memwb=0 stall=0 flush=0
TRACE t=19235000 pc=80000e60 instr=00130313 idex=1 exmem=1 memwb=1 stall=1 flush=0
TRACE t=19245000 pc=80000e60 instr=00130313 idex=0 exmem=1 memwb=1 stall=0 flush=0
TRACE t=19255000 pc=80000e64 instr=0062a023 idex=1 exmem=0 memwb=1 stall=0 flush=0
TRACE t=19265000 pc=80000e68 instr=00040093 idex=1 exmem=1 memwb=0 stall=0 flush=0
STORE t=19275000 addr=80100000 mask=2 data=00000044
TRACE t=19275000 pc=80000e6c instr=00008067 idex=1 exmem=1 memwb=1 stall=0 flush=0
TRACE t=19285000 pc=80000e70 instr=000ff297 idex=1 exmem=1 memwb=1 stall=0 flush=1
TRACE t=19305000 pc=80000608 instr=015000ef idex=0 exmem=0 memwb=1 stall=0 flush=0
TRACE t=19315000 pc=8000060c instr=7bc000ef idex=1 exmem=0 memwb=0 stall=0 flush=1
TRACE t=19335000 pc=80000e1c instr=00008413 idex=0 exmem=0 memwb=1 stall=0 flush=0
TRACE t=19345000 pc=80000e20 instr=010000ef idex=1 exmem=0 memwb=0 stall=0 flush=0
TRACE t=19355000 pc=80000e24 instr=00000297 idex=1 exmem=1 memwb=0 stall=0 flush=1
TRACE t=19375000 pc=80000e30 instr=00400313 idex=0 exmem=0 memwb=1 stall=0 flush=0
TRACE t=19385000 pc=80000e34 instr=00008067 idex=1 exmem=0 memwb=0 stall=0 flush=0
TRACE t=19395000 pc=80000e38 instr=000ff297 idex=1 exmem=1 memwb=0 stall=0 flush=1
TRACE t=19415000 pc=80000e24 instr=00000297 idex=0 exmem=0 memwb=1 stall=0 flush=0
TRACE t=19425000 pc=80000e28 instr=00509863 idex=1 exmem=0 memwb=0 stall=0 flush=0
TRACE t=19435000 pc=80000e2c instr=0280006f idex=1 exmem=1 memwb=0 stall=0 flush=0
TRACE t=19445000 pc=80000e30 instr=00400313 idex=1 exmem=1 memwb=1 stall=0 flush=1
TRACE t=19465000 pc=80000e54 instr=000ff297 idex=0 exmem=0 memwb=1 stall=0 flush=0
TRACE t=19475000 pc=80000e58 instr=1ac28293 idex=1 exmem=0 memwb=0 stall=0 flush=0
TRACE t=19485000 pc=80000e5c instr=0002a303 idex=1 exmem=1 memwb=0 stall=0 flush=0
TRACE t=19495000 pc=80000e60 instr=00130313 idex=1 exmem=1 memwb=1 stall=1 flush=0
TRACE t=19505000 pc=80000e60 instr=00130313 idex=0 exmem=1 memwb=1 stall=0 flush=0
TRACE t=19515000 pc=80000e64 instr=0062a023 idex=1 exmem=0 memwb=1 stall=0 flush=0
TRACE t=19525000 pc=80000e68 instr=00040093 idex=1 exmem=1 memwb=0 stall=0 flush=0
STORE t=19535000 addr=80100000 mask=2 data=00000045
TRACE t=19535000 pc=80000e6c instr=00008067 idex=1 exmem=1 memwb=1 stall=0 flush=0
TRACE t=19545000 pc=80000e70 instr=000ff297 idex=1 exmem=1 memwb=1 stall=0 flush=1
TRACE t=19565000 pc=80000608 instr=015000ef idex=0 exmem=0 memwb=1 stall=0 flush=0
TRACE t=19575000 pc=8000060c instr=7bc000ef idex=1 exmem=0 memwb=0 stall=0 flush=1
TRACE t=19595000 pc=80000e1c instr=00008413 idex=0 exmem=0 memwb=1 stall=0 flush=0
TRACE t=19605000 pc=80000e20 instr=010000ef idex=1 exmem=0 memwb=0 stall=0 flush=0
TRACE t=19615000 pc=80000e24 instr=00000297 idex=1 exmem=1 memwb=0 stall=0 flush=1
TRACE t=19635000 pc=80000e30 instr=00400313 idex=0 exmem=0 memwb=1 stall=0 flush=0
TRACE t=19645000 pc=80000e34 instr=00008067 idex=1 exmem=0 memwb=0 stall=0 flush=0
TRACE t=19655000 pc=80000e38 instr=000ff297 idex=1 exmem=1 memwb=0 stall=0 flush=1
TRACE t=19675000 pc=80000e24 instr=00000297 idex=0 exmem=0 memwb=1 stall=0 flush=0
TRACE t=19685000 pc=80000e28 instr=00509863 idex=1 exmem=0 memwb=0 stall=0 flush=0
TRACE t=19695000 pc=80000e2c instr=0280006f idex=1 exmem=1 memwb=0 stall=0 flush=0
TRACE t=19705000 pc=80000e30 instr=00400313 idex=1 exmem=1 memwb=1 stall=0 flush=1
TRACE t=19725000 pc=80000e54 instr=000ff297 idex=0 exmem=0 memwb=1 stall=0 flush=0
TRACE t=19735000 pc=80000e58 instr=1ac28293 idex=1 exmem=0 memwb=0 stall=0 flush=0
TRACE t=19745000 pc=80000e5c instr=0002a303 idex=1 exmem=1 memwb=0 stall=0 flush=0
TRACE t=19755000 pc=80000e60 instr=00130313 idex=1 exmem=1 memwb=1 stall=1 flush=0
TRACE t=19765000 pc=80000e60 instr=00130313 idex=0 exmem=1 memwb=1 stall=0 flush=0
TRACE t=19775000 pc=80000e64 instr=0062a023 idex=1 exmem=0 memwb=1 stall=0 flush=0
TRACE t=19785000 pc=80000e68 instr=00040093 idex=1 exmem=1 memwb=0 stall=0 flush=0
STORE t=19795000 addr=80100000 mask=2 data=00000046
TRACE t=19795000 pc=80000e6c instr=00008067 idex=1 exmem=1 memwb=1 stall=0 flush=0
TRACE t=19805000 pc=80000e70 instr=000ff297 idex=1 exmem=1 memwb=1 stall=0 flush=1
TRACE t=19825000 pc=80000608 instr=015000ef idex=0 exmem=0 memwb=1 stall=0 flush=0
TRACE t=19835000 pc=8000060c instr=7bc000ef idex=1 exmem=0 memwb=0 stall=0 flush=1
TRACE t=19855000 pc=80000e1c instr=00008413 idex=0 exmem=0 memwb=1 stall=0 flush=0
TRACE t=19865000 pc=80000e20 instr=010000ef idex=1 exmem=0 memwb=0 stall=0 flush=0
TRACE t=19875000 pc=80000e24 instr=00000297 idex=1 exmem=1 memwb=0 stall=0 flush=1
TRACE t=19895000 pc=80000e30 instr=00400313 idex=0 exmem=0 memwb=1 stall=0 flush=0
TRACE t=19905000 pc=80000e34 instr=00008067 idex=1 exmem=0 memwb=0 stall=0 flush=0
TRACE t=19915000 pc=80000e38 instr=000ff297 idex=1 exmem=1 memwb=0 stall=0 flush=1
TRACE t=19935000 pc=80000e24 instr=00000297 idex=0 exmem=0 memwb=1 stall=0 flush=0
TRACE t=19945000 pc=80000e28 instr=00509863 idex=1 exmem=0 memwb=0 stall=0 flush=0
TRACE t=19955000 pc=80000e2c instr=0280006f idex=1 exmem=1 memwb=0 stall=0 flush=0
TRACE t=19965000 pc=80000e30 instr=00400313 idex=1 exmem=1 memwb=1 stall=0 flush=1
TRACE t=19985000 pc=80000e54 instr=000ff297 idex=0 exmem=0 memwb=1 stall=0 flush=0
TRACE t=19995000 pc=80000e58 instr=1ac28293 idex=1 exmem=0 memwb=0 stall=0 flush=0
TRACE t=20005000 pc=80000e5c instr=0002a303 idex=1 exmem=1 memwb=0 stall=0 flush=0
TRACE t=20015000 pc=80000e60 instr=00130313 idex=1 exmem=1 memwb=1 stall=1 flush=0
TRACE t=20025000 pc=80000e60 instr=00130313 idex=0 exmem=1 memwb=1 stall=0 flush=0
$finish called at time : 20035 ns : File "D:/0_FPGA/10-pipeline-cpu/tb_pipeline_debug.sv" Line 56
exit
INFO: [Common 17-206] Exiting xsim at Fri Aug 28 16:10:15 2026...
