# vsim -c -l trace_bypass.log -do "run -all; quit -f" tb_pipeline_trace_all 
# Start time: 11:11:40 on Aug 29,2026
# Loading sv_std.std
# Loading work.tb_pipeline_trace_all
# Loading work.myCPU
# Loading work.pc
# Loading work.alu
# Loading work.ctrl
# Loading work.control
# Loading work.alu_decoder
# Loading work.regfile
# Loading work.immgen
# Loading work.branch_unit
# Loading work.if_id
# Loading work.id_ex
# Loading work.ex_mem
# Loading work.mem_wb
# Loading work.forwarding
# Loading work.hazard_detection
# run -all
# TRACE t=45000 pc=80000000 ifid_pc=00000000 idex_pc=00000000 ifid_i=00000000 idex_v=0 exmem_v=0 mwb_v=0 stall=0 flush=0 br=0 j=00 rs1=0=00000000 rs2=0=00000000 a=00000000 b=00000000 alu=00000000 ra=00000000 count=00000000
# TRACE t=55000 pc=80000004 ifid_pc=80000000 idex_pc=00000000 ifid_i=00108117 idex_v=0 exmem_v=0 mwb_v=0 stall=0 flush=0 br=0 j=00 rs1=0=00000000 rs2=0=00000000 a=00000000 b=00000000 alu=00000000 ra=00000000 count=00000000
# TRACE t=65000 pc=80000008 ifid_pc=80000004 idex_pc=80000000 ifid_i=03010113 idex_v=1 exmem_v=0 mwb_v=0 stall=0 flush=0 br=0 j=00 rs1=1=00000000 rs2=1=00000000 a=80000000 b=00108000 alu=80108000 ra=00000000 count=00000000
# TRACE t=75000 pc=8000000c ifid_pc=80000008 idex_pc=80000004 ifid_i=5a0000ef idex_v=1 exmem_v=1 mwb_v=0 stall=0 flush=0 br=0 j=00 rs1=2=80108000 rs2=16=00000000 a=80108000 b=00000030 alu=80108030 ra=00000000 count=00000000
# TRACE t=85000 pc=80000010 ifid_pc=8000000c idex_pc=80000008 ifid_i=534000ef idex_v=1 exmem_v=1 mwb_v=1 stall=0 flush=1 br=0 j=01 rs1=0=00000000 rs2=0=00000000 a=00000000 b=00000000 alu=00000000 ra=00000000 count=00000000
# TRACE t=95000 pc=800005a8 ifid_pc=00000000 idex_pc=00000000 ifid_i=00000000 idex_v=0 exmem_v=1 mwb_v=1 stall=0 flush=0 br=0 j=00 rs1=0=00000000 rs2=0=00000000 a=00000000 b=00000000 alu=00000000 ra=00000000 count=00000000
# TRACE t=105000 pc=800005ac ifid_pc=800005a8 idex_pc=00000000 ifid_i=00100317 idex_v=0 exmem_v=0 mwb_v=1 stall=0 flush=0 br=0 j=00 rs1=0=00000000 rs2=0=00000000 a=00000000 b=00000000 alu=00000000 ra=00000000 count=00000000
# TRACE t=115000 pc=800005b0 ifid_pc=800005ac idex_pc=800005a8 ifid_i=a6030313 idex_v=1 exmem_v=0 mwb_v=0 stall=0 flush=0 br=0 j=00 rs1=0=00000000 rs2=1=8000000c a=800005a8 b=00100000 alu=801005a8 ra=8000000c count=00000000
# TRACE t=125000 pc=800005b4 ifid_pc=800005b0 idex_pc=800005ac ifid_i=00132c23 idex_v=1 exmem_v=1 mwb_v=0 stall=0 flush=0 br=0 j=00 rs1=6=801005a8 rs2=0=00000000 a=801005a8 b=fffffa60 alu=80100008 ra=8000000c count=00000000
# TRACE t=135000 pc=800005b8 ifid_pc=800005b4 idex_pc=800005b0 ifid_i=0a4000ef idex_v=1 exmem_v=1 mwb_v=1 stall=0 flush=0 br=0 j=00 rs1=6=80100008 rs2=1=8000000c a=80100008 b=00000018 alu=80100020 ra=8000000c count=00000000
# TRACE t=145000 pc=800005bc ifid_pc=800005b8 idex_pc=800005b4 ifid_i=184000ef idex_v=1 exmem_v=1 mwb_v=1 stall=0 flush=1 br=0 j=01 rs1=0=00000000 rs2=4=00000000 a=00000000 b=00000000 alu=00000000 ra=8000000c count=00000000
# TRACE t=155000 pc=80000658 ifid_pc=00000000 idex_pc=00000000 ifid_i=00000000 idex_v=0 exmem_v=1 mwb_v=1 stall=0 flush=0 br=0 j=00 rs1=0=00000000 rs2=0=00000000 a=00000000 b=00000000 alu=00000000 ra=8000000c count=00000000
# TRACE t=165000 pc=8000065c ifid_pc=80000658 idex_pc=00000000 ifid_i=800002b7 idex_v=0 exmem_v=0 mwb_v=1 stall=0 flush=0 br=0 j=00 rs1=0=00000000 rs2=0=00000000 a=00000000 b=00000000 alu=00000000 ra=8000000c count=00000000
# TRACE t=175000 pc=80000660 ifid_pc=8000065c idex_pc=80000658 ifid_i=fff28293 idex_v=1 exmem_v=0 mwb_v=0 stall=0 flush=0 br=0 j=00 rs1=0=00000000 rs2=0=00000000 a=00000000 b=80000000 alu=80000000 ra=800005b8 count=00000000
# TRACE t=185000 pc=80000664 ifid_pc=80000660 idex_pc=8000065c ifid_i=00100313 idex_v=1 exmem_v=1 mwb_v=0 stall=0 flush=0 br=0 j=00 rs1=5=80000000 rs2=31=00000000 a=80000000 b=ffffffff alu=7fffffff ra=800005b8 count=00000000
# TRACE t=195000 pc=80000668 ifid_pc=80000664 idex_pc=80000660 ifid_i=006283b3 idex_v=1 exmem_v=1 mwb_v=1 stall=0 flush=0 br=0 j=00 rs1=0=00000000 rs2=1=800005b8 a=00000000 b=00000001 alu=00000001 ra=800005b8 count=00000000
# TRACE t=205000 pc=8000066c ifid_pc=80000668 idex_pc=80000664 ifid_i=80000e37 idex_v=1 exmem_v=1 mwb_v=1 stall=0 flush=0 br=0 j=00 rs1=5=7fffffff rs2=6=00000001 a=7fffffff b=00000001 alu=80000000 ra=800005b8 count=00000000
# TRACE t=215000 pc=80000670 ifid_pc=8000066c idex_pc=80000668 ifid_i=07c39663 idex_v=1 exmem_v=1 mwb_v=1 stall=0 flush=0 br=0 j=00 rs1=0=00000000 rs2=0=00000000 a=00000000 b=80000000 alu=80000000 ra=800005b8 count=00000000
# TRACE t=225000 pc=80000674 ifid_pc=80000670 idex_pc=8000066c ifid_i=fff00293 idex_v=1 exmem_v=1 mwb_v=1 stall=0 flush=0 br=1 j=00 rs1=7=80000000 rs2=28=80000000 a=80000000 b=80000000 alu=00000000 ra=800005b8 count=00000000
# TRACE t=235000 pc=80000678 ifid_pc=80000674 idex_pc=80000670 ifid_i=00100313 idex_v=1 exmem_v=1 mwb_v=1 stall=0 flush=0 br=0 j=00 rs1=0=00000000 rs2=31=00000000 a=00000000 b=ffffffff alu=ffffffff ra=800005b8 count=00000000
# TRACE t=245000 pc=8000067c ifid_pc=80000678 idex_pc=80000674 ifid_i=006283b3 idex_v=1 exmem_v=1 mwb_v=1 stall=0 flush=0 br=0 j=00 rs1=0=00000000 rs2=1=800005b8 a=00000000 b=00000001 alu=00000001 ra=800005b8 count=00000000
# TRACE t=255000 pc=80000680 ifid_pc=8000067c idex_pc=80000678 ifid_i=04039e63 idex_v=1 exmem_v=1 mwb_v=1 stall=0 flush=0 br=0 j=00 rs1=5=ffffffff rs2=6=00000001 a=ffffffff b=00000001 alu=00000000 ra=800005b8 count=00000000
# TRACE t=265000 pc=80000684 ifid_pc=80000680 idex_pc=8000067c ifid_i=123452b7 idex_v=1 exmem_v=1 mwb_v=1 stall=0 flush=0 br=1 j=00 rs1=7=00000000 rs2=0=00000000 a=00000000 b=00000000 alu=00000000 ra=800005b8 count=00000000
# TRACE t=275000 pc=80000688 ifid_pc=80000684 idex_pc=80000680 ifid_i=67828293 idex_v=1 exmem_v=1 mwb_v=1 stall=0 flush=0 br=0 j=00 rs1=8=00000000 rs2=3=00000000 a=00000000 b=12345000 alu=12345000 ra=800005b8 count=00000000
# TRACE t=285000 pc=8000068c ifid_pc=80000688 idex_pc=80000684 ifid_i=87654337 idex_v=1 exmem_v=1 mwb_v=1 stall=0 flush=0 br=0 j=00 rs1=5=12345000 rs2=24=00000000 a=12345000 b=00000678 alu=12345678 ra=800005b8 count=00000000
# TRACE t=295000 pc=80000690 ifid_pc=8000068c idex_pc=80000688 ifid_i=32130313 idex_v=1 exmem_v=1 mwb_v=1 stall=0 flush=0 br=0 j=00 rs1=10=00000000 rs2=22=00000000 a=00000000 b=87654000 alu=87654000 ra=800005b8 count=00000000
# TRACE t=305000 pc=80000694 ifid_pc=80000690 idex_pc=8000068c ifid_i=006283b3 idex_v=1 exmem_v=1 mwb_v=1 stall=0 flush=0 br=0 j=00 rs1=6=87654000 rs2=1=800005b8 a=87654000 b=00000321 alu=87654321 ra=800005b8 count=00000000
# TRACE t=315000 pc=80000698 ifid_pc=80000694 idex_pc=80000690 ifid_i=9999ae37 idex_v=1 exmem_v=1 mwb_v=1 stall=0 flush=0 br=0 j=00 rs1=5=12345678 rs2=6=87654321 a=12345678 b=87654321 alu=99999999 ra=800005b8 count=00000000
# TRACE t=325000 pc=8000069c ifid_pc=80000698 idex_pc=80000694 ifid_i=999e0e13 idex_v=1 exmem_v=1 mwb_v=1 stall=0 flush=0 br=0 j=00 rs1=19=00000000 rs2=25=00000000 a=00000000 b=9999a000 alu=9999a000 ra=800005b8 count=00000000
# TRACE t=335000 pc=800006a0 ifid_pc=8000069c idex_pc=80000698 ifid_i=03c39e63 idex_v=1 exmem_v=1 mwb_v=1 stall=0 flush=0 br=0 j=00 rs1=28=9999a000 rs2=25=00000000 a=9999a000 b=fffff999 alu=99999999 ra=800005b8 count=00000000
# TRACE t=345000 pc=800006a4 ifid_pc=800006a0 idex_pc=8000069c ifid_i=9999ae37 idex_v=1 exmem_v=1 mwb_v=1 stall=0 flush=0 br=1 j=00 rs1=7=99999999 rs2=28=99999999 a=99999999 b=99999999 alu=00000000 ra=800005b8 count=00000000
# TRACE t=355000 pc=800006a8 ifid_pc=800006a4 idex_pc=800006a0 ifid_i=999e0e13 idex_v=1 exmem_v=1 mwb_v=1 stall=0 flush=0 br=0 j=00 rs1=19=00000000 rs2=25=00000000 a=00000000 b=9999a000 alu=9999a000 ra=800005b8 count=00000000
# TRACE t=365000 pc=800006ac ifid_pc=800006a8 idex_pc=800006a4 ifid_i=9999aeb7 idex_v=1 exmem_v=1 mwb_v=1 stall=0 flush=0 br=0 j=00 rs1=28=9999a000 rs2=25=00000000 a=9999a000 b=fffff999 alu=99999999 ra=800005b8 count=00000000
# TRACE t=375000 pc=800006b0 ifid_pc=800006ac idex_pc=800006a8 ifid_i=999e8e93 idex_v=1 exmem_v=1 mwb_v=1 stall=0 flush=0 br=0 j=00 rs1=19=00000000 rs2=25=00000000 a=00000000 b=9999a000 alu=9999a000 ra=800005b8 count=00000000
# TRACE t=385000 pc=800006b4 ifid_pc=800006b0 idex_pc=800006ac ifid_i=01de0f33 idex_v=1 exmem_v=1 mwb_v=1 stall=0 flush=0 br=0 j=00 rs1=29=9999a000 rs2=25=00000000 a=9999a000 b=fffff999 alu=99999999 ra=800005b8 count=00000000
# TRACE t=395000 pc=800006b8 ifid_pc=800006b4 idex_pc=800006b0 ifid_i=33333fb7 idex_v=1 exmem_v=1 mwb_v=1 stall=0 flush=0 br=0 j=00 rs1=28=99999999 rs2=29=99999999 a=99999999 b=99999999 alu=33333332 ra=800005b8 count=00000000
# TRACE t=405000 pc=800006bc ifid_pc=800006b8 idex_pc=800006b4 ifid_i=332f8f93 idex_v=1 exmem_v=1 mwb_v=1 stall=0 flush=0 br=0 j=00 rs1=6=87654321 rs2=19=00000000 a=00000000 b=33333000 alu=33333000 ra=800005b8 count=00000000
# TRACE t=415000 pc=800006c0 ifid_pc=800006bc idex_pc=800006b8 ifid_i=01ff1e63 idex_v=1 exmem_v=1 mwb_v=1 stall=0 flush=0 br=0 j=00 rs1=31=33333000 rs2=18=00000000 a=33333000 b=00000332 alu=33333332 ra=800005b8 count=00000000
# TRACE t=425000 pc=800006c4 ifid_pc=800006c0 idex_pc=800006bc ifid_i=00100297 idex_v=1 exmem_v=1 mwb_v=1 stall=0 flush=0 br=1 j=00 rs1=30=33333332 rs2=31=33333332 a=33333332 b=33333332 alu=00000000 ra=800005b8 count=00000000
# TRACE t=435000 pc=800006c8 ifid_pc=800006c4 idex_pc=800006c0 ifid_i=94028293 idex_v=1 exmem_v=1 mwb_v=1 stall=0 flush=0 br=0 j=00 rs1=0=00000000 rs2=1=800005b8 a=800006c0 b=00100000 alu=801006c0 ra=800005b8 count=00000000
# TRACE t=445000 pc=800006cc ifid_pc=800006c8 idex_pc=800006c4 ifid_i=0002a303 idex_v=1 exmem_v=1 mwb_v=1 stall=0 flush=0 br=0 j=00 rs1=5=801006c0 rs2=0=00000000 a=801006c0 b=fffff940 alu=80100000 ra=800005b8 count=00000000
# TRACE t=455000 pc=800006d0 ifid_pc=800006cc idex_pc=800006c8 ifid_i=00130313 idex_v=1 exmem_v=1 mwb_v=1 stall=1 flush=0 br=0 j=00 rs1=5=80100000 rs2=0=00000000 a=80100000 b=00000000 alu=80100000 ra=800005b8 count=00000000
# TRACE t=465000 pc=800006d0 ifid_pc=800006cc idex_pc=00000000 ifid_i=00130313 idex_v=0 exmem_v=1 mwb_v=1 stall=0 flush=0 br=0 j=00 rs1=0=00000000 rs2=0=00000000 a=00000000 b=00000000 alu=00000000 ra=800005b8 count=00000000
# TRACE t=475000 pc=800006d4 ifid_pc=800006d0 idex_pc=800006cc ifid_i=0062a023 idex_v=1 exmem_v=0 mwb_v=1 stall=0 flush=0 br=0 j=00 rs1=6=00000000 rs2=1=800005b8 a=00000000 b=00000001 alu=00000001 ra=800005b8 count=00000000
# TRACE t=485000 pc=800006d8 ifid_pc=800006d4 idex_pc=800006d0 ifid_i=00008067 idex_v=1 exmem_v=1 mwb_v=0 stall=0 flush=0 br=0 j=00 rs1=5=80100000 rs2=6=00000001 a=80100000 b=00000000 alu=80100000 ra=800005b8 count=00000000
# TRACE t=495000 pc=800006dc ifid_pc=800006d8 idex_pc=800006d4 ifid_i=00100297 idex_v=1 exmem_v=1 mwb_v=1 stall=0 flush=1 br=0 j=10 rs1=1=800005b8 rs2=0=00000000 a=800005b8 b=00000000 alu=800005b8 ra=800005b8 count=00000000
# COUNT t=495000 data=00000001
# TRACE t=505000 pc=800005b8 ifid_pc=00000000 idex_pc=00000000 ifid_i=00000000 idex_v=0 exmem_v=1 mwb_v=1 stall=0 flush=0 br=0 j=00 rs1=0=00000000 rs2=0=00000000 a=00000000 b=00000000 alu=00000000 ra=800005b8 count=00000000
# TRACE t=515000 pc=800005bc ifid_pc=800005b8 idex_pc=00000000 ifid_i=184000ef idex_v=0 exmem_v=0 mwb_v=1 stall=0 flush=0 br=0 j=00 rs1=0=00000000 rs2=0=00000000 a=00000000 b=00000000 alu=00000000 ra=800005b8 count=00000000
# TRACE t=525000 pc=800005c0 ifid_pc=800005bc idex_pc=800005b8 ifid_i=34c000ef idex_v=1 exmem_v=0 mwb_v=0 stall=0 flush=1 br=0 j=01 rs1=0=00000000 rs2=4=00000000 a=00000000 b=00000000 alu=00000000 ra=800005b8 count=00000000
# TRACE t=535000 pc=8000073c ifid_pc=00000000 idex_pc=00000000 ifid_i=00000000 idex_v=0 exmem_v=1 mwb_v=0 stall=0 flush=0 br=0 j=00 rs1=0=00000000 rs2=0=00000000 a=00000000 b=00000000 alu=00000000 ra=800005b8 count=00000000
# TRACE t=545000 pc=80000740 ifid_pc=8000073c idex_pc=00000000 ifid_i=800002b7 idex_v=0 exmem_v=0 mwb_v=1 stall=0 flush=0 br=0 j=00 rs1=0=00000000 rs2=0=00000000 a=00000000 b=00000000 alu=00000000 ra=800005b8 count=00000000
# TRACE t=555000 pc=80000744 ifid_pc=80000740 idex_pc=8000073c ifid_i=fff28293 idex_v=1 exmem_v=0 mwb_v=0 stall=0 flush=0 br=0 j=00 rs1=0=00000000 rs2=0=00000000 a=00000000 b=80000000 alu=80000000 ra=800005bc count=00000000
# TRACE t=565000 pc=80000748 ifid_pc=80000744 idex_pc=80000740 ifid_i=80000337 idex_v=1 exmem_v=1 mwb_v=0 stall=0 flush=0 br=0 j=00 rs1=5=80000000 rs2=31=33333332 a=80000000 b=ffffffff alu=7fffffff ra=800005bc count=00000000
# TRACE t=575000 pc=8000074c ifid_pc=80000748 idex_pc=80000744 ifid_i=fff30313 idex_v=1 exmem_v=1 mwb_v=1 stall=0 flush=0 br=0 j=00 rs1=0=00000000 rs2=0=00000000 a=00000000 b=80000000 alu=80000000 ra=800005bc count=00000000
# TRACE t=585000 pc=80000750 ifid_pc=8000074c idex_pc=80000748 ifid_i=406283b3 idex_v=1 exmem_v=1 mwb_v=1 stall=0 flush=0 br=0 j=00 rs1=6=80000000 rs2=31=33333332 a=80000000 b=ffffffff alu=7fffffff ra=800005bc count=00000000
# TRACE t=595000 pc=80000754 ifid_pc=80000750 idex_pc=8000074c ifid_i=02039863 idex_v=1 exmem_v=1 mwb_v=1 stall=0 flush=0 br=0 j=00 rs1=5=7fffffff rs2=6=7fffffff a=7fffffff b=7fffffff alu=00000000 ra=800005bc count=00000000
# TRACE t=605000 pc=80000758 ifid_pc=80000754 idex_pc=80000750 ifid_i=00000293 idex_v=1 exmem_v=1 mwb_v=1 stall=0 flush=0 br=1 j=00 rs1=7=00000000 rs2=0=00000000 a=00000000 b=00000000 alu=00000000 ra=800005bc count=00000000
# TRACE t=615000 pc=8000075c ifid_pc=80000758 idex_pc=80000754 ifid_i=fff00313 idex_v=1 exmem_v=1 mwb_v=1 stall=0 flush=0 br=0 j=00 rs1=0=00000000 rs2=0=00000000 a=00000000 b=00000000 alu=00000000 ra=800005bc count=00000000
# TRACE t=625000 pc=80000760 ifid_pc=8000075c idex_pc=80000758 ifid_i=406283b3 idex_v=1 exmem_v=1 mwb_v=1 stall=0 flush=0 br=0 j=00 rs1=0=00000000 rs2=31=33333332 a=00000000 b=ffffffff alu=ffffffff ra=800005bc count=00000000
# TRACE t=635000 pc=80000764 ifid_pc=80000760 idex_pc=8000075c ifid_i=00100e13 idex_v=1 exmem_v=1 mwb_v=1 stall=0 flush=0 br=0 j=00 rs1=5=00000000 rs2=6=ffffffff a=00000000 b=ffffffff alu=00000001 ra=800005bc count=00000000
# TRACE t=645000 pc=80000768 ifid_pc=80000764 idex_pc=80000760 ifid_i=01c39e63 idex_v=1 exmem_v=1 mwb_v=1 stall=0 flush=0 br=0 j=00 rs1=0=00000000 rs2=1=800005bc a=00000000 b=00000001 alu=00000001 ra=800005bc count=00000000
# TRACE t=655000 pc=8000076c ifid_pc=80000768 idex_pc=80000764 ifid_i=00100297 idex_v=1 exmem_v=1 mwb_v=1 stall=0 flush=0 br=1 j=00 rs1=7=00000001 rs2=28=00000001 a=00000001 b=00000001 alu=00000000 ra=800005bc count=00000000
# TRACE t=665000 pc=80000770 ifid_pc=8000076c idex_pc=80000768 ifid_i=89828293 idex_v=1 exmem_v=1 mwb_v=1 stall=0 flush=0 br=0 j=00 rs1=0=00000000 rs2=1=800005bc a=80000768 b=00100000 alu=80100768 ra=800005bc count=00000000
# TRACE t=675000 pc=80000774 ifid_pc=80000770 idex_pc=8000076c ifid_i=0002a303 idex_v=1 exmem_v=1 mwb_v=1 stall=0 flush=0 br=0 j=00 rs1=5=80100768 rs2=24=00000000 a=80100768 b=fffff898 alu=80100000 ra=800005bc count=00000000
# TRACE t=685000 pc=80000778 ifid_pc=80000774 idex_pc=80000770 ifid_i=00130313 idex_v=1 exmem_v=1 mwb_v=1 stall=1 flush=0 br=0 j=00 rs1=5=80100000 rs2=0=00000000 a=80100000 b=00000000 alu=80100000 ra=800005bc count=00000000
# TRACE t=695000 pc=80000778 ifid_pc=80000774 idex_pc=00000000 ifid_i=00130313 idex_v=0 exmem_v=1 mwb_v=1 stall=0 flush=0 br=0 j=00 rs1=0=00000000 rs2=0=00000000 a=00000000 b=00000000 alu=00000000 ra=800005bc count=00000000
# TRACE t=705000 pc=8000077c ifid_pc=80000778 idex_pc=80000774 ifid_i=0062a023 idex_v=1 exmem_v=0 mwb_v=1 stall=0 flush=0 br=0 j=00 rs1=6=00000000 rs2=1=800005bc a=00000000 b=00000001 alu=00000001 ra=800005bc count=00000000
# TRACE t=715000 pc=80000780 ifid_pc=8000077c idex_pc=80000778 ifid_i=00008067 idex_v=1 exmem_v=1 mwb_v=0 stall=0 flush=0 br=0 j=00 rs1=5=80100000 rs2=6=00000001 a=80100000 b=00000000 alu=80100000 ra=800005bc count=00000000
# TRACE t=725000 pc=80000784 ifid_pc=80000780 idex_pc=8000077c ifid_i=00100297 idex_v=1 exmem_v=1 mwb_v=1 stall=0 flush=1 br=0 j=10 rs1=1=800005bc rs2=0=00000000 a=800005bc b=00000000 alu=800005bc ra=800005bc count=00000000
# COUNT t=725000 data=00000001
# TRACE t=735000 pc=800005bc ifid_pc=00000000 idex_pc=00000000 ifid_i=00000000 idex_v=0 exmem_v=1 mwb_v=1 stall=0 flush=0 br=0 j=00 rs1=0=00000000 rs2=0=00000000 a=00000000 b=00000000 alu=00000000 ra=800005bc count=00000000
# TRACE t=745000 pc=800005c0 ifid_pc=800005bc idex_pc=00000000 ifid_i=34c000ef idex_v=0 exmem_v=0 mwb_v=1 stall=0 flush=0 br=0 j=00 rs1=0=00000000 rs2=0=00000000 a=00000000 b=00000000 alu=00000000 ra=800005bc count=00000000
# TRACE t=755000 pc=800005c4 ifid_pc=800005c0 idex_pc=800005bc ifid_i=468000ef idex_v=1 exmem_v=0 mwb_v=0 stall=0 flush=1 br=0 j=01 rs1=0=00000000 rs2=12=00000000 a=00000000 b=00000000 alu=00000000 ra=800005bc count=00000000
# TRACE t=765000 pc=80000908 ifid_pc=00000000 idex_pc=00000000 ifid_i=00000000 idex_v=0 exmem_v=1 mwb_v=0 stall=0 flush=0 br=0 j=00 rs1=0=00000000 rs2=0=00000000 a=00000000 b=00000000 alu=00000000 ra=800005bc count=00000000
# TRACE t=775000 pc=8000090c ifid_pc=80000908 idex_pc=00000000 ifid_i=fff00293 idex_v=0 exmem_v=0 mwb_v=1 stall=0 flush=0 br=0 j=00 rs1=0=00000000 rs2=0=00000000 a=00000000 b=00000000 alu=00000000 ra=800005bc count=00000000
# TRACE t=785000 pc=80000910 ifid_pc=8000090c idex_pc=80000908 ifid_i=00000313 idex_v=1 exmem_v=0 mwb_v=0 stall=0 flush=0 br=0 j=00 rs1=0=00000000 rs2=31=33333332 a=00000000 b=ffffffff alu=ffffffff ra=800005c0 count=00000000
# TRACE t=795000 pc=80000914 ifid_pc=80000910 idex_pc=8000090c ifid_i=0062a3b3 idex_v=1 exmem_v=1 mwb_v=0 stall=0 flush=0 br=0 j=00 rs1=0=00000000 rs2=0=00000000 a=00000000 b=00000000 alu=00000000 ra=800005c0 count=00000000
# TRACE t=805000 pc=80000918 ifid_pc=80000914 idex_pc=80000910 ifid_i=00100e13 idex_v=1 exmem_v=1 mwb_v=1 stall=0 flush=0 br=0 j=00 rs1=5=ffffffff rs2=6=00000000 a=ffffffff b=00000000 alu=00000001 ra=800005c0 count=00000000
# TRACE t=815000 pc=8000091c ifid_pc=80000918 idex_pc=80000914 ifid_i=05c39063 idex_v=1 exmem_v=1 mwb_v=1 stall=0 flush=0 br=0 j=00 rs1=0=00000000 rs2=1=800005c0 a=00000000 b=00000001 alu=00000001 ra=800005c0 count=00000000
# TRACE t=825000 pc=80000920 ifid_pc=8000091c idex_pc=80000918 ifid_i=07b00293 idex_v=1 exmem_v=1 mwb_v=1 stall=0 flush=0 br=1 j=00 rs1=7=00000001 rs2=28=00000001 a=00000001 b=00000001 alu=00000000 ra=800005c0 count=00000000
# TRACE t=835000 pc=80000924 ifid_pc=80000920 idex_pc=8000091c ifid_i=07b00313 idex_v=1 exmem_v=1 mwb_v=1 stall=0 flush=0 br=0 j=00 rs1=0=00000000 rs2=27=00000000 a=00000000 b=0000007b alu=0000007b ra=800005c0 count=00000000
# TRACE t=845000 pc=80000928 ifid_pc=80000924 idex_pc=80000920 ifid_i=0062a3b3 idex_v=1 exmem_v=1 mwb_v=1 stall=0 flush=0 br=0 j=00 rs1=0=00000000 rs2=27=00000000 a=00000000 b=0000007b alu=0000007b ra=800005c0 count=00000000
# TRACE t=855000 pc=8000092c ifid_pc=80000928 idex_pc=80000924 ifid_i=02039863 idex_v=1 exmem_v=1 mwb_v=1 stall=0 flush=0 br=0 j=00 rs1=5=0000007b rs2=6=0000007b a=0000007b b=0000007b alu=00000000 ra=800005c0 count=00000000
# TRACE t=865000 pc=80000930 ifid_pc=8000092c idex_pc=80000928 ifid_i=800002b7 idex_v=1 exmem_v=1 mwb_v=1 stall=0 flush=0 br=1 j=00 rs1=7=00000000 rs2=0=00000000 a=00000000 b=00000000 alu=00000000 ra=800005c0 count=00000000
# TRACE t=875000 pc=80000934 ifid_pc=80000930 idex_pc=8000092c ifid_i=fff28293 idex_v=1 exmem_v=1 mwb_v=1 stall=0 flush=0 br=0 j=00 rs1=0=00000000 rs2=0=00000000 a=00000000 b=80000000 alu=80000000 ra=800005c0 count=00000000
# TRACE t=885000 pc=80000938 ifid_pc=80000934 idex_pc=80000930 ifid_i=fff00313 idex_v=1 exmem_v=1 mwb_v=1 stall=0 flush=0 br=0 j=00 rs1=5=80000000 rs2=31=33333332 a=80000000 b=ffffffff alu=7fffffff ra=800005c0 count=00000000
# TRACE t=895000 pc=8000093c ifid_pc=80000938 idex_pc=80000934 ifid_i=0062a3b3 idex_v=1 exmem_v=1 mwb_v=1 stall=0 flush=0 br=0 j=00 rs1=0=00000000 rs2=31=33333332 a=00000000 b=ffffffff alu=ffffffff ra=800005c0 count=00000000
# TRACE t=905000 pc=80000940 ifid_pc=8000093c idex_pc=80000938 ifid_i=00039e63 idex_v=1 exmem_v=1 mwb_v=1 stall=0 flush=0 br=0 j=00 rs1=5=7fffffff rs2=6=ffffffff a=7fffffff b=ffffffff alu=00000000 ra=800005c0 count=00000000
# TRACE t=915000 pc=80000944 ifid_pc=80000940 idex_pc=8000093c ifid_i=000ff297 idex_v=1 exmem_v=1 mwb_v=1 stall=0 flush=0 br=1 j=00 rs1=7=00000000 rs2=0=00000000 a=00000000 b=00000000 alu=00000000 ra=800005c0 count=00000000
# TRACE t=925000 pc=80000948 ifid_pc=80000944 idex_pc=80000940 ifid_i=6c028293 idex_v=1 exmem_v=1 mwb_v=1 stall=0 flush=0 br=0 j=00 rs1=31=33333332 rs2=0=00000000 a=80000940 b=000ff000 alu=800ff940 ra=800005c0 count=00000000
# TRACE t=935000 pc=8000094c ifid_pc=80000948 idex_pc=80000944 ifid_i=0002a303 idex_v=1 exmem_v=1 mwb_v=1 stall=0 flush=0 br=0 j=00 rs1=5=800ff940 rs2=0=00000000 a=800ff940 b=000006c0 alu=80100000 ra=800005c0 count=00000000
# TRACE t=945000 pc=80000950 ifid_pc=8000094c idex_pc=80000948 ifid_i=00130313 idex_v=1 exmem_v=1 mwb_v=1 stall=1 flush=0 br=0 j=00 rs1=5=80100000 rs2=0=00000000 a=80100000 b=00000000 alu=80100000 ra=800005c0 count=00000000
# TRACE t=955000 pc=80000950 ifid_pc=8000094c idex_pc=00000000 ifid_i=00130313 idex_v=0 exmem_v=1 mwb_v=1 stall=0 flush=0 br=0 j=00 rs1=0=00000000 rs2=0=00000000 a=00000000 b=00000000 alu=00000000 ra=800005c0 count=00000000
# TRACE t=965000 pc=80000954 ifid_pc=80000950 idex_pc=8000094c ifid_i=0062a023 idex_v=1 exmem_v=0 mwb_v=1 stall=0 flush=0 br=0 j=00 rs1=6=00000000 rs2=1=800005c0 a=00000000 b=00000001 alu=00000001 ra=800005c0 count=00000000
# TRACE t=975000 pc=80000958 ifid_pc=80000954 idex_pc=80000950 ifid_i=00008067 idex_v=1 exmem_v=1 mwb_v=0 stall=0 flush=0 br=0 j=00 rs1=5=80100000 rs2=6=00000001 a=80100000 b=00000000 alu=80100000 ra=800005c0 count=00000000
# TRACE t=985000 pc=8000095c ifid_pc=80000958 idex_pc=80000954 ifid_i=000ff297 idex_v=1 exmem_v=1 mwb_v=1 stall=0 flush=1 br=0 j=10 rs1=1=800005c0 rs2=0=00000000 a=800005c0 b=00000000 alu=800005c0 ra=800005c0 count=00000000
# COUNT t=985000 data=00000001
# TRACE t=995000 pc=800005c0 ifid_pc=00000000 idex_pc=00000000 ifid_i=00000000 idex_v=0 exmem_v=1 mwb_v=1 stall=0 flush=0 br=0 j=00 rs1=0=00000000 rs2=0=00000000 a=00000000 b=00000000 alu=00000000 ra=800005c0 count=00000000
# TRACE t=1005000 pc=800005c4 ifid_pc=800005c0 idex_pc=00000000 ifid_i=468000ef idex_v=0 exmem_v=0 mwb_v=1 stall=0 flush=0 br=0 j=00 rs1=0=00000000 rs2=0=00000000 a=00000000 b=00000000 alu=00000000 ra=800005c0 count=00000000
# TRACE t=1015000 pc=800005c8 ifid_pc=800005c4 idex_pc=800005c0 ifid_i=294000ef idex_v=1 exmem_v=0 mwb_v=0 stall=0 flush=1 br=0 j=01 rs1=0=00000000 rs2=8=00000000 a=00000000 b=00000000 alu=00000000 ra=800005c0 count=00000000
# TRACE t=1025000 pc=80000a28 ifid_pc=00000000 idex_pc=00000000 ifid_i=00000000 idex_v=0 exmem_v=1 mwb_v=0 stall=0 flush=0 br=0 j=00 rs1=0=00000000 rs2=0=00000000 a=00000000 b=00000000 alu=00000000 ra=800005c0 count=00000000
# TRACE t=1035000 pc=80000a2c ifid_pc=80000a28 idex_pc=00000000 ifid_i=fff00293 idex_v=0 exmem_v=0 mwb_v=1 stall=0 flush=0 br=0 j=00 rs1=0=00000000 rs2=0=00000000 a=00000000 b=00000000 alu=00000000 ra=800005c0 count=00000000
# TRACE t=1045000 pc=80000a30 ifid_pc=80000a2c idex_pc=80000a28 ifid_i=00000313 idex_v=1 exmem_v=0 mwb_v=0 stall=0 flush=0 br=0 j=00 rs1=0=00000000 rs2=31=33333332 a=00000000 b=ffffffff alu=ffffffff ra=800005c4 count=00000000
# TRACE t=1055000 pc=80000a34 ifid_pc=80000a30 idex_pc=80000a2c ifid_i=0062b3b3 idex_v=1 exmem_v=1 mwb_v=0 stall=0 flush=0 br=0 j=00 rs1=0=00000000 rs2=0=00000000 a=00000000 b=00000000 alu=00000000 ra=800005c4 count=00000000
# TRACE t=1065000 pc=80000a38 ifid_pc=80000a34 idex_pc=80000a30 ifid_i=02039863 idex_v=1 exmem_v=1 mwb_v=1 stall=0 flush=0 br=0 j=00 rs1=5=ffffffff rs2=6=00000000 a=ffffffff b=00000000 alu=00000000 ra=800005c4 count=00000000
# TRACE t=1075000 pc=80000a3c ifid_pc=80000a38 idex_pc=80000a34 ifid_i=00000293 idex_v=1 exmem_v=1 mwb_v=1 stall=0 flush=0 br=1 j=00 rs1=7=00000000 rs2=0=00000000 a=00000000 b=00000000 alu=00000000 ra=800005c4 count=00000000
# TRACE t=1085000 pc=80000a40 ifid_pc=80000a3c idex_pc=80000a38 ifid_i=00100313 idex_v=1 exmem_v=1 mwb_v=1 stall=0 flush=0 br=0 j=00 rs1=0=00000000 rs2=0=00000000 a=00000000 b=00000000 alu=00000000 ra=800005c4 count=00000000
# TRACE t=1095000 pc=80000a44 ifid_pc=80000a40 idex_pc=80000a3c ifid_i=0062b3b3 idex_v=1 exmem_v=1 mwb_v=1 stall=0 flush=0 br=0 j=00 rs1=0=00000000 rs2=1=800005c4 a=00000000 b=00000001 alu=00000001 ra=800005c4 count=00000000
# TRACE t=1105000 pc=80000a48 ifid_pc=80000a44 idex_pc=80000a40 ifid_i=00100e13 idex_v=1 exmem_v=1 mwb_v=1 stall=0 flush=0 br=0 j=00 rs1=5=00000000 rs2=6=00000001 a=00000000 b=00000001 alu=00000001 ra=800005c4 count=00000000
# TRACE t=1115000 pc=80000a4c ifid_pc=80000a48 idex_pc=80000a44 ifid_i=01c39e63 idex_v=1 exmem_v=1 mwb_v=1 stall=0 flush=0 br=0 j=00 rs1=0=00000000 rs2=1=800005c4 a=00000000 b=00000001 alu=00000001 ra=800005c4 count=00000000
# TRACE t=1125000 pc=80000a50 ifid_pc=80000a4c idex_pc=80000a48 ifid_i=000ff297 idex_v=1 exmem_v=1 mwb_v=1 stall=0 flush=0 br=1 j=00 rs1=7=00000001 rs2=28=00000001 a=00000001 b=00000001 alu=00000000 ra=800005c4 count=00000000
# TRACE t=1135000 pc=80000a54 ifid_pc=80000a50 idex_pc=80000a4c ifid_i=5b428293 idex_v=1 exmem_v=1 mwb_v=1 stall=0 flush=0 br=0 j=00 rs1=31=33333332 rs2=0=00000000 a=80000a4c b=000ff000 alu=800ffa4c ra=800005c4 count=00000000
# TRACE t=1145000 pc=80000a58 ifid_pc=80000a54 idex_pc=80000a50 ifid_i=0002a303 idex_v=1 exmem_v=1 mwb_v=1 stall=0 flush=0 br=0 j=00 rs1=5=800ffa4c rs2=20=00000000 a=800ffa4c b=000005b4 alu=80100000 ra=800005c4 count=00000000
# TRACE t=1155000 pc=80000a5c ifid_pc=80000a58 idex_pc=80000a54 ifid_i=00130313 idex_v=1 exmem_v=1 mwb_v=1 stall=1 flush=0 br=0 j=00 rs1=5=80100000 rs2=0=00000000 a=80100000 b=00000000 alu=80100000 ra=800005c4 count=00000000
# TRACE t=1165000 pc=80000a5c ifid_pc=80000a58 idex_pc=00000000 ifid_i=00130313 idex_v=0 exmem_v=1 mwb_v=1 stall=0 flush=0 br=0 j=00 rs1=0=00000000 rs2=0=00000000 a=00000000 b=00000000 alu=00000000 ra=800005c4 count=00000000
# TRACE t=1175000 pc=80000a60 ifid_pc=80000a5c idex_pc=80000a58 ifid_i=0062a023 idex_v=1 exmem_v=0 mwb_v=1 stall=0 flush=0 br=0 j=00 rs1=6=00000000 rs2=1=800005c4 a=00000000 b=00000001 alu=00000001 ra=800005c4 count=00000000
# TRACE t=1185000 pc=80000a64 ifid_pc=80000a60 idex_pc=80000a5c ifid_i=00008067 idex_v=1 exmem_v=1 mwb_v=0 stall=0 flush=0 br=0 j=00 rs1=5=80100000 rs2=6=00000001 a=80100000 b=00000000 alu=80100000 ra=800005c4 count=00000000
# TRACE t=1195000 pc=80000a68 ifid_pc=80000a64 idex_pc=80000a60 ifid_i=000ff297 idex_v=1 exmem_v=1 mwb_v=1 stall=0 flush=1 br=0 j=10 rs1=1=800005c4 rs2=0=00000000 a=800005c4 b=00000000 alu=800005c4 ra=800005c4 count=00000000
# COUNT t=1195000 data=00000001
# TRACE t=1205000 pc=800005c4 ifid_pc=00000000 idex_pc=00000000 ifid_i=00000000 idex_v=0 exmem_v=1 mwb_v=1 stall=0 flush=0 br=0 j=00 rs1=0=00000000 rs2=0=00000000 a=00000000 b=00000000 alu=00000000 ra=800005c4 count=00000000
# TRACE t=1215000 pc=800005c8 ifid_pc=800005c4 idex_pc=00000000 ifid_i=294000ef idex_v=0 exmem_v=0 mwb_v=1 stall=0 flush=0 br=0 j=00 rs1=0=00000000 rs2=0=00000000 a=00000000 b=00000000 alu=00000000 ra=800005c4 count=00000000
# TRACE t=1225000 pc=800005cc ifid_pc=800005c8 idex_pc=800005c4 ifid_i=1d0000ef idex_v=1 exmem_v=0 mwb_v=0 stall=0 flush=1 br=0 j=01 rs1=0=00000000 rs2=20=00000000 a=00000000 b=00000000 alu=00000000 ra=800005c4 count=00000000
# TRACE t=1235000 pc=80000858 ifid_pc=00000000 idex_pc=00000000 ifid_i=00000000 idex_v=0 exmem_v=1 mwb_v=0 stall=0 flush=0 br=0 j=00 rs1=0=00000000 rs2=0=00000000 a=00000000 b=00000000 alu=00000000 ra=800005c4 count=00000000
# TRACE t=1245000 pc=8000085c ifid_pc=80000858 idex_pc=00000000 ifid_i=aaaab2b7 idex_v=0 exmem_v=0 mwb_v=1 stall=0 flush=0 br=0 j=00 rs1=0=00000000 rs2=0=00000000 a=00000000 b=00000000 alu=00000000 ra=800005c4 count=00000000
# TRACE t=1255000 pc=80000860 ifid_pc=8000085c idex_pc=80000858 ifid_i=aaa28293 idex_v=1 exmem_v=0 mwb_v=0 stall=0 flush=0 br=0 j=00 rs1=21=00000000 rs2=10=00000000 a=00000000 b=aaaab000 alu=aaaab000 ra=800005c8 count=00000000
# TRACE t=1265000 pc=80000864 ifid_pc=80000860 idex_pc=8000085c ifid_i=55555337 idex_v=1 exmem_v=1 mwb_v=0 stall=0 flush=0 br=0 j=00 rs1=5=aaaab000 rs2=10=00000000 a=aaaab000 b=fffffaaa alu=aaaaaaaa ra=800005c8 count=00000000
# TRACE t=1275000 pc=80000868 ifid_pc=80000864 idex_pc=80000860 ifid_i=55530313 idex_v=1 exmem_v=1 mwb_v=1 stall=0 flush=0 br=0 j=00 rs1=10=00000000 rs2=21=00000000 a=00000000 b=55555000 alu=55555000 ra=800005c8 count=00000000
# TRACE t=1285000 pc=8000086c ifid_pc=80000868 idex_pc=80000864 ifid_i=0062e3b3 idex_v=1 exmem_v=1 mwb_v=1 stall=0 flush=0 br=0 j=00 rs1=6=55555000 rs2=21=00000000 a=55555000 b=00000555 alu=55555555 ra=800005c8 count=00000000
# TRACE t=1295000 pc=80000870 ifid_pc=8000086c idex_pc=80000868 ifid_i=fff00e13 idex_v=1 exmem_v=1 mwb_v=1 stall=0 flush=0 br=0 j=00 rs1=5=aaaaaaaa rs2=6=55555555 a=aaaaaaaa b=55555555 alu=ffffffff ra=800005c8 count=00000000
# TRACE t=1305000 pc=80000874 ifid_pc=80000870 idex_pc=8000086c ifid_i=03c39663 idex_v=1 exmem_v=1 mwb_v=1 stall=0 flush=0 br=0 j=00 rs1=0=00000000 rs2=31=33333332 a=00000000 b=ffffffff alu=ffffffff ra=800005c8 count=00000000
# TRACE t=1315000 pc=80000878 ifid_pc=80000874 idex_pc=80000870 ifid_i=00000293 idex_v=1 exmem_v=1 mwb_v=1 stall=0 flush=0 br=1 j=00 rs1=7=ffffffff rs2=28=ffffffff a=ffffffff b=ffffffff alu=00000000 ra=800005c8 count=00000000
# TRACE t=1325000 pc=8000087c ifid_pc=80000878 idex_pc=80000874 ifid_i=00000313 idex_v=1 exmem_v=1 mwb_v=1 stall=0 flush=0 br=0 j=00 rs1=0=00000000 rs2=0=00000000 a=00000000 b=00000000 alu=00000000 ra=800005c8 count=00000000
# TRACE t=1335000 pc=80000880 ifid_pc=8000087c idex_pc=80000878 ifid_i=0062e3b3 idex_v=1 exmem_v=1 mwb_v=1 stall=0 flush=0 br=0 j=00 rs1=0=00000000 rs2=0=00000000 a=00000000 b=00000000 alu=00000000 ra=800005c8 count=00000000
# TRACE t=1345000 pc=80000884 ifid_pc=80000880 idex_pc=8000087c ifid_i=00039e63 idex_v=1 exmem_v=1 mwb_v=1 stall=0 flush=0 br=0 j=00 rs1=5=00000000 rs2=6=00000000 a=00000000 b=00000000 alu=00000000 ra=800005c8 count=00000000
# TRACE t=1355000 pc=80000888 ifid_pc=80000884 idex_pc=80000880 ifid_i=000ff297 idex_v=1 exmem_v=1 mwb_v=1 stall=0 flush=0 br=1 j=00 rs1=7=00000000 rs2=0=00000000 a=00000000 b=00000000 alu=00000000 ra=800005c8 count=00000000
# TRACE t=1365000 pc=8000088c ifid_pc=80000888 idex_pc=80000884 ifid_i=77c28293 idex_v=1 exmem_v=1 mwb_v=1 stall=0 flush=0 br=0 j=00 rs1=31=33333332 rs2=0=00000000 a=80000884 b=000ff000 alu=800ff884 ra=800005c8 count=00000000
# TRACE t=1375000 pc=80000890 ifid_pc=8000088c idex_pc=80000888 ifid_i=0002a303 idex_v=1 exmem_v=1 mwb_v=1 stall=0 flush=0 br=0 j=00 rs1=5=800ff884 rs2=28=ffffffff a=800ff884 b=0000077c alu=80100000 ra=800005c8 count=00000000
# TRACE t=1385000 pc=80000894 ifid_pc=80000890 idex_pc=8000088c ifid_i=00130313 idex_v=1 exmem_v=1 mwb_v=1 stall=1 flush=0 br=0 j=00 rs1=5=80100000 rs2=0=00000000 a=80100000 b=00000000 alu=80100000 ra=800005c8 count=00000000
# TRACE t=1395000 pc=80000894 ifid_pc=80000890 idex_pc=00000000 ifid_i=00130313 idex_v=0 exmem_v=1 mwb_v=1 stall=0 flush=0 br=0 j=00 rs1=0=00000000 rs2=0=00000000 a=00000000 b=00000000 alu=00000000 ra=800005c8 count=00000000
# TRACE t=1405000 pc=80000898 ifid_pc=80000894 idex_pc=80000890 ifid_i=0062a023 idex_v=1 exmem_v=0 mwb_v=1 stall=0 flush=0 br=0 j=00 rs1=6=00000000 rs2=1=800005c8 a=00000000 b=00000001 alu=00000001 ra=800005c8 count=00000000
# TRACE t=1415000 pc=8000089c ifid_pc=80000898 idex_pc=80000894 ifid_i=00008067 idex_v=1 exmem_v=1 mwb_v=0 stall=0 flush=0 br=0 j=00 rs1=5=80100000 rs2=6=00000001 a=80100000 b=00000000 alu=80100000 ra=800005c8 count=00000000
# TRACE t=1425000 pc=800008a0 ifid_pc=8000089c idex_pc=80000898 ifid_i=000ff297 idex_v=1 exmem_v=1 mwb_v=1 stall=0 flush=1 br=0 j=10 rs1=1=800005c8 rs2=0=00000000 a=800005c8 b=00000000 alu=800005c8 ra=800005c8 count=00000000
# COUNT t=1425000 data=00000001
# TRACE t=1435000 pc=800005c8 ifid_pc=00000000 idex_pc=00000000 ifid_i=00000000 idex_v=0 exmem_v=1 mwb_v=1 stall=0 flush=0 br=0 j=00 rs1=0=00000000 rs2=0=00000000 a=00000000 b=00000000 alu=00000000 ra=800005c8 count=00000000
# TRACE t=1445000 pc=800005cc ifid_pc=800005c8 idex_pc=00000000 ifid_i=1d0000ef idex_v=0 exmem_v=0 mwb_v=1 stall=0 flush=0 br=0 j=00 rs1=0=00000000 rs2=0=00000000 a=00000000 b=00000000 alu=00000000 ra=800005c8 count=00000000
# TRACE t=1455000 pc=800005d0 ifid_pc=800005cc idex_pc=800005c8 ifid_i=4b0000ef idex_v=1 exmem_v=0 mwb_v=0 stall=0 flush=1 br=0 j=01 rs1=0=00000000 rs2=16=00000000 a=00000000 b=00000000 alu=00000000 ra=800005c8 count=00000000
# TRACE t=1465000 pc=80000798 ifid_pc=00000000 idex_pc=00000000 ifid_i=00000000 idex_v=0 exmem_v=1 mwb_v=0 stall=0 flush=0 br=0 j=00 rs1=0=00000000 rs2=0=00000000 a=00000000 b=00000000 alu=00000000 ra=800005c8 count=00000000
# TRACE t=1475000 pc=8000079c ifid_pc=80000798 idex_pc=00000000 ifid_i=aaaab2b7 idex_v=0 exmem_v=0 mwb_v=1 stall=0 flush=0 br=0 j=00 rs1=0=00000000 rs2=0=00000000 a=00000000 b=00000000 alu=00000000 ra=800005c8 count=00000000
# TRACE t=1485000 pc=800007a0 ifid_pc=8000079c idex_pc=80000798 ifid_i=aaa28293 idex_v=1 exmem_v=0 mwb_v=0 stall=0 flush=0 br=0 j=00 rs1=21=00000000 rs2=10=00000000 a=00000000 b=aaaab000 alu=aaaab000 ra=800005cc count=00000000
# TRACE t=1495000 pc=800007a4 ifid_pc=800007a0 idex_pc=8000079c ifid_i=55555337 idex_v=1 exmem_v=1 mwb_v=0 stall=0 flush=0 br=0 j=00 rs1=5=aaaab000 rs2=10=00000000 a=aaaab000 b=fffffaaa alu=aaaaaaaa ra=800005cc count=00000000
# TRACE t=1505000 pc=800007a8 ifid_pc=800007a4 idex_pc=800007a0 ifid_i=55530313 idex_v=1 exmem_v=1 mwb_v=1 stall=0 flush=0 br=0 j=00 rs1=10=00000000 rs2=21=00000000 a=00000000 b=55555000 alu=55555000 ra=800005cc count=00000000
# TRACE t=1515000 pc=800007ac ifid_pc=800007a8 idex_pc=800007a4 ifid_i=0062f3b3 idex_v=1 exmem_v=1 mwb_v=1 stall=0 flush=0 br=0 j=00 rs1=6=55555000 rs2=21=00000000 a=55555000 b=00000555 alu=55555555 ra=800005cc count=00000000
# TRACE t=1525000 pc=800007b0 ifid_pc=800007ac idex_pc=800007a8 ifid_i=04039063 idex_v=1 exmem_v=1 mwb_v=1 stall=0 flush=0 br=0 j=00 rs1=5=aaaaaaaa rs2=6=55555555 a=aaaaaaaa b=55555555 alu=00000000 ra=800005cc count=00000000
# TRACE t=1535000 pc=800007b4 ifid_pc=800007b0 idex_pc=800007ac ifid_i=fff00293 idex_v=1 exmem_v=1 mwb_v=1 stall=0 flush=0 br=1 j=00 rs1=7=00000000 rs2=0=00000000 a=00000000 b=00000000 alu=00000000 ra=800005cc count=00000000
# TRACE t=1545000 pc=800007b8 ifid_pc=800007b4 idex_pc=800007b0 ifid_i=00000313 idex_v=1 exmem_v=1 mwb_v=1 stall=0 flush=0 br=0 j=00 rs1=0=00000000 rs2=31=33333332 a=00000000 b=ffffffff alu=ffffffff ra=800005cc count=00000000
# TRACE t=1555000 pc=800007bc ifid_pc=800007b8 idex_pc=800007b4 ifid_i=0062f3b3 idex_v=1 exmem_v=1 mwb_v=1 stall=0 flush=0 br=0 j=00 rs1=0=00000000 rs2=0=00000000 a=00000000 b=00000000 alu=00000000 ra=800005cc count=00000000
# TRACE t=1565000 pc=800007c0 ifid_pc=800007bc idex_pc=800007b8 ifid_i=02039863 idex_v=1 exmem_v=1 mwb_v=1 stall=0 flush=0 br=0 j=00 rs1=5=ffffffff rs2=6=00000000 a=ffffffff b=00000000 alu=00000000 ra=800005cc count=00000000
# TRACE t=1575000 pc=800007c4 ifid_pc=800007c0 idex_pc=800007bc ifid_i=123452b7 idex_v=1 exmem_v=1 mwb_v=1 stall=0 flush=0 br=1 j=00 rs1=7=00000000 rs2=0=00000000 a=00000000 b=00000000 alu=00000000 ra=800005cc count=00000000
# TRACE t=1585000 pc=800007c8 ifid_pc=800007c4 idex_pc=800007c0 ifid_i=67828293 idex_v=1 exmem_v=1 mwb_v=1 stall=0 flush=0 br=0 j=00 rs1=8=00000000 rs2=3=00000000 a=00000000 b=12345000 alu=12345000 ra=800005cc count=00000000
# TRACE t=1595000 pc=800007cc ifid_pc=800007c8 idex_pc=800007c4 ifid_i=fff00313 idex_v=1 exmem_v=1 mwb_v=1 stall=0 flush=0 br=0 j=00 rs1=5=12345000 rs2=24=00000000 a=12345000 b=00000678 alu=12345678 ra=800005cc count=00000000
# TRACE t=1605000 pc=800007d0 ifid_pc=800007cc idex_pc=800007c8 ifid_i=0062f3b3 idex_v=1 exmem_v=1 mwb_v=1 stall=0 flush=0 br=0 j=00 rs1=0=00000000 rs2=31=33333332 a=00000000 b=ffffffff alu=ffffffff ra=800005cc count=00000000
# TRACE t=1615000 pc=800007d4 ifid_pc=800007d0 idex_pc=800007cc ifid_i=00539e63 idex_v=1 exmem_v=1 mwb_v=1 stall=0 flush=0 br=0 j=00 rs1=5=12345678 rs2=6=ffffffff a=12345678 b=ffffffff alu=12345678 ra=800005cc count=00000000
# TRACE t=1625000 pc=800007d8 ifid_pc=800007d4 idex_pc=800007d0 ifid_i=00100297 idex_v=1 exmem_v=1 mwb_v=1 stall=0 flush=0 br=1 j=00 rs1=7=12345678 rs2=5=12345678 a=12345678 b=12345678 alu=00000000 ra=800005cc count=00000000
# TRACE t=1635000 pc=800007dc ifid_pc=800007d8 idex_pc=800007d4 ifid_i=82c28293 idex_v=1 exmem_v=1 mwb_v=1 stall=0 flush=0 br=0 j=00 rs1=0=00000000 rs2=1=800005cc a=800007d4 b=00100000 alu=801007d4 ra=800005cc count=00000000
# TRACE t=1645000 pc=800007e0 ifid_pc=800007dc idex_pc=800007d8 ifid_i=0002a303 idex_v=1 exmem_v=1 mwb_v=1 stall=0 flush=0 br=0 j=00 rs1=5=801007d4 rs2=12=00000000 a=801007d4 b=fffff82c alu=80100000 ra=800005cc count=00000000
# TRACE t=1655000 pc=800007e4 ifid_pc=800007e0 idex_pc=800007dc ifid_i=00130313 idex_v=1 exmem_v=1 mwb_v=1 stall=1 flush=0 br=0 j=00 rs1=5=80100000 rs2=0=00000000 a=80100000 b=00000000 alu=80100000 ra=800005cc count=00000000
# TRACE t=1665000 pc=800007e4 ifid_pc=800007e0 idex_pc=00000000 ifid_i=00130313 idex_v=0 exmem_v=1 mwb_v=1 stall=0 flush=0 br=0 j=00 rs1=0=00000000 rs2=0=00000000 a=00000000 b=00000000 alu=00000000 ra=800005cc count=00000000
# TRACE t=1675000 pc=800007e8 ifid_pc=800007e4 idex_pc=800007e0 ifid_i=0062a023 idex_v=1 exmem_v=0 mwb_v=1 stall=0 flush=0 br=0 j=00 rs1=6=00000000 rs2=1=800005cc a=00000000 b=00000001 alu=00000001 ra=800005cc count=00000000
# TRACE t=1685000 pc=800007ec ifid_pc=800007e8 idex_pc=800007e4 ifid_i=00008067 idex_v=1 exmem_v=1 mwb_v=0 stall=0 flush=0 br=0 j=00 rs1=5=80100000 rs2=6=00000001 a=80100000 b=00000000 alu=80100000 ra=800005cc count=00000000
# TRACE t=1695000 pc=800007f0 ifid_pc=800007ec idex_pc=800007e8 ifid_i=00100297 idex_v=1 exmem_v=1 mwb_v=1 stall=0 flush=1 br=0 j=10 rs1=1=800005cc rs2=0=00000000 a=800005cc b=00000000 alu=800005cc ra=800005cc count=00000000
# COUNT t=1695000 data=00000001
# TRACE t=1705000 pc=800005cc ifid_pc=00000000 idex_pc=00000000 ifid_i=00000000 idex_v=0 exmem_v=1 mwb_v=1 stall=0 flush=0 br=0 j=00 rs1=0=00000000 rs2=0=00000000 a=00000000 b=00000000 alu=00000000 ra=800005cc count=00000000
# TRACE t=1715000 pc=800005d0 ifid_pc=800005cc idex_pc=00000000 ifid_i=4b0000ef idex_v=0 exmem_v=0 mwb_v=1 stall=0 flush=0 br=0 j=00 rs1=0=00000000 rs2=0=00000000 a=00000000 b=00000000 alu=00000000 ra=800005cc count=00000000
# TRACE t=1725000 pc=800005d4 ifid_pc=800005d0 idex_pc=800005cc ifid_i=55c000ef idex_v=1 exmem_v=0 mwb_v=0 stall=0 flush=1 br=0 j=01 rs1=0=00000000 rs2=16=00000000 a=00000000 b=00000000 alu=00000000 ra=800005cc count=00000000
# TRACE t=1735000 pc=80000a7c ifid_pc=00000000 idex_pc=00000000 ifid_i=00000000 idex_v=0 exmem_v=1 mwb_v=0 stall=0 flush=0 br=0 j=00 rs1=0=00000000 rs2=0=00000000 a=00000000 b=00000000 alu=00000000 ra=800005cc count=00000000
# TRACE t=1745000 pc=80000a80 ifid_pc=80000a7c idex_pc=00000000 ifid_i=ffff02b7 idex_v=0 exmem_v=0 mwb_v=1 stall=0 flush=0 br=0 j=00 rs1=0=00000000 rs2=0=00000000 a=00000000 b=00000000 alu=00000000 ra=800005cc count=00000000
# TRACE t=1755000 pc=80000a84 ifid_pc=80000a80 idex_pc=80000a7c ifid_i=00010337 idex_v=1 exmem_v=0 mwb_v=0 stall=0 flush=0 br=0 j=00 rs1=30=33333332 rs2=31=33333332 a=00000000 b=ffff0000 alu=ffff0000 ra=800005d0 count=00000000
# TRACE t=1765000 pc=80000a88 ifid_pc=80000a84 idex_pc=80000a80 ifid_i=fff30313 idex_v=1 exmem_v=1 mwb_v=0 stall=0 flush=0 br=0 j=00 rs1=2=80108030 rs2=0=00000000 a=00000000 b=00010000 alu=00010000 ra=800005d0 count=00000000
# TRACE t=1775000 pc=80000a8c ifid_pc=80000a88 idex_pc=80000a84 ifid_i=0062c3b3 idex_v=1 exmem_v=1 mwb_v=1 stall=0 flush=0 br=0 j=00 rs1=6=00010000 rs2=31=33333332 a=00010000 b=ffffffff alu=0000ffff ra=800005d0 count=00000000
# TRACE t=1785000 pc=80000a90 ifid_pc=80000a8c idex_pc=80000a88 ifid_i=fff00e13 idex_v=1 exmem_v=1 mwb_v=1 stall=0 flush=0 br=0 j=00 rs1=5=ffff0000 rs2=6=0000ffff a=ffff0000 b=0000ffff alu=ffffffff ra=800005d0 count=00000000
# TRACE t=1795000 pc=80000a94 ifid_pc=80000a90 idex_pc=80000a8c ifid_i=03c39663 idex_v=1 exmem_v=1 mwb_v=1 stall=0 flush=0 br=0 j=00 rs1=0=00000000 rs2=31=33333332 a=00000000 b=ffffffff alu=ffffffff ra=800005d0 count=00000000
# TRACE t=1805000 pc=80000a98 ifid_pc=80000a94 idex_pc=80000a90 ifid_i=aaaab2b7 idex_v=1 exmem_v=1 mwb_v=1 stall=0 flush=0 br=1 j=00 rs1=7=ffffffff rs2=28=ffffffff a=ffffffff b=ffffffff alu=00000000 ra=800005d0 count=00000000
# TRACE t=1815000 pc=80000a9c ifid_pc=80000a98 idex_pc=80000a94 ifid_i=aaa28293 idex_v=1 exmem_v=1 mwb_v=1 stall=0 flush=0 br=0 j=00 rs1=21=00000000 rs2=10=00000000 a=00000000 b=aaaab000 alu=aaaab000 ra=800005d0 count=00000000
# TRACE t=1825000 pc=80000aa0 ifid_pc=80000a9c idex_pc=80000a98 ifid_i=0052c3b3 idex_v=1 exmem_v=1 mwb_v=1 stall=0 flush=0 br=0 j=00 rs1=5=aaaab000 rs2=10=00000000 a=aaaab000 b=fffffaaa alu=aaaaaaaa ra=800005d0 count=00000000
# TRACE t=1835000 pc=80000aa4 ifid_pc=80000aa0 idex_pc=80000a9c ifid_i=00039e63 idex_v=1 exmem_v=1 mwb_v=1 stall=0 flush=0 br=0 j=00 rs1=5=aaaaaaaa rs2=5=aaaaaaaa a=aaaaaaaa b=aaaaaaaa alu=00000000 ra=800005d0 count=00000000
# TRACE t=1845000 pc=80000aa8 ifid_pc=80000aa4 idex_pc=80000aa0 ifid_i=000ff297 idex_v=1 exmem_v=1 mwb_v=1 stall=0 flush=0 br=1 j=00 rs1=7=00000000 rs2=0=00000000 a=00000000 b=00000000 alu=00000000 ra=800005d0 count=00000000
# TRACE t=1855000 pc=80000aac ifid_pc=80000aa8 idex_pc=80000aa4 ifid_i=55c28293 idex_v=1 exmem_v=1 mwb_v=1 stall=0 flush=0 br=0 j=00 rs1=31=33333332 rs2=0=00000000 a=80000aa4 b=000ff000 alu=800ffaa4 ra=800005d0 count=00000000
# TRACE t=1865000 pc=80000ab0 ifid_pc=80000aac idex_pc=80000aa8 ifid_i=0002a303 idex_v=1 exmem_v=1 mwb_v=1 stall=0 flush=0 br=0 j=00 rs1=5=800ffaa4 rs2=28=ffffffff a=800ffaa4 b=0000055c alu=80100000 ra=800005d0 count=00000000
# TRACE t=1875000 pc=80000ab4 ifid_pc=80000ab0 idex_pc=80000aac ifid_i=00130313 idex_v=1 exmem_v=1 mwb_v=1 stall=1 flush=0 br=0 j=00 rs1=5=80100000 rs2=0=00000000 a=80100000 b=00000000 alu=80100000 ra=800005d0 count=00000000
# TRACE t=1885000 pc=80000ab4 ifid_pc=80000ab0 idex_pc=00000000 ifid_i=00130313 idex_v=0 exmem_v=1 mwb_v=1 stall=0 flush=0 br=0 j=00 rs1=0=00000000 rs2=0=00000000 a=00000000 b=00000000 alu=00000000 ra=800005d0 count=00000000
# TRACE t=1895000 pc=80000ab8 ifid_pc=80000ab4 idex_pc=80000ab0 ifid_i=0062a023 idex_v=1 exmem_v=0 mwb_v=1 stall=0 flush=0 br=0 j=00 rs1=6=00000000 rs2=1=800005d0 a=00000000 b=00000001 alu=00000001 ra=800005d0 count=00000000
# TRACE t=1905000 pc=80000abc ifid_pc=80000ab8 idex_pc=80000ab4 ifid_i=00008067 idex_v=1 exmem_v=1 mwb_v=0 stall=0 flush=0 br=0 j=00 rs1=5=80100000 rs2=6=00000001 a=80100000 b=00000000 alu=80100000 ra=800005d0 count=00000000
# TRACE t=1915000 pc=80000ac0 ifid_pc=80000abc idex_pc=80000ab8 ifid_i=000ff297 idex_v=1 exmem_v=1 mwb_v=1 stall=0 flush=1 br=0 j=10 rs1=1=800005d0 rs2=0=00000000 a=800005d0 b=00000000 alu=800005d0 ra=800005d0 count=00000000
# COUNT t=1915000 data=00000001
# TRACE t=1925000 pc=800005d0 ifid_pc=00000000 idex_pc=00000000 ifid_i=00000000 idex_v=0 exmem_v=1 mwb_v=1 stall=0 flush=0 br=0 j=00 rs1=0=00000000 rs2=0=00000000 a=00000000 b=00000000 alu=00000000 ra=800005d0 count=00000000
# TRACE t=1935000 pc=800005d4 ifid_pc=800005d0 idex_pc=00000000 ifid_i=55c000ef idex_v=0 exmem_v=0 mwb_v=1 stall=0 flush=0 br=0 j=00 rs1=0=00000000 rs2=0=00000000 a=00000000 b=00000000 alu=00000000 ra=800005d0 count=00000000
# TRACE t=1945000 pc=800005d8 ifid_pc=800005d4 idex_pc=800005d0 ifid_i=600000ef idex_v=1 exmem_v=0 mwb_v=0 stall=0 flush=1 br=0 j=01 rs1=0=00000000 rs2=28=ffffffff a=00000000 b=ffffffff alu=ffffffff ra=800005d0 count=00000000
# TRACE t=1955000 pc=80000b2c ifid_pc=00000000 idex_pc=00000000 ifid_i=00000000 idex_v=0 exmem_v=1 mwb_v=0 stall=0 flush=0 br=0 j=00 rs1=0=00000000 rs2=0=00000000 a=00000000 b=00000000 alu=00000000 ra=800005d0 count=00000000
# TRACE t=1965000 pc=80000b30 ifid_pc=80000b2c idex_pc=00000000 ifid_i=00100293 idex_v=0 exmem_v=0 mwb_v=1 stall=0 flush=0 br=0 j=00 rs1=0=00000000 rs2=0=00000000 a=00000000 b=00000000 alu=00000000 ra=800005d0 count=00000000
# TRACE t=1975000 pc=80000b34 ifid_pc=80000b30 idex_pc=80000b2c ifid_i=00300313 idex_v=1 exmem_v=0 mwb_v=0 stall=0 flush=0 br=0 j=00 rs1=0=00000000 rs2=1=800005d4 a=00000000 b=00000001 alu=00000001 ra=800005d4 count=00000000
# TRACE t=1985000 pc=80000b38 ifid_pc=80000b34 idex_pc=80000b30 ifid_i=006293b3 idex_v=1 exmem_v=1 mwb_v=0 stall=0 flush=0 br=0 j=00 rs1=0=00000000 rs2=3=00000000 a=00000000 b=00000003 alu=00000003 ra=800005d4 count=00000000
# TRACE t=1995000 pc=80000b3c ifid_pc=80000b38 idex_pc=80000b34 ifid_i=00800e13 idex_v=1 exmem_v=1 mwb_v=1 stall=0 flush=0 br=0 j=00 rs1=5=00000001 rs2=6=00000003 a=00000001 b=00000003 alu=00000008 ra=800005d4 count=00000000
# TRACE t=2005000 pc=80000b40 ifid_pc=80000b3c idex_pc=80000b38 ifid_i=03c39863 idex_v=1 exmem_v=1 mwb_v=1 stall=0 flush=0 br=0 j=00 rs1=0=00000000 rs2=8=00000000 a=00000000 b=00000008 alu=00000008 ra=800005d4 count=00000000
# TRACE t=2015000 pc=80000b44 ifid_pc=80000b40 idex_pc=80000b3c ifid_i=00100293 idex_v=1 exmem_v=1 mwb_v=1 stall=0 flush=0 br=1 j=00 rs1=7=00000008 rs2=28=00000008 a=00000008 b=00000008 alu=00000000 ra=800005d4 count=00000000
# TRACE t=2025000 pc=80000b48 ifid_pc=80000b44 idex_pc=80000b40 ifid_i=01f00313 idex_v=1 exmem_v=1 mwb_v=1 stall=0 flush=0 br=0 j=00 rs1=0=00000000 rs2=1=800005d4 a=00000000 b=00000001 alu=00000001 ra=800005d4 count=00000000
# TRACE t=2035000 pc=80000b4c ifid_pc=80000b48 idex_pc=80000b44 ifid_i=006293b3 idex_v=1 exmem_v=1 mwb_v=1 stall=0 flush=0 br=0 j=00 rs1=0=00000000 rs2=31=33333332 a=00000000 b=0000001f alu=0000001f ra=800005d4 count=00000000
# TRACE t=2045000 pc=80000b50 ifid_pc=80000b4c idex_pc=80000b48 ifid_i=80000e37 idex_v=1 exmem_v=1 mwb_v=1 stall=0 flush=0 br=0 j=00 rs1=5=00000001 rs2=6=0000001f a=00000001 b=0000001f alu=80000000 ra=800005d4 count=00000000
# TRACE t=2055000 pc=80000b54 ifid_pc=80000b50 idex_pc=80000b4c ifid_i=01c39e63 idex_v=1 exmem_v=1 mwb_v=1 stall=0 flush=0 br=0 j=00 rs1=0=00000000 rs2=0=00000000 a=00000000 b=80000000 alu=80000000 ra=800005d4 count=00000000
# TRACE t=2065000 pc=80000b58 ifid_pc=80000b54 idex_pc=80000b50 ifid_i=000ff297 idex_v=1 exmem_v=1 mwb_v=1 stall=0 flush=0 br=1 j=00 rs1=7=80000000 rs2=28=80000000 a=80000000 b=80000000 alu=00000000 ra=800005d4 count=00000000
# TRACE t=2075000 pc=80000b5c ifid_pc=80000b58 idex_pc=80000b54 ifid_i=4ac28293 idex_v=1 exmem_v=1 mwb_v=1 stall=0 flush=0 br=0 j=00 rs1=31=33333332 rs2=0=00000000 a=80000b54 b=000ff000 alu=800ffb54 ra=800005d4 count=00000000
# TRACE t=2085000 pc=80000b60 ifid_pc=80000b5c idex_pc=80000b58 ifid_i=0002a303 idex_v=1 exmem_v=1 mwb_v=1 stall=0 flush=0 br=0 j=00 rs1=5=800ffb54 rs2=12=00000000 a=800ffb54 b=000004ac alu=80100000 ra=800005d4 count=00000000
# TRACE t=2095000 pc=80000b64 ifid_pc=80000b60 idex_pc=80000b5c ifid_i=00130313 idex_v=1 exmem_v=1 mwb_v=1 stall=1 flush=0 br=0 j=00 rs1=5=80100000 rs2=0=00000000 a=80100000 b=00000000 alu=80100000 ra=800005d4 count=00000000
# TRACE t=2105000 pc=80000b64 ifid_pc=80000b60 idex_pc=00000000 ifid_i=00130313 idex_v=0 exmem_v=1 mwb_v=1 stall=0 flush=0 br=0 j=00 rs1=0=00000000 rs2=0=00000000 a=00000000 b=00000000 alu=00000000 ra=800005d4 count=00000000
# TRACE t=2115000 pc=80000b68 ifid_pc=80000b64 idex_pc=80000b60 ifid_i=0062a023 idex_v=1 exmem_v=0 mwb_v=1 stall=0 flush=0 br=0 j=00 rs1=6=00000000 rs2=1=800005d4 a=00000000 b=00000001 alu=00000001 ra=800005d4 count=00000000
# TRACE t=2125000 pc=80000b6c ifid_pc=80000b68 idex_pc=80000b64 ifid_i=00008067 idex_v=1 exmem_v=1 mwb_v=0 stall=0 flush=0 br=0 j=00 rs1=5=80100000 rs2=6=00000001 a=80100000 b=00000000 alu=80100000 ra=800005d4 count=00000000
# TRACE t=2135000 pc=80000b70 ifid_pc=80000b6c idex_pc=80000b68 ifid_i=000ff297 idex_v=1 exmem_v=1 mwb_v=1 stall=0 flush=1 br=0 j=10 rs1=1=800005d4 rs2=0=00000000 a=800005d4 b=00000000 alu=800005d4 ra=800005d4 count=00000000
# COUNT t=2135000 data=00000001
# TRACE t=2145000 pc=800005d4 ifid_pc=00000000 idex_pc=00000000 ifid_i=00000000 idex_v=0 exmem_v=1 mwb_v=1 stall=0 flush=0 br=0 j=00 rs1=0=00000000 rs2=0=00000000 a=00000000 b=00000000 alu=00000000 ra=800005d4 count=00000000
# TRACE t=2155000 pc=800005d8 ifid_pc=800005d4 idex_pc=00000000 ifid_i=600000ef idex_v=0 exmem_v=0 mwb_v=1 stall=0 flush=0 br=0 j=00 rs1=0=00000000 rs2=0=00000000 a=00000000 b=00000000 alu=00000000 ra=800005d4 count=00000000
# TRACE t=2165000 pc=800005dc ifid_pc=800005d8 idex_pc=800005d4 ifid_i=6ac000ef idex_v=1 exmem_v=0 mwb_v=0 stall=0 flush=1 br=0 j=01 rs1=0=00000000 rs2=0=00000000 a=00000000 b=00000000 alu=00000000 ra=800005d4 count=00000000
# TRACE t=2175000 pc=80000bd4 ifid_pc=00000000 idex_pc=00000000 ifid_i=00000000 idex_v=0 exmem_v=1 mwb_v=0 stall=0 flush=0 br=0 j=00 rs1=0=00000000 rs2=0=00000000 a=00000000 b=00000000 alu=00000000 ra=800005d4 count=00000000
# TRACE t=2185000 pc=80000bd8 ifid_pc=80000bd4 idex_pc=00000000 ifid_i=800002b7 idex_v=0 exmem_v=0 mwb_v=1 stall=0 flush=0 br=0 j=00 rs1=0=00000000 rs2=0=00000000 a=00000000 b=00000000 alu=00000000 ra=800005d4 count=00000000
# TRACE t=2195000 pc=80000bdc ifid_pc=80000bd8 idex_pc=80000bd4 ifid_i=01f00313 idex_v=1 exmem_v=0 mwb_v=0 stall=0 flush=0 br=0 j=00 rs1=0=00000000 rs2=0=00000000 a=00000000 b=80000000 alu=80000000 ra=800005d8 count=00000000
# TRACE t=2205000 pc=80000be0 ifid_pc=80000bdc idex_pc=80000bd8 ifid_i=0062d3b3 idex_v=1 exmem_v=1 mwb_v=0 stall=0 flush=0 br=0 j=00 rs1=0=00000000 rs2=31=33333332 a=00000000 b=0000001f alu=0000001f ra=800005d8 count=00000000
# TRACE t=2215000 pc=80000be4 ifid_pc=80000be0 idex_pc=80000bdc ifid_i=00100e13 idex_v=1 exmem_v=1 mwb_v=1 stall=0 flush=0 br=0 j=00 rs1=5=80000000 rs2=6=0000001f a=80000000 b=0000001f alu=00000001 ra=800005d8 count=00000000
# TRACE t=2225000 pc=80000be8 ifid_pc=80000be4 idex_pc=80000be0 ifid_i=03c39a63 idex_v=1 exmem_v=1 mwb_v=1 stall=0 flush=0 br=0 j=00 rs1=0=00000000 rs2=1=800005d8 a=00000000 b=00000001 alu=00000001 ra=800005d8 count=00000000
# TRACE t=2235000 pc=80000bec ifid_pc=80000be8 idex_pc=80000be4 ifid_i=fff00293 idex_v=1 exmem_v=1 mwb_v=1 stall=0 flush=0 br=1 j=00 rs1=7=00000001 rs2=28=00000001 a=00000001 b=00000001 alu=00000000 ra=800005d8 count=00000000
# TRACE t=2245000 pc=80000bf0 ifid_pc=80000bec idex_pc=80000be8 ifid_i=00400313 idex_v=1 exmem_v=1 mwb_v=1 stall=0 flush=0 br=0 j=00 rs1=0=00000000 rs2=31=33333332 a=00000000 b=ffffffff alu=ffffffff ra=800005d8 count=00000000
# TRACE t=2255000 pc=80000bf4 ifid_pc=80000bf0 idex_pc=80000bec ifid_i=0062d3b3 idex_v=1 exmem_v=1 mwb_v=1 stall=0 flush=0 br=0 j=00 rs1=0=00000000 rs2=4=00000000 a=00000000 b=00000004 alu=00000004 ra=800005d8 count=00000000
# TRACE t=2265000 pc=80000bf8 ifid_pc=80000bf4 idex_pc=80000bf0 ifid_i=10000e37 idex_v=1 exmem_v=1 mwb_v=1 stall=0 flush=0 br=0 j=00 rs1=5=ffffffff rs2=6=00000004 a=ffffffff b=00000004 alu=0fffffff ra=800005d8 count=00000000
# TRACE t=2275000 pc=80000bfc ifid_pc=80000bf8 idex_pc=80000bf4 ifid_i=fffe0e13 idex_v=1 exmem_v=1 mwb_v=1 stall=0 flush=0 br=0 j=00 rs1=0=00000000 rs2=0=00000000 a=00000000 b=10000000 alu=10000000 ra=800005d8 count=00000000
# TRACE t=2285000 pc=80000c00 ifid_pc=80000bfc idex_pc=80000bf8 ifid_i=01c39e63 idex_v=1 exmem_v=1 mwb_v=1 stall=0 flush=0 br=0 j=00 rs1=28=10000000 rs2=31=33333332 a=10000000 b=ffffffff alu=0fffffff ra=800005d8 count=00000000
# TRACE t=2295000 pc=80000c04 ifid_pc=80000c00 idex_pc=80000bfc ifid_i=000ff297 idex_v=1 exmem_v=1 mwb_v=1 stall=0 flush=0 br=1 j=00 rs1=7=0fffffff rs2=28=0fffffff a=0fffffff b=0fffffff alu=00000000 ra=800005d8 count=00000000
# TRACE t=2305000 pc=80000c08 ifid_pc=80000c04 idex_pc=80000c00 ifid_i=40028293 idex_v=1 exmem_v=1 mwb_v=1 stall=0 flush=0 br=0 j=00 rs1=31=33333332 rs2=0=00000000 a=80000c00 b=000ff000 alu=800ffc00 ra=800005d8 count=00000000
# TRACE t=2315000 pc=80000c0c ifid_pc=80000c08 idex_pc=80000c04 ifid_i=0002a303 idex_v=1 exmem_v=1 mwb_v=1 stall=0 flush=0 br=0 j=00 rs1=5=800ffc00 rs2=0=00000000 a=800ffc00 b=00000400 alu=80100000 ra=800005d8 count=00000000
# TRACE t=2325000 pc=80000c10 ifid_pc=80000c0c idex_pc=80000c08 ifid_i=00130313 idex_v=1 exmem_v=1 mwb_v=1 stall=1 flush=0 br=0 j=00 rs1=5=80100000 rs2=0=00000000 a=80100000 b=00000000 alu=80100000 ra=800005d8 count=00000000
# TRACE t=2335000 pc=80000c10 ifid_pc=80000c0c idex_pc=00000000 ifid_i=00130313 idex_v=0 exmem_v=1 mwb_v=1 stall=0 flush=0 br=0 j=00 rs1=0=00000000 rs2=0=00000000 a=00000000 b=00000000 alu=00000000 ra=800005d8 count=00000000
# TRACE t=2345000 pc=80000c14 ifid_pc=80000c10 idex_pc=80000c0c ifid_i=0062a023 idex_v=1 exmem_v=0 mwb_v=1 stall=0 flush=0 br=0 j=00 rs1=6=00000000 rs2=1=800005d8 a=00000000 b=00000001 alu=00000001 ra=800005d8 count=00000000
# TRACE t=2355000 pc=80000c18 ifid_pc=80000c14 idex_pc=80000c10 ifid_i=00008067 idex_v=1 exmem_v=1 mwb_v=0 stall=0 flush=0 br=0 j=00 rs1=5=80100000 rs2=6=00000001 a=80100000 b=00000000 alu=80100000 ra=800005d8 count=00000000
# TRACE t=2365000 pc=80000c1c ifid_pc=80000c18 idex_pc=80000c14 ifid_i=000ff297 idex_v=1 exmem_v=1 mwb_v=1 stall=0 flush=1 br=0 j=10 rs1=1=800005d8 rs2=0=00000000 a=800005d8 b=00000000 alu=800005d8 ra=800005d8 count=00000000
# COUNT t=2365000 data=00000001
# TRACE t=2375000 pc=800005d8 ifid_pc=00000000 idex_pc=00000000 ifid_i=00000000 idex_v=0 exmem_v=1 mwb_v=1 stall=0 flush=0 br=0 j=00 rs1=0=00000000 rs2=0=00000000 a=00000000 b=00000000 alu=00000000 ra=800005d8 count=00000000
# TRACE t=2385000 pc=800005dc ifid_pc=800005d8 idex_pc=00000000 ifid_i=6ac000ef idex_v=0 exmem_v=0 mwb_v=1 stall=0 flush=0 br=0 j=00 rs1=0=00000000 rs2=0=00000000 a=00000000 b=00000000 alu=00000000 ra=800005d8 count=00000000
# TRACE t=2395000 pc=800005e0 ifid_pc=800005dc idex_pc=800005d8 ifid_i=764000ef idex_v=1 exmem_v=0 mwb_v=0 stall=0 flush=1 br=0 j=01 rs1=0=00000000 rs2=12=00000000 a=00000000 b=00000000 alu=00000000 ra=800005d8 count=00000000
# TRACE t=2405000 pc=80000c84 ifid_pc=00000000 idex_pc=00000000 ifid_i=00000000 idex_v=0 exmem_v=1 mwb_v=0 stall=0 flush=0 br=0 j=00 rs1=0=00000000 rs2=0=00000000 a=00000000 b=00000000 alu=00000000 ra=800005d8 count=00000000
# TRACE t=2415000 pc=80000c88 ifid_pc=80000c84 idex_pc=00000000 ifid_i=fff00293 idex_v=0 exmem_v=0 mwb_v=1 stall=0 flush=0 br=0 j=00 rs1=0=00000000 rs2=0=00000000 a=00000000 b=00000000 alu=00000000 ra=800005d8 count=00000000
# TRACE t=2425000 pc=80000c8c ifid_pc=80000c88 idex_pc=80000c84 ifid_i=01f00313 idex_v=1 exmem_v=0 mwb_v=0 stall=0 flush=0 br=0 j=00 rs1=0=00000000 rs2=31=33333332 a=00000000 b=ffffffff alu=ffffffff ra=800005dc count=00000000
# TRACE t=2435000 pc=80000c90 ifid_pc=80000c8c idex_pc=80000c88 ifid_i=4062d3b3 idex_v=1 exmem_v=1 mwb_v=0 stall=0 flush=0 br=0 j=00 rs1=0=00000000 rs2=31=33333332 a=00000000 b=0000001f alu=0000001f ra=800005dc count=00000000
# TRACE t=2445000 pc=80000c94 ifid_pc=80000c90 idex_pc=80000c8c ifid_i=fff00e13 idex_v=1 exmem_v=1 mwb_v=1 stall=0 flush=0 br=0 j=00 rs1=5=ffffffff rs2=6=0000001f a=ffffffff b=0000001f alu=ffffffff ra=800005dc count=00000000
# TRACE t=2455000 pc=80000c98 ifid_pc=80000c94 idex_pc=80000c90 ifid_i=05c39263 idex_v=1 exmem_v=1 mwb_v=1 stall=0 flush=0 br=0 j=00 rs1=0=00000000 rs2=31=33333332 a=00000000 b=ffffffff alu=ffffffff ra=800005dc count=00000000
# TRACE t=2465000 pc=80000c9c ifid_pc=80000c98 idex_pc=80000c94 ifid_i=800002b7 idex_v=1 exmem_v=1 mwb_v=1 stall=0 flush=0 br=1 j=00 rs1=7=ffffffff rs2=28=ffffffff a=ffffffff b=ffffffff alu=00000000 ra=800005dc count=00000000
# TRACE t=2475000 pc=80000ca0 ifid_pc=80000c9c idex_pc=80000c98 ifid_i=01f00313 idex_v=1 exmem_v=1 mwb_v=1 stall=0 flush=0 br=0 j=00 rs1=0=00000000 rs2=0=00000000 a=00000000 b=80000000 alu=80000000 ra=800005dc count=00000000
# TRACE t=2485000 pc=80000ca4 ifid_pc=80000ca0 idex_pc=80000c9c ifid_i=4062d3b3 idex_v=1 exmem_v=1 mwb_v=1 stall=0 flush=0 br=0 j=00 rs1=0=00000000 rs2=31=33333332 a=00000000 b=0000001f alu=0000001f ra=800005dc count=00000000
# TRACE t=2495000 pc=80000ca8 ifid_pc=80000ca4 idex_pc=80000ca0 ifid_i=fff00e13 idex_v=1 exmem_v=1 mwb_v=1 stall=0 flush=0 br=0 j=00 rs1=5=80000000 rs2=6=0000001f a=80000000 b=0000001f alu=ffffffff ra=800005dc count=00000000
# TRACE t=2505000 pc=80000cac ifid_pc=80000ca8 idex_pc=80000ca4 ifid_i=03c39863 idex_v=1 exmem_v=1 mwb_v=1 stall=0 flush=0 br=0 j=00 rs1=0=00000000 rs2=31=33333332 a=00000000 b=ffffffff alu=ffffffff ra=800005dc count=00000000
# TRACE t=2515000 pc=80000cb0 ifid_pc=80000cac idex_pc=80000ca8 ifid_i=010002b7 idex_v=1 exmem_v=1 mwb_v=1 stall=0 flush=0 br=1 j=00 rs1=7=ffffffff rs2=28=ffffffff a=ffffffff b=ffffffff alu=00000000 ra=800005dc count=00000000
# TRACE t=2525000 pc=80000cb4 ifid_pc=80000cb0 idex_pc=80000cac ifid_i=00400313 idex_v=1 exmem_v=1 mwb_v=1 stall=0 flush=0 br=0 j=00 rs1=0=00000000 rs2=16=00000000 a=00000000 b=01000000 alu=01000000 ra=800005dc count=00000000
# TRACE t=2535000 pc=80000cb8 ifid_pc=80000cb4 idex_pc=80000cb0 ifid_i=4062d3b3 idex_v=1 exmem_v=1 mwb_v=1 stall=0 flush=0 br=0 j=00 rs1=0=00000000 rs2=4=00000000 a=00000000 b=00000004 alu=00000004 ra=800005dc count=00000000
# TRACE t=2545000 pc=80000cbc ifid_pc=80000cb8 idex_pc=80000cb4 ifid_i=00100e37 idex_v=1 exmem_v=1 mwb_v=1 stall=0 flush=0 br=0 j=00 rs1=5=01000000 rs2=6=00000004 a=01000000 b=00000004 alu=00100000 ra=800005dc count=00000000
# TRACE t=2555000 pc=80000cc0 ifid_pc=80000cbc idex_pc=80000cb8 ifid_i=01c39e63 idex_v=1 exmem_v=1 mwb_v=1 stall=0 flush=0 br=0 j=00 rs1=0=00000000 rs2=1=800005dc a=00000000 b=00100000 alu=00100000 ra=800005dc count=00000000
# TRACE t=2565000 pc=80000cc4 ifid_pc=80000cc0 idex_pc=80000cbc ifid_i=000ff297 idex_v=1 exmem_v=1 mwb_v=1 stall=0 flush=0 br=1 j=00 rs1=7=00100000 rs2=28=00100000 a=00100000 b=00100000 alu=00000000 ra=800005dc count=00000000
# TRACE t=2575000 pc=80000cc8 ifid_pc=80000cc4 idex_pc=80000cc0 ifid_i=34028293 idex_v=1 exmem_v=1 mwb_v=1 stall=0 flush=0 br=0 j=00 rs1=31=33333332 rs2=0=00000000 a=80000cc0 b=000ff000 alu=800ffcc0 ra=800005dc count=00000000
# TRACE t=2585000 pc=80000ccc ifid_pc=80000cc8 idex_pc=80000cc4 ifid_i=0002a303 idex_v=1 exmem_v=1 mwb_v=1 stall=0 flush=0 br=0 j=00 rs1=5=800ffcc0 rs2=0=00000000 a=800ffcc0 b=00000340 alu=80100000 ra=800005dc count=00000000
# TRACE t=2595000 pc=80000cd0 ifid_pc=80000ccc idex_pc=80000cc8 ifid_i=00130313 idex_v=1 exmem_v=1 mwb_v=1 stall=1 flush=0 br=0 j=00 rs1=5=80100000 rs2=0=00000000 a=80100000 b=00000000 alu=80100000 ra=800005dc count=00000000
# TRACE t=2605000 pc=80000cd0 ifid_pc=80000ccc idex_pc=00000000 ifid_i=00130313 idex_v=0 exmem_v=1 mwb_v=1 stall=0 flush=0 br=0 j=00 rs1=0=00000000 rs2=0=00000000 a=00000000 b=00000000 alu=00000000 ra=800005dc count=00000000
# TRACE t=2615000 pc=80000cd4 ifid_pc=80000cd0 idex_pc=80000ccc ifid_i=0062a023 idex_v=1 exmem_v=0 mwb_v=1 stall=0 flush=0 br=0 j=00 rs1=6=00000000 rs2=1=800005dc a=00000000 b=00000001 alu=00000001 ra=800005dc count=00000000
# TRACE t=2625000 pc=80000cd8 ifid_pc=80000cd4 idex_pc=80000cd0 ifid_i=00008067 idex_v=1 exmem_v=1 mwb_v=0 stall=0 flush=0 br=0 j=00 rs1=5=80100000 rs2=6=00000001 a=80100000 b=00000000 alu=80100000 ra=800005dc count=00000000
# TRACE t=2635000 pc=80000cdc ifid_pc=80000cd8 idex_pc=80000cd4 ifid_i=000ff297 idex_v=1 exmem_v=1 mwb_v=1 stall=0 flush=1 br=0 j=10 rs1=1=800005dc rs2=0=00000000 a=800005dc b=00000000 alu=800005dc ra=800005dc count=00000000
# COUNT t=2635000 data=00000001
# TRACE t=2645000 pc=800005dc ifid_pc=00000000 idex_pc=00000000 ifid_i=00000000 idex_v=0 exmem_v=1 mwb_v=1 stall=0 flush=0 br=0 j=00 rs1=0=00000000 rs2=0=00000000 a=00000000 b=00000000 alu=00000000 ra=800005dc count=00000000
# TRACE t=2655000 pc=800005e0 ifid_pc=800005dc idex_pc=00000000 ifid_i=764000ef idex_v=0 exmem_v=0 mwb_v=1 stall=0 flush=0 br=0 j=00 rs1=0=00000000 rs2=0=00000000 a=00000000 b=00000000 alu=00000000 ra=800005dc count=00000000
# TRACE t=2665000 pc=800005e4 ifid_pc=800005e0 idex_pc=800005dc ifid_i=79c000ef idex_v=1 exmem_v=0 mwb_v=0 stall=0 flush=1 br=0 j=01 rs1=0=00000000 rs2=4=00000000 a=00000000 b=00000000 alu=00000000 ra=800005dc count=00000000
# TRACE t=2675000 pc=80000d40 ifid_pc=00000000 idex_pc=00000000 ifid_i=00000000 idex_v=0 exmem_v=1 mwb_v=0 stall=0 flush=0 br=0 j=00 rs1=0=00000000 rs2=0=00000000 a=00000000 b=00000000 alu=00000000 ra=800005dc count=00000000
# TRACE t=2685000 pc=80000d44 ifid_pc=80000d40 idex_pc=00000000 ifid_i=123452b7 idex_v=0 exmem_v=0 mwb_v=1 stall=0 flush=0 br=0 j=00 rs1=0=00000000 rs2=0=00000000 a=00000000 b=00000000 alu=00000000 ra=800005dc count=00000000
# TRACE t=2695000 pc=80000d48 ifid_pc=80000d44 idex_pc=80000d40 ifid_i=12345337 idex_v=1 exmem_v=0 mwb_v=0 stall=0 flush=0 br=0 j=00 rs1=8=00000000 rs2=3=00000000 a=00000000 b=12345000 alu=12345000 ra=800005e0 count=00000000
# TRACE t=2705000 pc=80000d4c ifid_pc=80000d48 idex_pc=80000d44 ifid_i=00629e63 idex_v=1 exmem_v=1 mwb_v=0 stall=0 flush=0 br=0 j=00 rs1=8=00000000 rs2=3=00000000 a=00000000 b=12345000 alu=12345000 ra=800005e0 count=00000000
# TRACE t=2715000 pc=80000d50 ifid_pc=80000d4c idex_pc=80000d48 ifid_i=000ff297 idex_v=1 exmem_v=1 mwb_v=1 stall=0 flush=0 br=1 j=00 rs1=5=12345000 rs2=6=12345000 a=12345000 b=12345000 alu=00000000 ra=800005e0 count=00000000
# TRACE t=2725000 pc=80000d54 ifid_pc=80000d50 idex_pc=80000d4c ifid_i=2b428293 idex_v=1 exmem_v=1 mwb_v=1 stall=0 flush=0 br=0 j=00 rs1=31=33333332 rs2=0=00000000 a=80000d4c b=000ff000 alu=800ffd4c ra=800005e0 count=00000000
# TRACE t=2735000 pc=80000d58 ifid_pc=80000d54 idex_pc=80000d50 ifid_i=0002a303 idex_v=1 exmem_v=1 mwb_v=1 stall=0 flush=0 br=0 j=00 rs1=5=800ffd4c rs2=20=00000000 a=800ffd4c b=000002b4 alu=80100000 ra=800005e0 count=00000000
# TRACE t=2745000 pc=80000d5c ifid_pc=80000d58 idex_pc=80000d54 ifid_i=00130313 idex_v=1 exmem_v=1 mwb_v=1 stall=1 flush=0 br=0 j=00 rs1=5=80100000 rs2=0=00000000 a=80100000 b=00000000 alu=80100000 ra=800005e0 count=00000000
# TRACE t=2755000 pc=80000d5c ifid_pc=80000d58 idex_pc=00000000 ifid_i=00130313 idex_v=0 exmem_v=1 mwb_v=1 stall=0 flush=0 br=0 j=00 rs1=0=00000000 rs2=0=00000000 a=00000000 b=00000000 alu=00000000 ra=800005e0 count=00000000
# TRACE t=2765000 pc=80000d60 ifid_pc=80000d5c idex_pc=80000d58 ifid_i=0062a023 idex_v=1 exmem_v=0 mwb_v=1 stall=0 flush=0 br=0 j=00 rs1=6=00000000 rs2=1=800005e0 a=00000000 b=00000001 alu=00000001 ra=800005e0 count=00000000
# TRACE t=2775000 pc=80000d64 ifid_pc=80000d60 idex_pc=80000d5c ifid_i=00008067 idex_v=1 exmem_v=1 mwb_v=0 stall=0 flush=0 br=0 j=00 rs1=5=80100000 rs2=6=00000001 a=80100000 b=00000000 alu=80100000 ra=800005e0 count=00000000
# TRACE t=2785000 pc=80000d68 ifid_pc=80000d64 idex_pc=80000d60 ifid_i=000ff297 idex_v=1 exmem_v=1 mwb_v=1 stall=0 flush=1 br=0 j=10 rs1=1=800005e0 rs2=0=00000000 a=800005e0 b=00000000 alu=800005e0 ra=800005e0 count=00000000
# COUNT t=2785000 data=00000001
# TRACE t=2795000 pc=800005e0 ifid_pc=00000000 idex_pc=00000000 ifid_i=00000000 idex_v=0 exmem_v=1 mwb_v=1 stall=0 flush=0 br=0 j=00 rs1=0=00000000 rs2=0=00000000 a=00000000 b=00000000 alu=00000000 ra=800005e0 count=00000000
# TRACE t=2805000 pc=800005e4 ifid_pc=800005e0 idex_pc=00000000 ifid_i=79c000ef idex_v=0 exmem_v=0 mwb_v=1 stall=0 flush=0 br=0 j=00 rs1=0=00000000 rs2=0=00000000 a=00000000 b=00000000 alu=00000000 ra=800005e0 count=00000000
# TRACE t=2815000 pc=800005e8 ifid_pc=800005e4 idex_pc=800005e0 ifid_i=38c000ef idex_v=1 exmem_v=0 mwb_v=0 stall=0 flush=1 br=0 j=01 rs1=0=00000000 rs2=28=00100000 a=00000000 b=00100000 alu=00100000 ra=800005e0 count=00000000
# TRACE t=2825000 pc=80000d7c ifid_pc=00000000 idex_pc=00000000 ifid_i=00000000 idex_v=0 exmem_v=1 mwb_v=0 stall=0 flush=0 br=0 j=00 rs1=0=00000000 rs2=0=00000000 a=00000000 b=00000000 alu=00000000 ra=800005e0 count=00000000
# TRACE t=2835000 pc=80000d80 ifid_pc=80000d7c idex_pc=00000000 ifid_i=00000297 idex_v=0 exmem_v=0 mwb_v=1 stall=0 flush=0 br=0 j=00 rs1=0=00000000 rs2=0=00000000 a=00000000 b=00000000 alu=00000000 ra=800005e0 count=00000000
# TRACE t=2845000 pc=80000d84 ifid_pc=80000d80 idex_pc=80000d7c ifid_i=00028293 idex_v=1 exmem_v=0 mwb_v=0 stall=0 flush=0 br=0 j=00 rs1=0=00000000 rs2=0=00000000 a=80000d7c b=00000000 alu=80000d7c ra=800005e4 count=00000000
# TRACE t=2855000 pc=80000d88 ifid_pc=80000d84 idex_pc=80000d80 ifid_i=00000013 idex_v=1 exmem_v=1 mwb_v=0 stall=0 flush=0 br=0 j=00 rs1=5=80000d7c rs2=0=00000000 a=80000d7c b=00000000 alu=80000d7c ra=800005e4 count=00000000
# TRACE t=2865000 pc=80000d8c ifid_pc=80000d88 idex_pc=80000d84 ifid_i=00000013 idex_v=1 exmem_v=1 mwb_v=1 stall=0 flush=0 br=0 j=00 rs1=0=00000000 rs2=0=00000000 a=00000000 b=00000000 alu=00000000 ra=800005e4 count=00000000
# TRACE t=2875000 pc=80000d90 ifid_pc=80000d8c idex_pc=80000d88 ifid_i=00000317 idex_v=1 exmem_v=1 mwb_v=1 stall=0 flush=0 br=0 j=00 rs1=0=00000000 rs2=0=00000000 a=00000000 b=00000000 alu=00000000 ra=800005e4 count=00000000
# TRACE t=2885000 pc=80000d94 ifid_pc=80000d90 idex_pc=80000d8c ifid_i=ff030313 idex_v=1 exmem_v=1 mwb_v=1 stall=0 flush=0 br=0 j=00 rs1=0=00000000 rs2=0=00000000 a=80000d8c b=00000000 alu=80000d8c ra=800005e4 count=00000000
# TRACE t=2895000 pc=80000d98 ifid_pc=80000d94 idex_pc=80000d90 ifid_i=00629e63 idex_v=1 exmem_v=1 mwb_v=1 stall=0 flush=0 br=0 j=00 rs1=6=80000d8c rs2=16=00000000 a=80000d8c b=fffffff0 alu=80000d7c ra=800005e4 count=00000000
# TRACE t=2905000 pc=80000d9c ifid_pc=80000d98 idex_pc=80000d94 ifid_i=000ff297 idex_v=1 exmem_v=1 mwb_v=1 stall=0 flush=0 br=1 j=00 rs1=5=80000d7c rs2=6=80000d7c a=80000d7c b=80000d7c alu=00000000 ra=800005e4 count=00000000
# TRACE t=2915000 pc=80000da0 ifid_pc=80000d9c idex_pc=80000d98 ifid_i=26828293 idex_v=1 exmem_v=1 mwb_v=1 stall=0 flush=0 br=0 j=00 rs1=31=33333332 rs2=0=00000000 a=80000d98 b=000ff000 alu=800ffd98 ra=800005e4 count=00000000
# TRACE t=2925000 pc=80000da4 ifid_pc=80000da0 idex_pc=80000d9c ifid_i=0002a303 idex_v=1 exmem_v=1 mwb_v=1 stall=0 flush=0 br=0 j=00 rs1=5=800ffd98 rs2=8=00000000 a=800ffd98 b=00000268 alu=80100000 ra=800005e4 count=00000000
# TRACE t=2935000 pc=80000da8 ifid_pc=80000da4 idex_pc=80000da0 ifid_i=00130313 idex_v=1 exmem_v=1 mwb_v=1 stall=1 flush=0 br=0 j=00 rs1=5=80100000 rs2=0=00000000 a=80100000 b=00000000 alu=80100000 ra=800005e4 count=00000000
# TRACE t=2945000 pc=80000da8 ifid_pc=80000da4 idex_pc=00000000 ifid_i=00130313 idex_v=0 exmem_v=1 mwb_v=1 stall=0 flush=0 br=0 j=00 rs1=0=00000000 rs2=0=00000000 a=00000000 b=00000000 alu=00000000 ra=800005e4 count=00000000
# TRACE t=2955000 pc=80000dac ifid_pc=80000da8 idex_pc=80000da4 ifid_i=0062a023 idex_v=1 exmem_v=0 mwb_v=1 stall=0 flush=0 br=0 j=00 rs1=6=00000000 rs2=1=800005e4 a=00000000 b=00000001 alu=00000001 ra=800005e4 count=00000000
# TRACE t=2965000 pc=80000db0 ifid_pc=80000dac idex_pc=80000da8 ifid_i=00008067 idex_v=1 exmem_v=1 mwb_v=0 stall=0 flush=0 br=0 j=00 rs1=5=80100000 rs2=6=00000001 a=80100000 b=00000000 alu=80100000 ra=800005e4 count=00000000
# TRACE t=2975000 pc=80000db4 ifid_pc=80000db0 idex_pc=80000dac ifid_i=000ff297 idex_v=1 exmem_v=1 mwb_v=1 stall=0 flush=1 br=0 j=10 rs1=1=800005e4 rs2=0=00000000 a=800005e4 b=00000000 alu=800005e4 ra=800005e4 count=00000000
# COUNT t=2975000 data=00000001
# TRACE t=2985000 pc=800005e4 ifid_pc=00000000 idex_pc=00000000 ifid_i=00000000 idex_v=0 exmem_v=1 mwb_v=1 stall=0 flush=0 br=0 j=00 rs1=0=00000000 rs2=0=00000000 a=00000000 b=00000000 alu=00000000 ra=800005e4 count=00000000
# TRACE t=2995000 pc=800005e8 ifid_pc=800005e4 idex_pc=00000000 ifid_i=38c000ef idex_v=0 exmem_v=0 mwb_v=1 stall=0 flush=0 br=0 j=00 rs1=0=00000000 rs2=0=00000000 a=00000000 b=00000000 alu=00000000 ra=800005e4 count=00000000
# TRACE t=3005000 pc=800005ec ifid_pc=800005e8 idex_pc=800005e4 ifid_i=108000ef idex_v=1 exmem_v=0 mwb_v=0 stall=0 flush=1 br=0 j=01 rs1=0=00000000 rs2=12=00000000 a=00000000 b=00000000 alu=00000000 ra=800005e4 count=00000000
# TRACE t=3015000 pc=80000970 ifid_pc=00000000 idex_pc=00000000 ifid_i=00000000 idex_v=0 exmem_v=1 mwb_v=0 stall=0 flush=0 br=0 j=00 rs1=0=00000000 rs2=0=00000000 a=00000000 b=00000000 alu=00000000 ra=800005e4 count=00000000
# TRACE t=3025000 pc=80000974 ifid_pc=80000970 idex_pc=00000000 ifid_i=fff00293 idex_v=0 exmem_v=0 mwb_v=1 stall=0 flush=0 br=0 j=00 rs1=0=00000000 rs2=0=00000000 a=00000000 b=00000000 alu=00000000 ra=800005e4 count=00000000
# TRACE t=3035000 pc=80000978 ifid_pc=80000974 idex_pc=80000970 ifid_i=0002a313 idex_v=1 exmem_v=0 mwb_v=0 stall=0 flush=0 br=0 j=00 rs1=0=00000000 rs2=31=33333332 a=00000000 b=ffffffff alu=ffffffff ra=800005e8 count=00000000
# TRACE t=3045000 pc=8000097c ifid_pc=80000978 idex_pc=80000974 ifid_i=00100393 idex_v=1 exmem_v=1 mwb_v=0 stall=0 flush=0 br=0 j=00 rs1=5=ffffffff rs2=0=00000000 a=ffffffff b=00000000 alu=00000001 ra=800005e8 count=00000000
# TRACE t=3055000 pc=80000980 ifid_pc=8000097c idex_pc=80000978 ifid_i=04731663 idex_v=1 exmem_v=1 mwb_v=1 stall=0 flush=0 br=0 j=00 rs1=0=00000000 rs2=1=800005e8 a=00000000 b=00000001 alu=00000001 ra=800005e8 count=00000000
# TRACE t=3065000 pc=80000984 ifid_pc=80000980 idex_pc=8000097c ifid_i=00500293 idex_v=1 exmem_v=1 mwb_v=1 stall=0 flush=0 br=1 j=00 rs1=6=00000001 rs2=7=00000001 a=00000001 b=00000001 alu=00000000 ra=800005e8 count=00000000
# TRACE t=3075000 pc=80000988 ifid_pc=80000984 idex_pc=80000980 ifid_i=00a2a313 idex_v=1 exmem_v=1 mwb_v=1 stall=0 flush=0 br=0 j=00 rs1=0=00000000 rs2=5=ffffffff a=00000000 b=00000005 alu=00000005 ra=800005e8 count=00000000
# TRACE t=3085000 pc=8000098c ifid_pc=80000988 idex_pc=80000984 ifid_i=00100393 idex_v=1 exmem_v=1 mwb_v=1 stall=0 flush=0 br=0 j=00 rs1=5=00000005 rs2=10=00000000 a=00000005 b=0000000a alu=00000001 ra=800005e8 count=00000000
# TRACE t=3095000 pc=80000990 ifid_pc=8000098c idex_pc=80000988 ifid_i=02731e63 idex_v=1 exmem_v=1 mwb_v=1 stall=0 flush=0 br=0 j=00 rs1=0=00000000 rs2=1=800005e8 a=00000000 b=00000001 alu=00000001 ra=800005e8 count=00000000
# TRACE t=3105000 pc=80000994 ifid_pc=80000990 idex_pc=8000098c ifid_i=00500293 idex_v=1 exmem_v=1 mwb_v=1 stall=0 flush=0 br=1 j=00 rs1=6=00000001 rs2=7=00000001 a=00000001 b=00000001 alu=00000000 ra=800005e8 count=00000000
# TRACE t=3115000 pc=80000998 ifid_pc=80000994 idex_pc=80000990 ifid_i=0052a313 idex_v=1 exmem_v=1 mwb_v=1 stall=0 flush=0 br=0 j=00 rs1=0=00000000 rs2=5=00000005 a=00000000 b=00000005 alu=00000005 ra=800005e8 count=00000000
# TRACE t=3125000 pc=8000099c ifid_pc=80000998 idex_pc=80000994 ifid_i=00000393 idex_v=1 exmem_v=1 mwb_v=1 stall=0 flush=0 br=0 j=00 rs1=5=00000005 rs2=5=00000005 a=00000005 b=00000005 alu=00000000 ra=800005e8 count=00000000
# TRACE t=3135000 pc=800009a0 ifid_pc=8000099c idex_pc=80000998 ifid_i=02731663 idex_v=1 exmem_v=1 mwb_v=1 stall=0 flush=0 br=0 j=00 rs1=0=00000000 rs2=0=00000000 a=00000000 b=00000000 alu=00000000 ra=800005e8 count=00000000
# TRACE t=3145000 pc=800009a4 ifid_pc=800009a0 idex_pc=8000099c ifid_i=00a00293 idex_v=1 exmem_v=1 mwb_v=1 stall=0 flush=0 br=1 j=00 rs1=6=00000000 rs2=7=00000000 a=00000000 b=00000000 alu=00000000 ra=800005e8 count=00000000
# TRACE t=3155000 pc=800009a8 ifid_pc=800009a4 idex_pc=800009a0 ifid_i=0052a313 idex_v=1 exmem_v=1 mwb_v=1 stall=0 flush=0 br=0 j=00 rs1=0=00000000 rs2=10=00000000 a=00000000 b=0000000a alu=0000000a ra=800005e8 count=00000000
# TRACE t=3165000 pc=800009ac ifid_pc=800009a8 idex_pc=800009a4 ifid_i=00000393 idex_v=1 exmem_v=1 mwb_v=1 stall=0 flush=0 br=0 j=00 rs1=5=0000000a rs2=5=0000000a a=0000000a b=00000005 alu=00000000 ra=800005e8 count=00000000
# TRACE t=3175000 pc=800009b0 ifid_pc=800009ac idex_pc=800009a8 ifid_i=00731e63 idex_v=1 exmem_v=1 mwb_v=1 stall=0 flush=0 br=0 j=00 rs1=0=00000000 rs2=0=00000000 a=00000000 b=00000000 alu=00000000 ra=800005e8 count=00000000
# TRACE t=3185000 pc=800009b4 ifid_pc=800009b0 idex_pc=800009ac ifid_i=000ff297 idex_v=1 exmem_v=1 mwb_v=1 stall=0 flush=0 br=1 j=00 rs1=6=00000000 rs2=7=00000000 a=00000000 b=00000000 alu=00000000 ra=800005e8 count=00000000
# TRACE t=3195000 pc=800009b8 ifid_pc=800009b4 idex_pc=800009b0 ifid_i=65028293 idex_v=1 exmem_v=1 mwb_v=1 stall=0 flush=0 br=0 j=00 rs1=31=33333332 rs2=0=00000000 a=800009b0 b=000ff000 alu=800ff9b0 ra=800005e8 count=00000000
# TRACE t=3205000 pc=800009bc ifid_pc=800009b8 idex_pc=800009b4 ifid_i=0002a303 idex_v=1 exmem_v=1 mwb_v=1 stall=0 flush=0 br=0 j=00 rs1=5=800ff9b0 rs2=16=00000000 a=800ff9b0 b=00000650 alu=80100000 ra=800005e8 count=00000000
# TRACE t=3215000 pc=800009c0 ifid_pc=800009bc idex_pc=800009b8 ifid_i=00130313 idex_v=1 exmem_v=1 mwb_v=1 stall=1 flush=0 br=0 j=00 rs1=5=80100000 rs2=0=00000000 a=80100000 b=00000000 alu=80100000 ra=800005e8 count=00000000
# TRACE t=3225000 pc=800009c0 ifid_pc=800009bc idex_pc=00000000 ifid_i=00130313 idex_v=0 exmem_v=1 mwb_v=1 stall=0 flush=0 br=0 j=00 rs1=0=00000000 rs2=0=00000000 a=00000000 b=00000000 alu=00000000 ra=800005e8 count=00000000
# TRACE t=3235000 pc=800009c4 ifid_pc=800009c0 idex_pc=800009bc ifid_i=0062a023 idex_v=1 exmem_v=0 mwb_v=1 stall=0 flush=0 br=0 j=00 rs1=6=00000000 rs2=1=800005e8 a=00000000 b=00000001 alu=00000001 ra=800005e8 count=00000000
# TRACE t=3245000 pc=800009c8 ifid_pc=800009c4 idex_pc=800009c0 ifid_i=00008067 idex_v=1 exmem_v=1 mwb_v=0 stall=0 flush=0 br=0 j=00 rs1=5=80100000 rs2=6=00000001 a=80100000 b=00000000 alu=80100000 ra=800005e8 count=00000000
# TRACE t=3255000 pc=800009cc ifid_pc=800009c8 idex_pc=800009c4 ifid_i=000ff297 idex_v=1 exmem_v=1 mwb_v=1 stall=0 flush=1 br=0 j=10 rs1=1=800005e8 rs2=0=00000000 a=800005e8 b=00000000 alu=800005e8 ra=800005e8 count=00000000
# COUNT t=3255000 data=00000001
# TRACE t=3265000 pc=800005e8 ifid_pc=00000000 idex_pc=00000000 ifid_i=00000000 idex_v=0 exmem_v=1 mwb_v=1 stall=0 flush=0 br=0 j=00 rs1=0=00000000 rs2=0=00000000 a=00000000 b=00000000 alu=00000000 ra=800005e8 count=00000000
# TRACE t=3275000 pc=800005ec ifid_pc=800005e8 idex_pc=00000000 ifid_i=108000ef idex_v=0 exmem_v=0 mwb_v=1 stall=0 flush=0 br=0 j=00 rs1=0=00000000 rs2=0=00000000 a=00000000 b=00000000 alu=00000000 ra=800005e8 count=00000000
# TRACE t=3285000 pc=800005f0 ifid_pc=800005ec idex_pc=800005e8 ifid_i=218000ef idex_v=1 exmem_v=0 mwb_v=0 stall=0 flush=1 br=0 j=01 rs1=0=00000000 rs2=8=00000000 a=00000000 b=00000000 alu=00000000 ra=800005e8 count=00000000
# TRACE t=3295000 pc=800006f0 ifid_pc=00000000 idex_pc=00000000 ifid_i=00000000 idex_v=0 exmem_v=1 mwb_v=0 stall=0 flush=0 br=0 j=00 rs1=0=00000000 rs2=0=00000000 a=00000000 b=00000000 alu=00000000 ra=800005e8 count=00000000
# TRACE t=3305000 pc=800006f4 ifid_pc=800006f0 idex_pc=00000000 ifid_i=00000293 idex_v=0 exmem_v=0 mwb_v=1 stall=0 flush=0 br=0 j=00 rs1=0=00000000 rs2=0=00000000 a=00000000 b=00000000 alu=00000000 ra=800005e8 count=00000000
# TRACE t=3315000 pc=800006f8 ifid_pc=800006f4 idex_pc=800006f0 ifid_i=07b28313 idex_v=1 exmem_v=0 mwb_v=0 stall=0 flush=0 br=0 j=00 rs1=0=00000000 rs2=0=00000000 a=00000000 b=00000000 alu=00000000 ra=800005ec count=00000000
# TRACE t=3325000 pc=800006fc ifid_pc=800006f8 idex_pc=800006f4 ifid_i=07b00393 idex_v=1 exmem_v=1 mwb_v=0 stall=0 flush=0 br=0 j=00 rs1=5=00000000 rs2=27=00000000 a=00000000 b=0000007b alu=0000007b ra=800005ec count=00000000
# TRACE t=3335000 pc=80000700 ifid_pc=800006fc idex_pc=800006f8 ifid_i=02731463 idex_v=1 exmem_v=1 mwb_v=1 stall=0 flush=0 br=0 j=00 rs1=0=00000000 rs2=27=00000000 a=00000000 b=0000007b alu=0000007b ra=800005ec count=00000000
# TRACE t=3345000 pc=80000704 ifid_pc=80000700 idex_pc=800006fc ifid_i=fff00293 idex_v=1 exmem_v=1 mwb_v=1 stall=0 flush=0 br=1 j=00 rs1=6=0000007b rs2=7=0000007b a=0000007b b=0000007b alu=00000000 ra=800005ec count=00000000
# TRACE t=3355000 pc=80000708 ifid_pc=80000704 idex_pc=80000700 ifid_i=00128313 idex_v=1 exmem_v=1 mwb_v=1 stall=0 flush=0 br=0 j=00 rs1=0=00000000 rs2=31=33333332 a=00000000 b=ffffffff alu=ffffffff ra=800005ec count=00000000
# TRACE t=3365000 pc=8000070c ifid_pc=80000708 idex_pc=80000704 ifid_i=00031e63 idex_v=1 exmem_v=1 mwb_v=1 stall=0 flush=0 br=0 j=00 rs1=5=ffffffff rs2=1=800005ec a=ffffffff b=00000001 alu=00000000 ra=800005ec count=00000000
# TRACE t=3375000 pc=80000710 ifid_pc=8000070c idex_pc=80000708 ifid_i=00100297 idex_v=1 exmem_v=1 mwb_v=1 stall=0 flush=0 br=1 j=00 rs1=6=00000000 rs2=0=00000000 a=00000000 b=00000000 alu=00000000 ra=800005ec count=00000000
# TRACE t=3385000 pc=80000714 ifid_pc=80000710 idex_pc=8000070c ifid_i=8f428293 idex_v=1 exmem_v=1 mwb_v=1 stall=0 flush=0 br=0 j=00 rs1=0=00000000 rs2=1=800005ec a=8000070c b=00100000 alu=8010070c ra=800005ec count=00000000
# TRACE t=3395000 pc=80000718 ifid_pc=80000714 idex_pc=80000710 ifid_i=0002a303 idex_v=1 exmem_v=1 mwb_v=1 stall=0 flush=0 br=0 j=00 rs1=5=8010070c rs2=20=00000000 a=8010070c b=fffff8f4 alu=80100000 ra=800005ec count=00000000
# TRACE t=3405000 pc=8000071c ifid_pc=80000718 idex_pc=80000714 ifid_i=00130313 idex_v=1 exmem_v=1 mwb_v=1 stall=1 flush=0 br=0 j=00 rs1=5=80100000 rs2=0=00000000 a=80100000 b=00000000 alu=80100000 ra=800005ec count=00000000
# TRACE t=3415000 pc=8000071c ifid_pc=80000718 idex_pc=00000000 ifid_i=00130313 idex_v=0 exmem_v=1 mwb_v=1 stall=0 flush=0 br=0 j=00 rs1=0=00000000 rs2=0=00000000 a=00000000 b=00000000 alu=00000000 ra=800005ec count=00000000
# TRACE t=3425000 pc=80000720 ifid_pc=8000071c idex_pc=80000718 ifid_i=0062a023 idex_v=1 exmem_v=0 mwb_v=1 stall=0 flush=0 br=0 j=00 rs1=6=00000000 rs2=1=800005ec a=00000000 b=00000001 alu=00000001 ra=800005ec count=00000000
# TRACE t=3435000 pc=80000724 ifid_pc=80000720 idex_pc=8000071c ifid_i=00008067 idex_v=1 exmem_v=1 mwb_v=0 stall=0 flush=0 br=0 j=00 rs1=5=80100000 rs2=6=00000001 a=80100000 b=00000000 alu=80100000 ra=800005ec count=00000000
# TRACE t=3445000 pc=80000728 ifid_pc=80000724 idex_pc=80000720 ifid_i=00100297 idex_v=1 exmem_v=1 mwb_v=1 stall=0 flush=1 br=0 j=10 rs1=1=800005ec rs2=0=00000000 a=800005ec b=00000000 alu=800005ec ra=800005ec count=00000000
# COUNT t=3445000 data=00000001
# TRACE t=3455000 pc=800005ec ifid_pc=00000000 idex_pc=00000000 ifid_i=00000000 idex_v=0 exmem_v=1 mwb_v=1 stall=0 flush=0 br=0 j=00 rs1=0=00000000 rs2=0=00000000 a=00000000 b=00000000 alu=00000000 ra=800005ec count=00000000
# TRACE t=3465000 pc=800005f0 ifid_pc=800005ec idex_pc=00000000 ifid_i=218000ef idex_v=0 exmem_v=0 mwb_v=1 stall=0 flush=0 br=0 j=00 rs1=0=00000000 rs2=0=00000000 a=00000000 b=00000000 alu=00000000 ra=800005ec count=00000000
# TRACE t=3475000 pc=800005f4 ifid_pc=800005f0 idex_pc=800005ec ifid_i=2c4000ef idex_v=1 exmem_v=0 mwb_v=0 stall=0 flush=1 br=0 j=01 rs1=0=00000000 rs2=24=00000000 a=00000000 b=00000000 alu=00000000 ra=800005ec count=00000000
# TRACE t=3485000 pc=80000804 ifid_pc=00000000 idex_pc=00000000 ifid_i=00000000 idex_v=0 exmem_v=1 mwb_v=0 stall=0 flush=0 br=0 j=00 rs1=0=00000000 rs2=0=00000000 a=00000000 b=00000000 alu=00000000 ra=800005ec count=00000000
# TRACE t=3495000 pc=80000808 ifid_pc=80000804 idex_pc=00000000 ifid_i=fff00293 idex_v=0 exmem_v=0 mwb_v=1 stall=0 flush=0 br=0 j=00 rs1=0=00000000 rs2=0=00000000 a=00000000 b=00000000 alu=00000000 ra=800005ec count=00000000
# TRACE t=3505000 pc=8000080c ifid_pc=80000808 idex_pc=80000804 ifid_i=70f2f313 idex_v=1 exmem_v=0 mwb_v=0 stall=0 flush=0 br=0 j=00 rs1=0=00000000 rs2=31=33333332 a=00000000 b=ffffffff alu=ffffffff ra=800005f0 count=00000000
# TRACE t=3515000 pc=80000810 ifid_pc=8000080c idex_pc=80000808 ifid_i=70f00393 idex_v=1 exmem_v=1 mwb_v=0 stall=0 flush=0 br=0 j=00 rs1=5=ffffffff rs2=15=00000000 a=ffffffff b=0000070f alu=0000070f ra=800005f0 count=00000000
# TRACE t=3525000 pc=80000814 ifid_pc=80000810 idex_pc=8000080c ifid_i=02731863 idex_v=1 exmem_v=1 mwb_v=1 stall=0 flush=0 br=0 j=00 rs1=0=00000000 rs2=15=00000000 a=00000000 b=0000070f alu=0000070f ra=800005f0 count=00000000
# TRACE t=3535000 pc=80000818 ifid_pc=80000814 idex_pc=80000810 ifid_i=1234b2b7 idex_v=1 exmem_v=1 mwb_v=1 stall=0 flush=0 br=1 j=00 rs1=6=0000070f rs2=7=0000070f a=0000070f b=0000070f alu=00000000 ra=800005f0 count=00000000
# TRACE t=3545000 pc=8000081c ifid_pc=80000818 idex_pc=80000814 ifid_i=bcd28293 idex_v=1 exmem_v=1 mwb_v=1 stall=0 flush=0 br=0 j=00 rs1=9=00000000 rs2=3=00000000 a=00000000 b=1234b000 alu=1234b000 ra=800005f0 count=00000000
# TRACE t=3555000 pc=80000820 ifid_pc=8000081c idex_pc=80000818 ifid_i=5cb2f313 idex_v=1 exmem_v=1 mwb_v=1 stall=0 flush=0 br=0 j=00 rs1=5=1234b000 rs2=13=00000000 a=1234b000 b=fffffbcd alu=1234abcd ra=800005f0 count=00000000
# TRACE t=3565000 pc=80000824 ifid_pc=80000820 idex_pc=8000081c ifid_i=1c900393 idex_v=1 exmem_v=1 mwb_v=1 stall=0 flush=0 br=0 j=00 rs1=5=1234abcd rs2=11=00000000 a=1234abcd b=000005cb alu=000001c9 ra=800005f0 count=00000000
# TRACE t=3575000 pc=80000828 ifid_pc=80000824 idex_pc=80000820 ifid_i=00731e63 idex_v=1 exmem_v=1 mwb_v=1 stall=0 flush=0 br=0 j=00 rs1=0=00000000 rs2=9=00000000 a=00000000 b=000001c9 alu=000001c9 ra=800005f0 count=00000000
# TRACE t=3585000 pc=8000082c ifid_pc=80000828 idex_pc=80000824 ifid_i=000ff297 idex_v=1 exmem_v=1 mwb_v=1 stall=0 flush=0 br=1 j=00 rs1=6=000001c9 rs2=7=000001c9 a=000001c9 b=000001c9 alu=00000000 ra=800005f0 count=00000000
# TRACE t=3595000 pc=80000830 ifid_pc=8000082c idex_pc=80000828 ifid_i=7d828293 idex_v=1 exmem_v=1 mwb_v=1 stall=0 flush=0 br=0 j=00 rs1=31=33333332 rs2=0=00000000 a=80000828 b=000ff000 alu=800ff828 ra=800005f0 count=00000000
# TRACE t=3605000 pc=80000834 ifid_pc=80000830 idex_pc=8000082c ifid_i=0002a303 idex_v=1 exmem_v=1 mwb_v=1 stall=0 flush=0 br=0 j=00 rs1=5=800ff828 rs2=24=00000000 a=800ff828 b=000007d8 alu=80100000 ra=800005f0 count=00000000
# TRACE t=3615000 pc=80000838 ifid_pc=80000834 idex_pc=80000830 ifid_i=00130313 idex_v=1 exmem_v=1 mwb_v=1 stall=1 flush=0 br=0 j=00 rs1=5=80100000 rs2=0=00000000 a=80100000 b=00000000 alu=80100000 ra=800005f0 count=00000000
# TRACE t=3625000 pc=80000838 ifid_pc=80000834 idex_pc=00000000 ifid_i=00130313 idex_v=0 exmem_v=1 mwb_v=1 stall=0 flush=0 br=0 j=00 rs1=0=00000000 rs2=0=00000000 a=00000000 b=00000000 alu=00000000 ra=800005f0 count=00000000
# TRACE t=3635000 pc=8000083c ifid_pc=80000838 idex_pc=80000834 ifid_i=0062a023 idex_v=1 exmem_v=0 mwb_v=1 stall=0 flush=0 br=0 j=00 rs1=6=00000000 rs2=1=800005f0 a=00000000 b=00000001 alu=00000001 ra=800005f0 count=00000000
# TRACE t=3645000 pc=80000840 ifid_pc=8000083c idex_pc=80000838 ifid_i=00008067 idex_v=1 exmem_v=1 mwb_v=0 stall=0 flush=0 br=0 j=00 rs1=5=80100000 rs2=6=00000001 a=80100000 b=00000000 alu=80100000 ra=800005f0 count=00000000
# TRACE t=3655000 pc=80000844 ifid_pc=80000840 idex_pc=8000083c ifid_i=000ff297 idex_v=1 exmem_v=1 mwb_v=1 stall=0 flush=1 br=0 j=10 rs1=1=800005f0 rs2=0=00000000 a=800005f0 b=00000000 alu=800005f0 ra=800005f0 count=00000000
# COUNT t=3655000 data=00000001
# TRACE t=3665000 pc=800005f0 ifid_pc=00000000 idex_pc=00000000 ifid_i=00000000 idex_v=0 exmem_v=1 mwb_v=1 stall=0 flush=0 br=0 j=00 rs1=0=00000000 rs2=0=00000000 a=00000000 b=00000000 alu=00000000 ra=800005f0 count=00000000
# TRACE t=3675000 pc=800005f4 ifid_pc=800005f0 idex_pc=00000000 ifid_i=2c4000ef idex_v=0 exmem_v=0 mwb_v=1 stall=0 flush=0 br=0 j=00 rs1=0=00000000 rs2=0=00000000 a=00000000 b=00000000 alu=00000000 ra=800005f0 count=00000000
# TRACE t=3685000 pc=800005f8 ifid_pc=800005f4 idex_pc=800005f0 ifid_i=3e8000ef idex_v=1 exmem_v=0 mwb_v=0 stall=0 flush=1 br=0 j=01 rs1=0=00000000 rs2=4=00000000 a=00000000 b=00000000 alu=00000000 ra=800005f0 count=00000000
# TRACE t=3695000 pc=800008b4 ifid_pc=00000000 idex_pc=00000000 ifid_i=00000000 idex_v=0 exmem_v=1 mwb_v=0 stall=0 flush=0 br=0 j=00 rs1=0=00000000 rs2=0=00000000 a=00000000 b=00000000 alu=00000000 ra=800005f0 count=00000000
# TRACE t=3705000 pc=800008b8 ifid_pc=800008b4 idex_pc=00000000 ifid_i=00000293 idex_v=0 exmem_v=0 mwb_v=1 stall=0 flush=0 br=0 j=00 rs1=0=00000000 rs2=0=00000000 a=00000000 b=00000000 alu=00000000 ra=800005f0 count=00000000
# TRACE t=3715000 pc=800008bc ifid_pc=800008b8 idex_pc=800008b4 ifid_i=7f02e313 idex_v=1 exmem_v=0 mwb_v=0 stall=0 flush=0 br=0 j=00 rs1=0=00000000 rs2=0=00000000 a=00000000 b=00000000 alu=00000000 ra=800005f4 count=00000000
# TRACE t=3725000 pc=800008c0 ifid_pc=800008bc idex_pc=800008b8 ifid_i=7f000393 idex_v=1 exmem_v=1 mwb_v=0 stall=0 flush=0 br=0 j=00 rs1=5=00000000 rs2=16=00000000 a=00000000 b=000007f0 alu=000007f0 ra=800005f4 count=00000000
# TRACE t=3735000 pc=800008c4 ifid_pc=800008c0 idex_pc=800008bc ifid_i=02731863 idex_v=1 exmem_v=1 mwb_v=1 stall=0 flush=0 br=0 j=00 rs1=0=00000000 rs2=16=00000000 a=00000000 b=000007f0 alu=000007f0 ra=800005f4 count=00000000
# TRACE t=3745000 pc=800008c8 ifid_pc=800008c4 idex_pc=800008c0 ifid_i=aaaa02b7 idex_v=1 exmem_v=1 mwb_v=1 stall=0 flush=0 br=1 j=00 rs1=6=000007f0 rs2=7=000007f0 a=000007f0 b=000007f0 alu=00000000 ra=800005f4 count=00000000
# TRACE t=3755000 pc=800008cc ifid_pc=800008c8 idex_pc=800008c4 ifid_i=7ff2e313 idex_v=1 exmem_v=1 mwb_v=1 stall=0 flush=0 br=0 j=00 rs1=20=00000000 rs2=10=00000000 a=00000000 b=aaaa0000 alu=aaaa0000 ra=800005f4 count=00000000
# TRACE t=3765000 pc=800008d0 ifid_pc=800008cc idex_pc=800008c8 ifid_i=aaaa03b7 idex_v=1 exmem_v=1 mwb_v=1 stall=0 flush=0 br=0 j=00 rs1=5=aaaa0000 rs2=31=33333332 a=aaaa0000 b=000007ff alu=aaaa07ff ra=800005f4 count=00000000
# TRACE t=3775000 pc=800008d4 ifid_pc=800008d0 idex_pc=800008cc ifid_i=7ff38393 idex_v=1 exmem_v=1 mwb_v=1 stall=0 flush=0 br=0 j=00 rs1=20=00000000 rs2=10=00000000 a=00000000 b=aaaa0000 alu=aaaa0000 ra=800005f4 count=00000000
# TRACE t=3785000 pc=800008d8 ifid_pc=800008d4 idex_pc=800008d0 ifid_i=00731e63 idex_v=1 exmem_v=1 mwb_v=1 stall=0 flush=0 br=0 j=00 rs1=7=aaaa0000 rs2=31=33333332 a=aaaa0000 b=000007ff alu=aaaa07ff ra=800005f4 count=00000000
# TRACE t=3795000 pc=800008dc ifid_pc=800008d8 idex_pc=800008d4 ifid_i=000ff297 idex_v=1 exmem_v=1 mwb_v=1 stall=0 flush=0 br=1 j=00 rs1=6=aaaa07ff rs2=7=aaaa07ff a=aaaa07ff b=aaaa07ff alu=00000000 ra=800005f4 count=00000000
# TRACE t=3805000 pc=800008e0 ifid_pc=800008dc idex_pc=800008d8 ifid_i=72828293 idex_v=1 exmem_v=1 mwb_v=1 stall=0 flush=0 br=0 j=00 rs1=31=33333332 rs2=0=00000000 a=800008d8 b=000ff000 alu=800ff8d8 ra=800005f4 count=00000000
# TRACE t=3815000 pc=800008e4 ifid_pc=800008e0 idex_pc=800008dc ifid_i=0002a303 idex_v=1 exmem_v=1 mwb_v=1 stall=0 flush=0 br=0 j=00 rs1=5=800ff8d8 rs2=8=00000000 a=800ff8d8 b=00000728 alu=80100000 ra=800005f4 count=00000000
# TRACE t=3825000 pc=800008e8 ifid_pc=800008e4 idex_pc=800008e0 ifid_i=00130313 idex_v=1 exmem_v=1 mwb_v=1 stall=1 flush=0 br=0 j=00 rs1=5=80100000 rs2=0=00000000 a=80100000 b=00000000 alu=80100000 ra=800005f4 count=00000000
# TRACE t=3835000 pc=800008e8 ifid_pc=800008e4 idex_pc=00000000 ifid_i=00130313 idex_v=0 exmem_v=1 mwb_v=1 stall=0 flush=0 br=0 j=00 rs1=0=00000000 rs2=0=00000000 a=00000000 b=00000000 alu=00000000 ra=800005f4 count=00000000
# TRACE t=3845000 pc=800008ec ifid_pc=800008e8 idex_pc=800008e4 ifid_i=0062a023 idex_v=1 exmem_v=0 mwb_v=1 stall=0 flush=0 br=0 j=00 rs1=6=00000000 rs2=1=800005f4 a=00000000 b=00000001 alu=00000001 ra=800005f4 count=00000000
# TRACE t=3855000 pc=800008f0 ifid_pc=800008ec idex_pc=800008e8 ifid_i=00008067 idex_v=1 exmem_v=1 mwb_v=0 stall=0 flush=0 br=0 j=00 rs1=5=80100000 rs2=6=00000001 a=80100000 b=00000000 alu=80100000 ra=800005f4 count=00000000
# TRACE t=3865000 pc=800008f4 ifid_pc=800008f0 idex_pc=800008ec ifid_i=000ff297 idex_v=1 exmem_v=1 mwb_v=1 stall=0 flush=1 br=0 j=10 rs1=1=800005f4 rs2=0=00000000 a=800005f4 b=00000000 alu=800005f4 ra=800005f4 count=00000000
# COUNT t=3865000 data=00000001
# TRACE t=3875000 pc=800005f4 ifid_pc=00000000 idex_pc=00000000 ifid_i=00000000 idex_v=0 exmem_v=1 mwb_v=1 stall=0 flush=0 br=0 j=00 rs1=0=00000000 rs2=0=00000000 a=00000000 b=00000000 alu=00000000 ra=800005f4 count=00000000
# TRACE t=3885000 pc=800005f8 ifid_pc=800005f4 idex_pc=00000000 ifid_i=3e8000ef idex_v=0 exmem_v=0 mwb_v=1 stall=0 flush=0 br=0 j=00 rs1=0=00000000 rs2=0=00000000 a=00000000 b=00000000 alu=00000000 ra=800005f4 count=00000000
# TRACE t=3895000 pc=800005fc ifid_pc=800005f8 idex_pc=800005f4 ifid_i=4dc000ef idex_v=1 exmem_v=0 mwb_v=0 stall=0 flush=1 br=0 j=01 rs1=0=00000000 rs2=8=00000000 a=00000000 b=00000000 alu=00000000 ra=800005f4 count=00000000
# TRACE t=3905000 pc=800009dc ifid_pc=00000000 idex_pc=00000000 ifid_i=00000000 idex_v=0 exmem_v=1 mwb_v=0 stall=0 flush=0 br=0 j=00 rs1=0=00000000 rs2=0=00000000 a=00000000 b=00000000 alu=00000000 ra=800005f4 count=00000000
# TRACE t=3915000 pc=800009e0 ifid_pc=800009dc idex_pc=00000000 ifid_i=00000293 idex_v=0 exmem_v=0 mwb_v=1 stall=0 flush=0 br=0 j=00 rs1=0=00000000 rs2=0=00000000 a=00000000 b=00000000 alu=00000000 ra=800005f4 count=00000000
# TRACE t=3925000 pc=800009e4 ifid_pc=800009e0 idex_pc=800009dc ifid_i=0012b313 idex_v=1 exmem_v=0 mwb_v=0 stall=0 flush=0 br=0 j=00 rs1=0=00000000 rs2=0=00000000 a=00000000 b=00000000 alu=00000000 ra=800005f8 count=00000000
# TRACE t=3935000 pc=800009e8 ifid_pc=800009e4 idex_pc=800009e0 ifid_i=00100393 idex_v=1 exmem_v=1 mwb_v=0 stall=0 flush=0 br=0 j=00 rs1=5=00000000 rs2=1=800005f8 a=00000000 b=00000001 alu=00000001 ra=800005f8 count=00000000
# TRACE t=3945000 pc=800009ec ifid_pc=800009e8 idex_pc=800009e4 ifid_i=02731463 idex_v=1 exmem_v=1 mwb_v=1 stall=0 flush=0 br=0 j=00 rs1=0=00000000 rs2=1=800005f8 a=00000000 b=00000001 alu=00000001 ra=800005f8 count=00000000
# TRACE t=3955000 pc=800009f0 ifid_pc=800009ec idex_pc=800009e8 ifid_i=fff00293 idex_v=1 exmem_v=1 mwb_v=1 stall=0 flush=0 br=1 j=00 rs1=6=00000001 rs2=7=00000001 a=00000001 b=00000001 alu=00000000 ra=800005f8 count=00000000
# TRACE t=3965000 pc=800009f4 ifid_pc=800009f0 idex_pc=800009ec ifid_i=fff2b313 idex_v=1 exmem_v=1 mwb_v=1 stall=0 flush=0 br=0 j=00 rs1=0=00000000 rs2=31=33333332 a=00000000 b=ffffffff alu=ffffffff ra=800005f8 count=00000000
# TRACE t=3975000 pc=800009f8 ifid_pc=800009f4 idex_pc=800009f0 ifid_i=00031e63 idex_v=1 exmem_v=1 mwb_v=1 stall=0 flush=0 br=0 j=00 rs1=5=ffffffff rs2=31=33333332 a=ffffffff b=ffffffff alu=00000000 ra=800005f8 count=00000000
# TRACE t=3985000 pc=800009fc ifid_pc=800009f8 idex_pc=800009f4 ifid_i=000ff297 idex_v=1 exmem_v=1 mwb_v=1 stall=0 flush=0 br=1 j=00 rs1=6=00000000 rs2=0=00000000 a=00000000 b=00000000 alu=00000000 ra=800005f8 count=00000000
# TRACE t=3995000 pc=80000a00 ifid_pc=800009fc idex_pc=800009f8 ifid_i=60828293 idex_v=1 exmem_v=1 mwb_v=1 stall=0 flush=0 br=0 j=00 rs1=31=33333332 rs2=0=00000000 a=800009f8 b=000ff000 alu=800ff9f8 ra=800005f8 count=00000000
# TRACE t=4005000 pc=80000a04 ifid_pc=80000a00 idex_pc=800009fc ifid_i=0002a303 idex_v=1 exmem_v=1 mwb_v=1 stall=0 flush=0 br=0 j=00 rs1=5=800ff9f8 rs2=8=00000000 a=800ff9f8 b=00000608 alu=80100000 ra=800005f8 count=00000000
# TRACE t=4015000 pc=80000a08 ifid_pc=80000a04 idex_pc=80000a00 ifid_i=00130313 idex_v=1 exmem_v=1 mwb_v=1 stall=1 flush=0 br=0 j=00 rs1=5=80100000 rs2=0=00000000 a=80100000 b=00000000 alu=80100000 ra=800005f8 count=00000000
# TRACE t=4025000 pc=80000a08 ifid_pc=80000a04 idex_pc=00000000 ifid_i=00130313 idex_v=0 exmem_v=1 mwb_v=1 stall=0 flush=0 br=0 j=00 rs1=0=00000000 rs2=0=00000000 a=00000000 b=00000000 alu=00000000 ra=800005f8 count=00000000
# TRACE t=4035000 pc=80000a0c ifid_pc=80000a08 idex_pc=80000a04 ifid_i=0062a023 idex_v=1 exmem_v=0 mwb_v=1 stall=0 flush=0 br=0 j=00 rs1=6=00000000 rs2=1=800005f8 a=00000000 b=00000001 alu=00000001 ra=800005f8 count=00000000
# TRACE t=4045000 pc=80000a10 ifid_pc=80000a0c idex_pc=80000a08 ifid_i=00008067 idex_v=1 exmem_v=1 mwb_v=0 stall=0 flush=0 br=0 j=00 rs1=5=80100000 rs2=6=00000001 a=80100000 b=00000000 alu=80100000 ra=800005f8 count=00000000
# TRACE t=4055000 pc=80000a14 ifid_pc=80000a10 idex_pc=80000a0c ifid_i=000ff297 idex_v=1 exmem_v=1 mwb_v=1 stall=0 flush=1 br=0 j=10 rs1=1=800005f8 rs2=0=00000000 a=800005f8 b=00000000 alu=800005f8 ra=800005f8 count=00000000
# COUNT t=4055000 data=00000001
# TRACE t=4065000 pc=800005f8 ifid_pc=00000000 idex_pc=00000000 ifid_i=00000000 idex_v=0 exmem_v=1 mwb_v=1 stall=0 flush=0 br=0 j=00 rs1=0=00000000 rs2=0=00000000 a=00000000 b=00000000 alu=00000000 ra=800005f8 count=00000000
# TRACE t=4075000 pc=800005fc ifid_pc=800005f8 idex_pc=00000000 ifid_i=4dc000ef idex_v=0 exmem_v=0 mwb_v=1 stall=0 flush=0 br=0 j=00 rs1=0=00000000 rs2=0=00000000 a=00000000 b=00000000 alu=00000000 ra=800005f8 count=00000000
# TRACE t=4085000 pc=80000600 ifid_pc=800005fc idex_pc=800005f8 ifid_i=588000ef idex_v=1 exmem_v=0 mwb_v=0 stall=0 flush=1 br=0 j=01 rs1=0=00000000 rs2=28=00100000 a=00000000 b=00100000 alu=00100000 ra=800005f8 count=00000000
# TRACE t=4095000 pc=80000ad4 ifid_pc=00000000 idex_pc=00000000 ifid_i=00000000 idex_v=0 exmem_v=1 mwb_v=0 stall=0 flush=0 br=0 j=00 rs1=0=00000000 rs2=0=00000000 a=00000000 b=00000000 alu=00000000 ra=800005f8 count=00000000
# TRACE t=4105000 pc=80000ad8 ifid_pc=80000ad4 idex_pc=00000000 ifid_i=0000b2b7 idex_v=0 exmem_v=0 mwb_v=1 stall=0 flush=0 br=0 j=00 rs1=0=00000000 rs2=0=00000000 a=00000000 b=00000000 alu=00000000 ra=800005f8 count=00000000
# TRACE t=4115000 pc=80000adc ifid_pc=80000ad8 idex_pc=80000ad4 ifid_i=aaa28293 idex_v=1 exmem_v=0 mwb_v=0 stall=0 flush=0 br=0 j=00 rs1=1=800005fc rs2=0=00000000 a=00000000 b=0000b000 alu=0000b000 ra=800005fc count=00000000
# TRACE t=4125000 pc=80000ae0 ifid_pc=80000adc idex_pc=80000ad8 ifid_i=5552c313 idex_v=1 exmem_v=1 mwb_v=0 stall=0 flush=0 br=0 j=00 rs1=5=0000b000 rs2=10=00000000 a=0000b000 b=fffffaaa alu=0000aaaa ra=800005fc count=00000000
# TRACE t=4135000 pc=80000ae4 ifid_pc=80000ae0 idex_pc=80000adc ifid_i=0000b3b7 idex_v=1 exmem_v=1 mwb_v=1 stall=0 flush=0 br=0 j=00 rs1=5=0000aaaa rs2=21=00000000 a=0000aaaa b=00000555 alu=0000afff ra=800005fc count=00000000
# TRACE t=4145000 pc=80000ae8 ifid_pc=80000ae4 idex_pc=80000ae0 ifid_i=fff38393 idex_v=1 exmem_v=1 mwb_v=1 stall=0 flush=0 br=0 j=00 rs1=1=800005fc rs2=0=00000000 a=00000000 b=0000b000 alu=0000b000 ra=800005fc count=00000000
# TRACE t=4155000 pc=80000aec ifid_pc=80000ae8 idex_pc=80000ae4 ifid_i=02731663 idex_v=1 exmem_v=1 mwb_v=1 stall=0 flush=0 br=0 j=00 rs1=7=0000b000 rs2=31=33333332 a=0000b000 b=ffffffff alu=0000afff ra=800005fc count=00000000
# TRACE t=4165000 pc=80000af0 ifid_pc=80000aec idex_pc=80000ae8 ifid_i=00400293 idex_v=1 exmem_v=1 mwb_v=1 stall=0 flush=0 br=1 j=00 rs1=6=0000afff rs2=7=0000afff a=0000afff b=0000afff alu=00000000 ra=800005fc count=00000000
# TRACE t=4175000 pc=80000af4 ifid_pc=80000af0 idex_pc=80000aec ifid_i=2342c313 idex_v=1 exmem_v=1 mwb_v=1 stall=0 flush=0 br=0 j=00 rs1=0=00000000 rs2=4=00000000 a=00000000 b=00000004 alu=00000004 ra=800005fc count=00000000
# TRACE t=4185000 pc=80000af8 ifid_pc=80000af4 idex_pc=80000af0 ifid_i=23000393 idex_v=1 exmem_v=1 mwb_v=1 stall=0 flush=0 br=0 j=00 rs1=5=00000004 rs2=20=00000000 a=00000004 b=00000234 alu=00000230 ra=800005fc count=00000000
# TRACE t=4195000 pc=80000afc ifid_pc=80000af8 idex_pc=80000af4 ifid_i=00731e63 idex_v=1 exmem_v=1 mwb_v=1 stall=0 flush=0 br=0 j=00 rs1=0=00000000 rs2=16=00000000 a=00000000 b=00000230 alu=00000230 ra=800005fc count=00000000
# TRACE t=4205000 pc=80000b00 ifid_pc=80000afc idex_pc=80000af8 ifid_i=000ff297 idex_v=1 exmem_v=1 mwb_v=1 stall=0 flush=0 br=1 j=00 rs1=6=00000230 rs2=7=00000230 a=00000230 b=00000230 alu=00000000 ra=800005fc count=00000000
# TRACE t=4215000 pc=80000b04 ifid_pc=80000b00 idex_pc=80000afc ifid_i=50428293 idex_v=1 exmem_v=1 mwb_v=1 stall=0 flush=0 br=0 j=00 rs1=31=33333332 rs2=0=00000000 a=80000afc b=000ff000 alu=800ffafc ra=800005fc count=00000000
# TRACE t=4225000 pc=80000b08 ifid_pc=80000b04 idex_pc=80000b00 ifid_i=0002a303 idex_v=1 exmem_v=1 mwb_v=1 stall=0 flush=0 br=0 j=00 rs1=5=800ffafc rs2=4=00000000 a=800ffafc b=00000504 alu=80100000 ra=800005fc count=00000000
# TRACE t=4235000 pc=80000b0c ifid_pc=80000b08 idex_pc=80000b04 ifid_i=00130313 idex_v=1 exmem_v=1 mwb_v=1 stall=1 flush=0 br=0 j=00 rs1=5=80100000 rs2=0=00000000 a=80100000 b=00000000 alu=80100000 ra=800005fc count=00000000
# TRACE t=4245000 pc=80000b0c ifid_pc=80000b08 idex_pc=00000000 ifid_i=00130313 idex_v=0 exmem_v=1 mwb_v=1 stall=0 flush=0 br=0 j=00 rs1=0=00000000 rs2=0=00000000 a=00000000 b=00000000 alu=00000000 ra=800005fc count=00000000
# TRACE t=4255000 pc=80000b10 ifid_pc=80000b0c idex_pc=80000b08 ifid_i=0062a023 idex_v=1 exmem_v=0 mwb_v=1 stall=0 flush=0 br=0 j=00 rs1=6=00000000 rs2=1=800005fc a=00000000 b=00000001 alu=00000001 ra=800005fc count=00000000
# TRACE t=4265000 pc=80000b14 ifid_pc=80000b10 idex_pc=80000b0c ifid_i=00008067 idex_v=1 exmem_v=1 mwb_v=0 stall=0 flush=0 br=0 j=00 rs1=5=80100000 rs2=6=00000001 a=80100000 b=00000000 alu=80100000 ra=800005fc count=00000000
# TRACE t=4275000 pc=80000b18 ifid_pc=80000b14 idex_pc=80000b10 ifid_i=000ff297 idex_v=1 exmem_v=1 mwb_v=1 stall=0 flush=1 br=0 j=10 rs1=1=800005fc rs2=0=00000000 a=800005fc b=00000000 alu=800005fc ra=800005fc count=00000000
# COUNT t=4275000 data=00000001
# TRACE t=4285000 pc=800005fc ifid_pc=00000000 idex_pc=00000000 ifid_i=00000000 idex_v=0 exmem_v=1 mwb_v=1 stall=0 flush=0 br=0 j=00 rs1=0=00000000 rs2=0=00000000 a=00000000 b=00000000 alu=00000000 ra=800005fc count=00000000
# TRACE t=4295000 pc=80000600 ifid_pc=800005fc idex_pc=00000000 ifid_i=588000ef idex_v=0 exmem_v=0 mwb_v=1 stall=0 flush=0 br=0 j=00 rs1=0=00000000 rs2=0=00000000 a=00000000 b=00000000 alu=00000000 ra=800005fc count=00000000
# TRACE t=4305000 pc=80000604 ifid_pc=80000600 idex_pc=800005fc ifid_i=630000ef idex_v=1 exmem_v=0 mwb_v=0 stall=0 flush=1 br=0 j=01 rs1=0=00000000 rs2=8=00000000 a=00000000 b=00000000 alu=00000000 ra=800005fc count=00000000
# TRACE t=4315000 pc=80000b84 ifid_pc=00000000 idex_pc=00000000 ifid_i=00000000 idex_v=0 exmem_v=1 mwb_v=0 stall=0 flush=0 br=0 j=00 rs1=0=00000000 rs2=0=00000000 a=00000000 b=00000000 alu=00000000 ra=800005fc count=00000000
# TRACE t=4325000 pc=80000b88 ifid_pc=80000b84 idex_pc=00000000 ifid_i=00100293 idex_v=0 exmem_v=0 mwb_v=1 stall=0 flush=0 br=0 j=00 rs1=0=00000000 rs2=0=00000000 a=00000000 b=00000000 alu=00000000 ra=800005fc count=00000000
# TRACE t=4335000 pc=80000b8c ifid_pc=80000b88 idex_pc=80000b84 ifid_i=00429313 idex_v=1 exmem_v=0 mwb_v=0 stall=0 flush=0 br=0 j=00 rs1=0=00000000 rs2=1=80000600 a=00000000 b=00000001 alu=00000001 ra=80000600 count=00000000
# TRACE t=4345000 pc=80000b90 ifid_pc=80000b8c idex_pc=80000b88 ifid_i=01000393 idex_v=1 exmem_v=1 mwb_v=0 stall=0 flush=0 br=0 j=00 rs1=5=00000001 rs2=4=00000000 a=00000001 b=00000004 alu=00000010 ra=80000600 count=00000000
# TRACE t=4355000 pc=80000b94 ifid_pc=80000b90 idex_pc=80000b8c ifid_i=02731663 idex_v=1 exmem_v=1 mwb_v=1 stall=0 flush=0 br=0 j=00 rs1=0=00000000 rs2=16=00000000 a=00000000 b=00000010 alu=00000010 ra=80000600 count=00000000
# TRACE t=4365000 pc=80000b98 ifid_pc=80000b94 idex_pc=80000b90 ifid_i=00100293 idex_v=1 exmem_v=1 mwb_v=1 stall=0 flush=0 br=1 j=00 rs1=6=00000010 rs2=7=00000010 a=00000010 b=00000010 alu=00000000 ra=80000600 count=00000000
# TRACE t=4375000 pc=80000b9c ifid_pc=80000b98 idex_pc=80000b94 ifid_i=01f29313 idex_v=1 exmem_v=1 mwb_v=1 stall=0 flush=0 br=0 j=00 rs1=0=00000000 rs2=1=80000600 a=00000000 b=00000001 alu=00000001 ra=80000600 count=00000000
# TRACE t=4385000 pc=80000ba0 ifid_pc=80000b9c idex_pc=80000b98 ifid_i=800003b7 idex_v=1 exmem_v=1 mwb_v=1 stall=0 flush=0 br=0 j=00 rs1=5=00000001 rs2=31=33333332 a=00000001 b=0000001f alu=80000000 ra=80000600 count=00000000
# TRACE t=4395000 pc=80000ba4 ifid_pc=80000ba0 idex_pc=80000b9c ifid_i=00731e63 idex_v=1 exmem_v=1 mwb_v=1 stall=0 flush=0 br=0 j=00 rs1=0=00000000 rs2=0=00000000 a=00000000 b=80000000 alu=80000000 ra=80000600 count=00000000
# TRACE t=4405000 pc=80000ba8 ifid_pc=80000ba4 idex_pc=80000ba0 ifid_i=000ff297 idex_v=1 exmem_v=1 mwb_v=1 stall=0 flush=0 br=1 j=00 rs1=6=80000000 rs2=7=80000000 a=80000000 b=80000000 alu=00000000 ra=80000600 count=00000000
# TRACE t=4415000 pc=80000bac ifid_pc=80000ba8 idex_pc=80000ba4 ifid_i=45c28293 idex_v=1 exmem_v=1 mwb_v=1 stall=0 flush=0 br=0 j=00 rs1=31=33333332 rs2=0=00000000 a=80000ba4 b=000ff000 alu=800ffba4 ra=80000600 count=00000000
# TRACE t=4425000 pc=80000bb0 ifid_pc=80000bac idex_pc=80000ba8 ifid_i=0002a303 idex_v=1 exmem_v=1 mwb_v=1 stall=0 flush=0 br=0 j=00 rs1=5=800ffba4 rs2=28=00100000 a=800ffba4 b=0000045c alu=80100000 ra=80000600 count=00000000
# TRACE t=4435000 pc=80000bb4 ifid_pc=80000bb0 idex_pc=80000bac ifid_i=00130313 idex_v=1 exmem_v=1 mwb_v=1 stall=1 flush=0 br=0 j=00 rs1=5=80100000 rs2=0=00000000 a=80100000 b=00000000 alu=80100000 ra=80000600 count=00000000
# TRACE t=4445000 pc=80000bb4 ifid_pc=80000bb0 idex_pc=00000000 ifid_i=00130313 idex_v=0 exmem_v=1 mwb_v=1 stall=0 flush=0 br=0 j=00 rs1=0=00000000 rs2=0=00000000 a=00000000 b=00000000 alu=00000000 ra=80000600 count=00000000
# TRACE t=4455000 pc=80000bb8 ifid_pc=80000bb4 idex_pc=80000bb0 ifid_i=0062a023 idex_v=1 exmem_v=0 mwb_v=1 stall=0 flush=0 br=0 j=00 rs1=6=00000000 rs2=1=80000600 a=00000000 b=00000001 alu=00000001 ra=80000600 count=00000000
# TRACE t=4465000 pc=80000bbc ifid_pc=80000bb8 idex_pc=80000bb4 ifid_i=00008067 idex_v=1 exmem_v=1 mwb_v=0 stall=0 flush=0 br=0 j=00 rs1=5=80100000 rs2=6=00000001 a=80100000 b=00000000 alu=80100000 ra=80000600 count=00000000
# TRACE t=4475000 pc=80000bc0 ifid_pc=80000bbc idex_pc=80000bb8 ifid_i=000ff297 idex_v=1 exmem_v=1 mwb_v=1 stall=0 flush=1 br=0 j=10 rs1=1=80000600 rs2=0=00000000 a=80000600 b=00000000 alu=80000600 ra=80000600 count=00000000
# COUNT t=4475000 data=00000001
# TRACE t=4485000 pc=80000600 ifid_pc=00000000 idex_pc=00000000 ifid_i=00000000 idex_v=0 exmem_v=1 mwb_v=1 stall=0 flush=0 br=0 j=00 rs1=0=00000000 rs2=0=00000000 a=00000000 b=00000000 alu=00000000 ra=80000600 count=00000000
# TRACE t=4495000 pc=80000604 ifid_pc=80000600 idex_pc=00000000 ifid_i=630000ef idex_v=0 exmem_v=0 mwb_v=1 stall=0 flush=0 br=0 j=00 rs1=0=00000000 rs2=0=00000000 a=00000000 b=00000000 alu=00000000 ra=80000600 count=00000000
# TRACE t=4505000 pc=80000608 ifid_pc=80000604 idex_pc=80000600 ifid_i=6ec000ef idex_v=1 exmem_v=0 mwb_v=0 stall=0 flush=1 br=0 j=01 rs1=0=00000000 rs2=16=00000000 a=00000000 b=00000000 alu=00000000 ra=80000600 count=00000000
# TRACE t=4515000 pc=80000c30 ifid_pc=00000000 idex_pc=00000000 ifid_i=00000000 idex_v=0 exmem_v=1 mwb_v=0 stall=0 flush=0 br=0 j=00 rs1=0=00000000 rs2=0=00000000 a=00000000 b=00000000 alu=00000000 ra=80000600 count=00000000
# TRACE t=4525000 pc=80000c34 ifid_pc=80000c30 idex_pc=00000000 ifid_i=800002b7 idex_v=0 exmem_v=0 mwb_v=1 stall=0 flush=0 br=0 j=00 rs1=0=00000000 rs2=0=00000000 a=00000000 b=00000000 alu=00000000 ra=80000600 count=00000000
# TRACE t=4535000 pc=80000c38 ifid_pc=80000c34 idex_pc=80000c30 ifid_i=01f2d313 idex_v=1 exmem_v=0 mwb_v=0 stall=0 flush=0 br=0 j=00 rs1=0=00000000 rs2=0=00000000 a=00000000 b=80000000 alu=80000000 ra=80000604 count=00000000
# TRACE t=4545000 pc=80000c3c ifid_pc=80000c38 idex_pc=80000c34 ifid_i=00100393 idex_v=1 exmem_v=1 mwb_v=0 stall=0 flush=0 br=0 j=00 rs1=5=80000000 rs2=31=33333332 a=80000000 b=0000001f alu=00000001 ra=80000604 count=00000000
# TRACE t=4555000 pc=80000c40 ifid_pc=80000c3c idex_pc=80000c38 ifid_i=02731863 idex_v=1 exmem_v=1 mwb_v=1 stall=0 flush=0 br=0 j=00 rs1=0=00000000 rs2=1=80000604 a=00000000 b=00000001 alu=00000001 ra=80000604 count=00000000
# TRACE t=4565000 pc=80000c44 ifid_pc=80000c40 idex_pc=80000c3c ifid_i=fff00293 idex_v=1 exmem_v=1 mwb_v=1 stall=0 flush=0 br=1 j=00 rs1=6=00000001 rs2=7=00000001 a=00000001 b=00000001 alu=00000000 ra=80000604 count=00000000
# TRACE t=4575000 pc=80000c48 ifid_pc=80000c44 idex_pc=80000c40 ifid_i=0042d313 idex_v=1 exmem_v=1 mwb_v=1 stall=0 flush=0 br=0 j=00 rs1=0=00000000 rs2=31=33333332 a=00000000 b=ffffffff alu=ffffffff ra=80000604 count=00000000
# TRACE t=4585000 pc=80000c4c ifid_pc=80000c48 idex_pc=80000c44 ifid_i=100003b7 idex_v=1 exmem_v=1 mwb_v=1 stall=0 flush=0 br=0 j=00 rs1=5=ffffffff rs2=4=00000000 a=ffffffff b=00000004 alu=0fffffff ra=80000604 count=00000000
# TRACE t=4595000 pc=80000c50 ifid_pc=80000c4c idex_pc=80000c48 ifid_i=fff38393 idex_v=1 exmem_v=1 mwb_v=1 stall=0 flush=0 br=0 j=00 rs1=0=00000000 rs2=0=00000000 a=00000000 b=10000000 alu=10000000 ra=80000604 count=00000000
# TRACE t=4605000 pc=80000c54 ifid_pc=80000c50 idex_pc=80000c4c ifid_i=00731e63 idex_v=1 exmem_v=1 mwb_v=1 stall=0 flush=0 br=0 j=00 rs1=7=10000000 rs2=31=33333332 a=10000000 b=ffffffff alu=0fffffff ra=80000604 count=00000000
# TRACE t=4615000 pc=80000c58 ifid_pc=80000c54 idex_pc=80000c50 ifid_i=000ff297 idex_v=1 exmem_v=1 mwb_v=1 stall=0 flush=0 br=1 j=00 rs1=6=0fffffff rs2=7=0fffffff a=0fffffff b=0fffffff alu=00000000 ra=80000604 count=00000000
# TRACE t=4625000 pc=80000c5c ifid_pc=80000c58 idex_pc=80000c54 ifid_i=3ac28293 idex_v=1 exmem_v=1 mwb_v=1 stall=0 flush=0 br=0 j=00 rs1=31=33333332 rs2=0=00000000 a=80000c54 b=000ff000 alu=800ffc54 ra=80000604 count=00000000
# TRACE t=4635000 pc=80000c60 ifid_pc=80000c5c idex_pc=80000c58 ifid_i=0002a303 idex_v=1 exmem_v=1 mwb_v=1 stall=0 flush=0 br=0 j=00 rs1=5=800ffc54 rs2=12=00000000 a=800ffc54 b=000003ac alu=80100000 ra=80000604 count=00000000
# TRACE t=4645000 pc=80000c64 ifid_pc=80000c60 idex_pc=80000c5c ifid_i=00130313 idex_v=1 exmem_v=1 mwb_v=1 stall=1 flush=0 br=0 j=00 rs1=5=80100000 rs2=0=00000000 a=80100000 b=00000000 alu=80100000 ra=80000604 count=00000000
# TRACE t=4655000 pc=80000c64 ifid_pc=80000c60 idex_pc=00000000 ifid_i=00130313 idex_v=0 exmem_v=1 mwb_v=1 stall=0 flush=0 br=0 j=00 rs1=0=00000000 rs2=0=00000000 a=00000000 b=00000000 alu=00000000 ra=80000604 count=00000000
# TRACE t=4665000 pc=80000c68 ifid_pc=80000c64 idex_pc=80000c60 ifid_i=0062a023 idex_v=1 exmem_v=0 mwb_v=1 stall=0 flush=0 br=0 j=00 rs1=6=00000000 rs2=1=80000604 a=00000000 b=00000001 alu=00000001 ra=80000604 count=00000000
# TRACE t=4675000 pc=80000c6c ifid_pc=80000c68 idex_pc=80000c64 ifid_i=00008067 idex_v=1 exmem_v=1 mwb_v=0 stall=0 flush=0 br=0 j=00 rs1=5=80100000 rs2=6=00000001 a=80100000 b=00000000 alu=80100000 ra=80000604 count=00000000
# TRACE t=4685000 pc=80000c70 ifid_pc=80000c6c idex_pc=80000c68 ifid_i=000ff297 idex_v=1 exmem_v=1 mwb_v=1 stall=0 flush=1 br=0 j=10 rs1=1=80000604 rs2=0=00000000 a=80000604 b=00000000 alu=80000604 ra=80000604 count=00000000
# COUNT t=4685000 data=00000001
# TRACE t=4695000 pc=80000604 ifid_pc=00000000 idex_pc=00000000 ifid_i=00000000 idex_v=0 exmem_v=1 mwb_v=1 stall=0 flush=0 br=0 j=00 rs1=0=00000000 rs2=0=00000000 a=00000000 b=00000000 alu=00000000 ra=80000604 count=00000000
# TRACE t=4705000 pc=80000608 ifid_pc=80000604 idex_pc=00000000 ifid_i=6ec000ef idex_v=0 exmem_v=0 mwb_v=1 stall=0 flush=0 br=0 j=00 rs1=0=00000000 rs2=0=00000000 a=00000000 b=00000000 alu=00000000 ra=80000604 count=00000000
# TRACE t=4715000 pc=8000060c ifid_pc=80000608 idex_pc=80000604 ifid_i=015000ef idex_v=1 exmem_v=0 mwb_v=0 stall=0 flush=1 br=0 j=01 rs1=0=00000000 rs2=12=00000000 a=00000000 b=00000000 alu=00000000 ra=80000604 count=00000000
# TRACE t=4725000 pc=80000cf0 ifid_pc=00000000 idex_pc=00000000 ifid_i=00000000 idex_v=0 exmem_v=1 mwb_v=0 stall=0 flush=0 br=0 j=00 rs1=0=00000000 rs2=0=00000000 a=00000000 b=00000000 alu=00000000 ra=80000604 count=00000000
# TRACE t=4735000 pc=80000cf4 ifid_pc=80000cf0 idex_pc=00000000 ifid_i=fff00293 idex_v=0 exmem_v=0 mwb_v=1 stall=0 flush=0 br=0 j=00 rs1=0=00000000 rs2=0=00000000 a=00000000 b=00000000 alu=00000000 ra=80000604 count=00000000
# TRACE t=4745000 pc=80000cf8 ifid_pc=80000cf4 idex_pc=80000cf0 ifid_i=41f2d313 idex_v=1 exmem_v=0 mwb_v=0 stall=0 flush=0 br=0 j=00 rs1=0=00000000 rs2=31=33333332 a=00000000 b=ffffffff alu=ffffffff ra=80000608 count=00000000
# TRACE t=4755000 pc=80000cfc ifid_pc=80000cf8 idex_pc=80000cf4 ifid_i=fff00393 idex_v=1 exmem_v=1 mwb_v=0 stall=0 flush=0 br=0 j=00 rs1=5=ffffffff rs2=31=33333332 a=ffffffff b=0000041f alu=ffffffff ra=80000608 count=00000000
# TRACE t=4765000 pc=80000d00 ifid_pc=80000cfc idex_pc=80000cf8 ifid_i=02731663 idex_v=1 exmem_v=1 mwb_v=1 stall=0 flush=0 br=0 j=00 rs1=0=00000000 rs2=31=33333332 a=00000000 b=ffffffff alu=ffffffff ra=80000608 count=00000000
# DBG t=4765000 pc=80000d00 ifid_pc=80000cfc idex_pc=80000cf8 rdata1=00000001 idex_rs1v=00000000 fwd1=00000000 memwb_v=1 memwb_rd=5 memwb_m2r=00 memwb_pc4=80000cf4 wb=ffffffff ra=80000608
# TRACE t=4775000 pc=80000d04 ifid_pc=80000d00 idex_pc=80000cfc ifid_i=800002b7 idex_v=1 exmem_v=1 mwb_v=1 stall=0 flush=0 br=1 j=00 rs1=6=ffffffff rs2=7=ffffffff a=ffffffff b=ffffffff alu=00000000 ra=80000608 count=00000000
# DBG t=4775000 pc=80000d04 ifid_pc=80000d00 idex_pc=80000cfc rdata1=00000000 idex_rs1v=00000001 fwd1=ffffffff memwb_v=1 memwb_rd=6 memwb_m2r=00 memwb_pc4=80000cf8 wb=ffffffff ra=80000608
# TRACE t=4785000 pc=80000d08 ifid_pc=80000d04 idex_pc=80000d00 ifid_i=41f2d313 idex_v=1 exmem_v=1 mwb_v=1 stall=0 flush=0 br=0 j=00 rs1=0=00000000 rs2=0=00000000 a=00000000 b=80000000 alu=80000000 ra=80000608 count=00000000
# DBG t=4785000 pc=80000d08 ifid_pc=80000d04 idex_pc=80000d00 rdata1=ffffffff idex_rs1v=00000000 fwd1=00000000 memwb_v=1 memwb_rd=7 memwb_m2r=00 memwb_pc4=80000cfc wb=ffffffff ra=80000608
# TRACE t=4795000 pc=80000d0c ifid_pc=80000d08 idex_pc=80000d04 ifid_i=fff00393 idex_v=1 exmem_v=1 mwb_v=1 stall=0 flush=0 br=0 j=00 rs1=5=80000000 rs2=31=33333332 a=80000000 b=0000041f alu=ffffffff ra=80000608 count=00000000
# DBG t=4795000 pc=80000d0c ifid_pc=80000d08 idex_pc=80000d04 rdata1=00000000 idex_rs1v=ffffffff fwd1=80000000 memwb_v=1 memwb_rd=12 memwb_m2r=00 memwb_pc4=80000d00 wb=00000000 ra=80000608
# TRACE t=4805000 pc=80000d10 ifid_pc=80000d0c idex_pc=80000d08 ifid_i=00731e63 idex_v=1 exmem_v=1 mwb_v=1 stall=0 flush=0 br=0 j=00 rs1=0=00000000 rs2=31=33333332 a=00000000 b=ffffffff alu=ffffffff ra=80000608 count=00000000
# DBG t=4805000 pc=80000d10 ifid_pc=80000d0c idex_pc=80000d08 rdata1=ffffffff idex_rs1v=00000000 fwd1=00000000 memwb_v=1 memwb_rd=5 memwb_m2r=00 memwb_pc4=80000d04 wb=80000000 ra=80000608
# TRACE t=4815000 pc=80000d14 ifid_pc=80000d10 idex_pc=80000d0c ifid_i=000ff297 idex_v=1 exmem_v=1 mwb_v=1 stall=0 flush=0 br=1 j=00 rs1=6=ffffffff rs2=7=ffffffff a=ffffffff b=ffffffff alu=00000000 ra=80000608 count=00000000
# TRACE t=4825000 pc=80000d18 ifid_pc=80000d14 idex_pc=80000d10 ifid_i=2f028293 idex_v=1 exmem_v=1 mwb_v=1 stall=0 flush=0 br=0 j=00 rs1=31=33333332 rs2=0=00000000 a=80000d10 b=000ff000 alu=800ffd10 ra=80000608 count=00000000
# TRACE t=4835000 pc=80000d1c ifid_pc=80000d18 idex_pc=80000d14 ifid_i=0002a303 idex_v=1 exmem_v=1 mwb_v=1 stall=0 flush=0 br=0 j=00 rs1=5=800ffd10 rs2=16=00000000 a=800ffd10 b=000002f0 alu=80100000 ra=80000608 count=00000000
# TRACE t=4845000 pc=80000d20 ifid_pc=80000d1c idex_pc=80000d18 ifid_i=00130313 idex_v=1 exmem_v=1 mwb_v=1 stall=1 flush=0 br=0 j=00 rs1=5=80100000 rs2=0=00000000 a=80100000 b=00000000 alu=80100000 ra=80000608 count=00000000
# TRACE t=4855000 pc=80000d20 ifid_pc=80000d1c idex_pc=00000000 ifid_i=00130313 idex_v=0 exmem_v=1 mwb_v=1 stall=0 flush=0 br=0 j=00 rs1=0=00000000 rs2=0=00000000 a=00000000 b=00000000 alu=00000000 ra=80000608 count=00000000
# TRACE t=4865000 pc=80000d24 ifid_pc=80000d20 idex_pc=80000d1c ifid_i=0062a023 idex_v=1 exmem_v=0 mwb_v=1 stall=0 flush=0 br=0 j=00 rs1=6=00000000 rs2=1=80000608 a=00000000 b=00000001 alu=00000001 ra=80000608 count=00000000
# TRACE t=4875000 pc=80000d28 ifid_pc=80000d24 idex_pc=80000d20 ifid_i=00008067 idex_v=1 exmem_v=1 mwb_v=0 stall=0 flush=0 br=0 j=00 rs1=5=80100000 rs2=6=00000001 a=80100000 b=00000000 alu=80100000 ra=80000608 count=00000000
# TRACE t=4885000 pc=80000d2c ifid_pc=80000d28 idex_pc=80000d24 ifid_i=000ff297 idex_v=1 exmem_v=1 mwb_v=1 stall=0 flush=1 br=0 j=10 rs1=1=80000608 rs2=0=00000000 a=80000608 b=00000000 alu=80000608 ra=80000608 count=00000000
# COUNT t=4885000 data=00000001
# TRACE t=4895000 pc=80000608 ifid_pc=00000000 idex_pc=00000000 ifid_i=00000000 idex_v=0 exmem_v=1 mwb_v=1 stall=0 flush=0 br=0 j=00 rs1=0=00000000 rs2=0=00000000 a=00000000 b=00000000 alu=00000000 ra=80000608 count=00000000
# TRACE t=4905000 pc=8000060c ifid_pc=80000608 idex_pc=00000000 ifid_i=015000ef idex_v=0 exmem_v=0 mwb_v=1 stall=0 flush=0 br=0 j=00 rs1=0=00000000 rs2=0=00000000 a=00000000 b=00000000 alu=00000000 ra=80000608 count=00000000
# TRACE t=4915000 pc=80000610 ifid_pc=8000060c idex_pc=80000608 ifid_i=7bc000ef idex_v=1 exmem_v=0 mwb_v=0 stall=0 flush=1 br=0 j=01 rs1=0=00000000 rs2=21=00000000 a=00000000 b=00000000 alu=00000000 ra=80000608 count=00000000
# TRACE t=4925000 pc=80000e1c ifid_pc=00000000 idex_pc=00000000 ifid_i=00000000 idex_v=0 exmem_v=1 mwb_v=0 stall=0 flush=0 br=0 j=00 rs1=0=00000000 rs2=0=00000000 a=00000000 b=00000000 alu=00000000 ra=80000608 count=00000000
# TRACE t=4935000 pc=80000e20 ifid_pc=80000e1c idex_pc=00000000 ifid_i=00008413 idex_v=0 exmem_v=0 mwb_v=1 stall=0 flush=0 br=0 j=00 rs1=0=00000000 rs2=0=00000000 a=00000000 b=00000000 alu=00000000 ra=80000608 count=00000000
# TRACE t=4945000 pc=80000e24 ifid_pc=80000e20 idex_pc=80000e1c ifid_i=010000ef idex_v=1 exmem_v=0 mwb_v=0 stall=0 flush=0 br=0 j=00 rs1=1=8000060c rs2=0=00000000 a=8000060c b=00000000 alu=8000060c ra=8000060c count=00000000
# TRACE t=4955000 pc=80000e28 ifid_pc=80000e24 idex_pc=80000e20 ifid_i=00000297 idex_v=1 exmem_v=1 mwb_v=0 stall=0 flush=1 br=0 j=01 rs1=0=00000000 rs2=16=00000000 a=00000000 b=00000000 alu=00000000 ra=8000060c count=00000000
# TRACE t=4965000 pc=80000e30 ifid_pc=00000000 idex_pc=00000000 ifid_i=00000000 idex_v=0 exmem_v=1 mwb_v=1 stall=0 flush=0 br=0 j=00 rs1=0=00000000 rs2=0=00000000 a=00000000 b=00000000 alu=00000000 ra=8000060c count=00000000
# TRACE t=4975000 pc=80000e34 ifid_pc=80000e30 idex_pc=00000000 ifid_i=00400313 idex_v=0 exmem_v=0 mwb_v=1 stall=0 flush=0 br=0 j=00 rs1=0=00000000 rs2=0=00000000 a=00000000 b=00000000 alu=00000000 ra=8000060c count=00000000
# TRACE t=4985000 pc=80000e38 ifid_pc=80000e34 idex_pc=80000e30 ifid_i=00008067 idex_v=1 exmem_v=0 mwb_v=0 stall=0 flush=0 br=0 j=00 rs1=0=00000000 rs2=4=00000000 a=00000000 b=00000004 alu=00000004 ra=80000e24 count=00000000
# TRACE t=4995000 pc=80000e3c ifid_pc=80000e38 idex_pc=80000e34 ifid_i=000ff297 idex_v=1 exmem_v=1 mwb_v=0 stall=0 flush=1 br=0 j=10 rs1=1=80000e24 rs2=0=00000000 a=80000e24 b=00000000 alu=80000e24 ra=80000e24 count=00000000
# TRACE t=5005000 pc=80000e24 ifid_pc=00000000 idex_pc=00000000 ifid_i=00000000 idex_v=0 exmem_v=1 mwb_v=1 stall=0 flush=0 br=0 j=00 rs1=0=00000000 rs2=0=00000000 a=00000000 b=00000000 alu=00000000 ra=80000e24 count=00000000
# TRACE t=5015000 pc=80000e28 ifid_pc=80000e24 idex_pc=00000000 ifid_i=00000297 idex_v=0 exmem_v=0 mwb_v=1 stall=0 flush=0 br=0 j=00 rs1=0=00000000 rs2=0=00000000 a=00000000 b=00000000 alu=00000000 ra=80000e24 count=00000000
# TRACE t=5025000 pc=80000e2c ifid_pc=80000e28 idex_pc=80000e24 ifid_i=00509863 idex_v=1 exmem_v=0 mwb_v=0 stall=0 flush=0 br=0 j=00 rs1=0=00000000 rs2=0=00000000 a=80000e24 b=00000000 alu=80000e24 ra=80000e24 count=00000000
# TRACE t=5035000 pc=80000e30 ifid_pc=80000e2c idex_pc=80000e28 ifid_i=0280006f idex_v=1 exmem_v=1 mwb_v=0 stall=0 flush=0 br=1 j=00 rs1=1=80000e24 rs2=5=80000e24 a=80000e24 b=80000e24 alu=00000000 ra=80000e24 count=00000000
# TRACE t=5045000 pc=80000e34 ifid_pc=80000e30 idex_pc=80000e2c ifid_i=00400313 idex_v=1 exmem_v=1 mwb_v=1 stall=0 flush=1 br=0 j=01 rs1=0=00000000 rs2=8=8000060c a=00000000 b=8000060c alu=8000060c ra=80000e24 count=00000000
# TRACE t=5055000 pc=80000e54 ifid_pc=00000000 idex_pc=00000000 ifid_i=00000000 idex_v=0 exmem_v=1 mwb_v=1 stall=0 flush=0 br=0 j=00 rs1=0=00000000 rs2=0=00000000 a=00000000 b=00000000 alu=00000000 ra=80000e24 count=00000000
# TRACE t=5065000 pc=80000e58 ifid_pc=80000e54 idex_pc=00000000 ifid_i=000ff297 idex_v=0 exmem_v=0 mwb_v=1 stall=0 flush=0 br=0 j=00 rs1=0=00000000 rs2=0=00000000 a=00000000 b=00000000 alu=00000000 ra=80000e24 count=00000000
# TRACE t=5075000 pc=80000e5c ifid_pc=80000e58 idex_pc=80000e54 ifid_i=1ac28293 idex_v=1 exmem_v=0 mwb_v=0 stall=0 flush=0 br=0 j=00 rs1=31=33333332 rs2=0=00000000 a=80000e54 b=000ff000 alu=800ffe54 ra=80000e24 count=00000000
# TRACE t=5085000 pc=80000e60 ifid_pc=80000e5c idex_pc=80000e58 ifid_i=0002a303 idex_v=1 exmem_v=1 mwb_v=0 stall=0 flush=0 br=0 j=00 rs1=5=800ffe54 rs2=12=00000000 a=800ffe54 b=000001ac alu=80100000 ra=80000e24 count=00000000
# TRACE t=5095000 pc=80000e64 ifid_pc=80000e60 idex_pc=80000e5c ifid_i=00130313 idex_v=1 exmem_v=1 mwb_v=1 stall=1 flush=0 br=0 j=00 rs1=5=80100000 rs2=0=00000000 a=80100000 b=00000000 alu=80100000 ra=80000e24 count=00000000
# TRACE t=5105000 pc=80000e64 ifid_pc=80000e60 idex_pc=00000000 ifid_i=00130313 idex_v=0 exmem_v=1 mwb_v=1 stall=0 flush=0 br=0 j=00 rs1=0=00000000 rs2=0=00000000 a=00000000 b=00000000 alu=00000000 ra=80000e24 count=00000000
# TRACE t=5115000 pc=80000e68 ifid_pc=80000e64 idex_pc=80000e60 ifid_i=0062a023 idex_v=1 exmem_v=0 mwb_v=1 stall=0 flush=0 br=0 j=00 rs1=6=00000000 rs2=1=80000e24 a=00000000 b=00000001 alu=00000001 ra=80000e24 count=00000000
# TRACE t=5125000 pc=80000e6c ifid_pc=80000e68 idex_pc=80000e64 ifid_i=00040093 idex_v=1 exmem_v=1 mwb_v=0 stall=0 flush=0 br=0 j=00 rs1=5=80100000 rs2=6=00000001 a=80100000 b=00000000 alu=80100000 ra=80000e24 count=00000000
# TRACE t=5135000 pc=80000e70 ifid_pc=80000e6c idex_pc=80000e68 ifid_i=00008067 idex_v=1 exmem_v=1 mwb_v=1 stall=0 flush=0 br=0 j=00 rs1=8=8000060c rs2=0=00000000 a=8000060c b=00000000 alu=8000060c ra=80000e24 count=00000000
# COUNT t=5135000 data=00000001
# TRACE t=5145000 pc=80000e74 ifid_pc=80000e70 idex_pc=80000e6c ifid_i=000ff297 idex_v=1 exmem_v=1 mwb_v=1 stall=0 flush=1 br=0 j=10 rs1=1=8000060c rs2=0=00000000 a=8000060c b=00000000 alu=8000060c ra=80000e24 count=00000000
# TRACE t=5155000 pc=8000060c ifid_pc=00000000 idex_pc=00000000 ifid_i=00000000 idex_v=0 exmem_v=1 mwb_v=1 stall=0 flush=0 br=0 j=00 rs1=0=00000000 rs2=0=00000000 a=00000000 b=00000000 alu=00000000 ra=80000e24 count=00000000
# TRACE t=5165000 pc=80000610 ifid_pc=8000060c idex_pc=00000000 ifid_i=7bc000ef idex_v=0 exmem_v=0 mwb_v=1 stall=0 flush=0 br=0 j=00 rs1=0=00000000 rs2=0=00000000 a=00000000 b=00000000 alu=00000000 ra=8000060c count=00000000
# TRACE t=5175000 pc=80000614 ifid_pc=80000610 idex_pc=8000060c ifid_i=151000ef idex_v=1 exmem_v=0 mwb_v=0 stall=0 flush=1 br=0 j=01 rs1=0=00000000 rs2=28=00100000 a=00000000 b=00100000 alu=00100000 ra=8000060c count=00000000
# TRACE t=5185000 pc=80000dc8 ifid_pc=00000000 idex_pc=00000000 ifid_i=00000000 idex_v=0 exmem_v=1 mwb_v=0 stall=0 flush=0 br=0 j=00 rs1=0=00000000 rs2=0=00000000 a=00000000 b=00000000 alu=00000000 ra=8000060c count=00000000
# TRACE t=5195000 pc=80000dcc ifid_pc=80000dc8 idex_pc=00000000 ifid_i=123452b7 idex_v=0 exmem_v=0 mwb_v=1 stall=0 flush=0 br=0 j=00 rs1=0=00000000 rs2=0=00000000 a=00000000 b=00000000 alu=00000000 ra=8000060c count=00000000
# TRACE t=5205000 pc=80000dd0 ifid_pc=80000dcc idex_pc=80000dc8 ifid_i=68828293 idex_v=1 exmem_v=0 mwb_v=0 stall=0 flush=0 br=0 j=00 rs1=8=8000060c rs2=3=00000000 a=00000000 b=12345000 alu=12345000 ra=80000610 count=00000000
# TRACE t=5215000 pc=80000dd4 ifid_pc=80000dd0 idex_pc=80000dcc ifid_i=000ff317 idex_v=1 exmem_v=1 mwb_v=0 stall=0 flush=0 br=0 j=00 rs1=5=12345000 rs2=8=8000060c a=12345000 b=00000688 alu=12345688 ra=80000610 count=00000000
# TRACE t=5225000 pc=80000dd8 ifid_pc=80000dd4 idex_pc=80000dd0 ifid_i=23830313 idex_v=1 exmem_v=1 mwb_v=1 stall=0 flush=0 br=0 j=00 rs1=31=33333332 rs2=0=00000000 a=80000dd0 b=000ff000 alu=800ffdd0 ra=80000610 count=00000000
# TRACE t=5235000 pc=80000ddc ifid_pc=80000dd8 idex_pc=80000dd4 ifid_i=00532023 idex_v=1 exmem_v=1 mwb_v=1 stall=0 flush=0 br=0 j=00 rs1=6=800ffdd0 rs2=24=00000000 a=800ffdd0 b=00000238 alu=80100008 ra=80000610 count=00000000
# TRACE t=5245000 pc=80000de0 ifid_pc=80000ddc idex_pc=80000dd8 ifid_i=00032383 idex_v=1 exmem_v=1 mwb_v=1 stall=0 flush=0 br=0 j=00 rs1=6=80100008 rs2=5=12345688 a=80100008 b=00000000 alu=80100008 ra=80000610 count=00000000
# TRACE t=5255000 pc=80000de4 ifid_pc=80000de0 idex_pc=80000ddc ifid_i=12345e37 idex_v=1 exmem_v=1 mwb_v=1 stall=0 flush=0 br=0 j=00 rs1=6=80100008 rs2=0=00000000 a=80100008 b=00000000 alu=80100008 ra=80000610 count=00000000
# TRACE t=5265000 pc=80000de8 ifid_pc=80000de4 idex_pc=80000de0 ifid_i=688e0e13 idex_v=1 exmem_v=1 mwb_v=1 stall=0 flush=0 br=0 j=00 rs1=8=8000060c rs2=3=00000000 a=00000000 b=12345000 alu=12345000 ra=80000610 count=00000000
# TRACE t=5275000 pc=80000dec ifid_pc=80000de8 idex_pc=80000de4 ifid_i=01c39e63 idex_v=1 exmem_v=1 mwb_v=1 stall=0 flush=0 br=0 j=00 rs1=28=12345000 rs2=8=8000060c a=12345000 b=00000688 alu=12345688 ra=80000610 count=00000000
# TRACE t=5285000 pc=80000df0 ifid_pc=80000dec idex_pc=80000de8 ifid_i=000ff297 idex_v=1 exmem_v=1 mwb_v=1 stall=0 flush=1 br=1 j=00 rs1=7=00000000 rs2=28=12345688 a=00000000 b=12345688 alu=edcba978 ra=80000610 count=00000000
# TRACE t=5295000 pc=80000e04 ifid_pc=00000000 idex_pc=00000000 ifid_i=00000000 idex_v=0 exmem_v=1 mwb_v=1 stall=0 flush=0 br=0 j=00 rs1=0=00000000 rs2=0=00000000 a=00000000 b=00000000 alu=00000000 ra=80000610 count=00000000
# TRACE t=5305000 pc=80000e08 ifid_pc=80000e04 idex_pc=00000000 ifid_i=000ff297 idex_v=0 exmem_v=0 mwb_v=1 stall=0 flush=0 br=0 j=00 rs1=0=00000000 rs2=0=00000000 a=00000000 b=00000000 alu=00000000 ra=80000610 count=00000000
# TRACE t=5315000 pc=80000e0c ifid_pc=80000e08 idex_pc=80000e04 ifid_i=20028293 idex_v=1 exmem_v=0 mwb_v=0 stall=0 flush=0 br=0 j=00 rs1=31=33333332 rs2=0=00000000 a=80000e04 b=000ff000 alu=800ffe04 ra=80000610 count=00000000
# TRACE t=5325000 pc=80000e10 ifid_pc=80000e0c idex_pc=80000e08 ifid_i=0002a303 idex_v=1 exmem_v=1 mwb_v=0 stall=0 flush=0 br=0 j=00 rs1=5=800ffe04 rs2=0=00000000 a=800ffe04 b=00000200 alu=80100004 ra=80000610 count=00000000
# TRACE t=5335000 pc=80000e14 ifid_pc=80000e10 idex_pc=80000e0c ifid_i=00130313 idex_v=1 exmem_v=1 mwb_v=1 stall=1 flush=0 br=0 j=00 rs1=5=80100004 rs2=0=00000000 a=80100004 b=00000000 alu=80100004 ra=80000610 count=00000000
# TRACE t=5345000 pc=80000e14 ifid_pc=80000e10 idex_pc=00000000 ifid_i=00130313 idex_v=0 exmem_v=1 mwb_v=1 stall=0 flush=0 br=0 j=00 rs1=0=00000000 rs2=0=00000000 a=00000000 b=00000000 alu=00000000 ra=80000610 count=00000000
# TRACE t=5355000 pc=80000e18 ifid_pc=80000e14 idex_pc=80000e10 ifid_i=0062a023 idex_v=1 exmem_v=0 mwb_v=1 stall=0 flush=0 br=0 j=00 rs1=6=00000000 rs2=1=80000610 a=00000000 b=00000001 alu=00000001 ra=80000610 count=00000000
# TRACE t=5365000 pc=80000e1c ifid_pc=80000e18 idex_pc=80000e14 ifid_i=00008067 idex_v=1 exmem_v=1 mwb_v=0 stall=0 flush=0 br=0 j=00 rs1=5=80100004 rs2=6=00000001 a=80100004 b=00000000 alu=80100004 ra=80000610 count=00000000
# TRACE t=5375000 pc=80000e20 ifid_pc=80000e1c idex_pc=80000e18 ifid_i=00008413 idex_v=1 exmem_v=1 mwb_v=1 stall=0 flush=1 br=0 j=10 rs1=1=80000610 rs2=0=00000000 a=80000610 b=00000000 alu=80000610 ra=80000610 count=00000000
# TRACE t=5385000 pc=80000610 ifid_pc=00000000 idex_pc=00000000 ifid_i=00000000 idex_v=0 exmem_v=1 mwb_v=1 stall=0 flush=0 br=0 j=00 rs1=0=00000000 rs2=0=00000000 a=00000000 b=00000000 alu=00000000 ra=80000610 count=00000000
# TRACE t=5395000 pc=80000614 ifid_pc=80000610 idex_pc=00000000 ifid_i=151000ef idex_v=0 exmem_v=0 mwb_v=1 stall=0 flush=0 br=0 j=00 rs1=0=00000000 rs2=0=00000000 a=00000000 b=00000000 alu=00000000 ra=80000610 count=00000000
# TRACE t=5405000 pc=80000618 ifid_pc=80000614 idex_pc=80000610 ifid_i=1d5000ef idex_v=1 exmem_v=0 mwb_v=0 stall=0 flush=1 br=0 j=01 rs1=0=00000000 rs2=17=00000000 a=00000000 b=00000000 alu=00000000 ra=80000610 count=00000000
# TRACE t=5415000 pc=80000f60 ifid_pc=00000000 idex_pc=00000000 ifid_i=00000000 idex_v=0 exmem_v=1 mwb_v=0 stall=0 flush=0 br=0 j=00 rs1=0=00000000 rs2=0=00000000 a=00000000 b=00000000 alu=00000000 ra=80000610 count=00000000
# TRACE t=5425000 pc=80000f64 ifid_pc=80000f60 idex_pc=00000000 ifid_i=000ff297 idex_v=0 exmem_v=0 mwb_v=1 stall=0 flush=0 br=0 j=00 rs1=0=00000000 rs2=0=00000000 a=00000000 b=00000000 alu=00000000 ra=80000610 count=00000000
# TRACE t=5435000 pc=80000f68 ifid_pc=80000f64 idex_pc=80000f60 ifid_i=0a828293 idex_v=1 exmem_v=0 mwb_v=0 stall=0 flush=0 br=0 j=00 rs1=31=33333332 rs2=0=00000000 a=80000f60 b=000ff000 alu=800fff60 ra=80000614 count=00000000
# TRACE t=5445000 pc=80000f6c ifid_pc=80000f68 idex_pc=80000f64 ifid_i=07f00313 idex_v=1 exmem_v=1 mwb_v=0 stall=0 flush=0 br=0 j=00 rs1=5=800fff60 rs2=8=8000060c a=800fff60 b=000000a8 alu=80100008 ra=80000614 count=00000000
# TRACE t=5455000 pc=80000f70 ifid_pc=80000f6c idex_pc=80000f68 ifid_i=00628623 idex_v=1 exmem_v=1 mwb_v=1 stall=0 flush=0 br=0 j=00 rs1=0=00000000 rs2=31=33333332 a=00000000 b=0000007f alu=0000007f ra=80000614 count=00000000
# TRACE t=5465000 pc=80000f74 ifid_pc=80000f70 idex_pc=80000f6c ifid_i=00c28383 idex_v=1 exmem_v=1 mwb_v=1 stall=0 flush=0 br=0 j=00 rs1=5=80100008 rs2=6=0000007f a=80100008 b=0000000c alu=80100014 ra=80000614 count=00000000
# TRACE t=5475000 pc=80000f78 ifid_pc=80000f74 idex_pc=80000f70 ifid_i=07f00e13 idex_v=1 exmem_v=1 mwb_v=1 stall=0 flush=0 br=0 j=00 rs1=5=80100008 rs2=12=00000000 a=80100008 b=0000000c alu=80100014 ra=80000614 count=00000000
# TRACE t=5485000 pc=80000f7c ifid_pc=80000f78 idex_pc=80000f74 ifid_i=05c39c63 idex_v=1 exmem_v=1 mwb_v=1 stall=0 flush=0 br=0 j=00 rs1=0=00000000 rs2=31=33333332 a=00000000 b=0000007f alu=0000007f ra=80000614 count=00000000
# TRACE t=5495000 pc=80000f80 ifid_pc=80000f7c idex_pc=80000f78 ifid_i=07f00313 idex_v=1 exmem_v=1 mwb_v=1 stall=0 flush=1 br=1 j=00 rs1=7=00000000 rs2=28=0000007f a=00000000 b=0000007f alu=ffffff81 ra=80000614 count=00000000
# TRACE t=5505000 pc=80000fd0 ifid_pc=00000000 idex_pc=00000000 ifid_i=00000000 idex_v=0 exmem_v=1 mwb_v=1 stall=0 flush=0 br=0 j=00 rs1=0=00000000 rs2=0=00000000 a=00000000 b=00000000 alu=00000000 ra=80000614 count=00000000
# TRACE t=5515000 pc=80000fd4 ifid_pc=80000fd0 idex_pc=00000000 ifid_i=000ff297 idex_v=0 exmem_v=0 mwb_v=1 stall=0 flush=0 br=0 j=00 rs1=0=00000000 rs2=0=00000000 a=00000000 b=00000000 alu=00000000 ra=80000614 count=00000000
# TRACE t=5525000 pc=80000fd8 ifid_pc=80000fd4 idex_pc=80000fd0 ifid_i=03428293 idex_v=1 exmem_v=0 mwb_v=0 stall=0 flush=0 br=0 j=00 rs1=31=33333332 rs2=0=00000000 a=80000fd0 b=000ff000 alu=800fffd0 ra=80000614 count=00000000
# TRACE t=5535000 pc=80000fdc ifid_pc=80000fd8 idex_pc=80000fd4 ifid_i=0002a303 idex_v=1 exmem_v=1 mwb_v=0 stall=0 flush=0 br=0 j=00 rs1=5=800fffd0 rs2=20=00000000 a=800fffd0 b=00000034 alu=80100004 ra=80000614 count=00000000
# TRACE t=5545000 pc=80000fe0 ifid_pc=80000fdc idex_pc=80000fd8 ifid_i=00130313 idex_v=1 exmem_v=1 mwb_v=1 stall=1 flush=0 br=0 j=00 rs1=5=80100004 rs2=0=00000000 a=80100004 b=00000000 alu=80100004 ra=80000614 count=00000000
# TRACE t=5555000 pc=80000fe0 ifid_pc=80000fdc idex_pc=00000000 ifid_i=00130313 idex_v=0 exmem_v=1 mwb_v=1 stall=0 flush=0 br=0 j=00 rs1=0=00000000 rs2=0=00000000 a=00000000 b=00000000 alu=00000000 ra=80000614 count=00000000
# TRACE t=5565000 pc=80000fe4 ifid_pc=80000fe0 idex_pc=80000fdc ifid_i=0062a023 idex_v=1 exmem_v=0 mwb_v=1 stall=0 flush=0 br=0 j=00 rs1=6=00000000 rs2=1=80000614 a=00000000 b=00000001 alu=00000001 ra=80000614 count=00000000
# TRACE t=5575000 pc=80000fe8 ifid_pc=80000fe4 idex_pc=80000fe0 ifid_i=00008067 idex_v=1 exmem_v=1 mwb_v=0 stall=0 flush=0 br=0 j=00 rs1=5=80100004 rs2=6=00000001 a=80100004 b=00000000 alu=80100004 ra=80000614 count=00000000
# TRACE t=5585000 pc=80000fec ifid_pc=80000fe8 idex_pc=80000fe4 ifid_i=000ff297 idex_v=1 exmem_v=1 mwb_v=1 stall=0 flush=1 br=0 j=10 rs1=1=80000614 rs2=0=00000000 a=80000614 b=00000000 alu=80000614 ra=80000614 count=00000000
# TRACE t=5595000 pc=80000614 ifid_pc=00000000 idex_pc=00000000 ifid_i=00000000 idex_v=0 exmem_v=1 mwb_v=1 stall=0 flush=0 br=0 j=00 rs1=0=00000000 rs2=0=00000000 a=00000000 b=00000000 alu=00000000 ra=80000614 count=00000000
# TRACE t=5605000 pc=80000618 ifid_pc=80000614 idex_pc=00000000 ifid_i=1d5000ef idex_v=0 exmem_v=0 mwb_v=1 stall=0 flush=0 br=0 j=00 rs1=0=00000000 rs2=0=00000000 a=00000000 b=00000000 alu=00000000 ra=80000614 count=00000000
# TRACE t=5615000 pc=8000061c ifid_pc=80000618 idex_pc=80000614 ifid_i=059000ef idex_v=1 exmem_v=0 mwb_v=0 stall=0 flush=1 br=0 j=01 rs1=0=00000000 rs2=21=00000000 a=00000000 b=00000000 alu=00000000 ra=80000614 count=00000000
# TRACE t=5625000 pc=80000fe8 ifid_pc=00000000 idex_pc=00000000 ifid_i=00000000 idex_v=0 exmem_v=1 mwb_v=0 stall=0 flush=0 br=0 j=00 rs1=0=00000000 rs2=0=00000000 a=00000000 b=00000000 alu=00000000 ra=80000614 count=00000000
# TRACE t=5635000 pc=80000fec ifid_pc=80000fe8 idex_pc=00000000 ifid_i=000ff297 idex_v=0 exmem_v=0 mwb_v=1 stall=0 flush=0 br=0 j=00 rs1=0=00000000 rs2=0=00000000 a=00000000 b=00000000 alu=00000000 ra=80000614 count=00000000
# TRACE t=5645000 pc=80000ff0 ifid_pc=80000fec idex_pc=80000fe8 ifid_i=02028293 idex_v=1 exmem_v=0 mwb_v=0 stall=0 flush=0 br=0 j=00 rs1=31=33333332 rs2=0=00000000 a=80000fe8 b=000ff000 alu=800fffe8 ra=80000618 count=00000000
# TRACE t=5655000 pc=80000ff4 ifid_pc=80000ff0 idex_pc=80000fec ifid_i=00008337 idex_v=1 exmem_v=1 mwb_v=0 stall=0 flush=0 br=0 j=00 rs1=5=800fffe8 rs2=0=00000000 a=800fffe8 b=00000020 alu=80100008 ra=80000618 count=00000000
# TRACE t=5665000 pc=80000ff8 ifid_pc=80000ff4 idex_pc=80000ff0 ifid_i=00130313 idex_v=1 exmem_v=1 mwb_v=1 stall=0 flush=0 br=0 j=00 rs1=1=80000618 rs2=0=00000000 a=00000000 b=00008000 alu=00008000 ra=80000618 count=00000000
# TRACE t=5675000 pc=80000ffc ifid_pc=80000ff8 idex_pc=80000ff4 ifid_i=00629823 idex_v=1 exmem_v=1 mwb_v=1 stall=0 flush=0 br=0 j=00 rs1=6=00008000 rs2=1=80000618 a=00008000 b=00000001 alu=00008001 ra=80000618 count=00000000
# TRACE t=5685000 pc=80001000 ifid_pc=80000ffc idex_pc=80000ff8 ifid_i=01029383 idex_v=1 exmem_v=1 mwb_v=1 stall=0 flush=0 br=0 j=00 rs1=5=80100008 rs2=6=00008001 a=80100008 b=00000010 alu=80100018 ra=80000618 count=00000000
# TRACE t=5695000 pc=80001004 ifid_pc=80001000 idex_pc=80000ffc ifid_i=ffff8e37 idex_v=1 exmem_v=1 mwb_v=1 stall=0 flush=0 br=0 j=00 rs1=5=80100008 rs2=16=00000000 a=80100008 b=00000010 alu=80100018 ra=80000618 count=00000000
# TRACE t=5705000 pc=80001008 ifid_pc=80001004 idex_pc=80001000 ifid_i=001e0e13 idex_v=1 exmem_v=1 mwb_v=1 stall=0 flush=0 br=0 j=00 rs1=31=33333332 rs2=31=33333332 a=00000000 b=ffff8000 alu=ffff8000 ra=80000618 count=00000000
# TRACE t=5715000 pc=8000100c ifid_pc=80001008 idex_pc=80001004 ifid_i=03c39a63 idex_v=1 exmem_v=1 mwb_v=1 stall=0 flush=0 br=0 j=00 rs1=28=ffff8000 rs2=1=80000618 a=ffff8000 b=00000001 alu=ffff8001 ra=80000618 count=00000000
# TRACE t=5725000 pc=80001010 ifid_pc=8000100c idex_pc=80001008 ifid_i=10100313 idex_v=1 exmem_v=1 mwb_v=1 stall=0 flush=1 br=1 j=00 rs1=7=00000000 rs2=28=ffff8001 a=00000000 b=ffff8001 alu=00007fff ra=80000618 count=00000000
# TRACE t=5735000 pc=8000103c ifid_pc=00000000 idex_pc=00000000 ifid_i=00000000 idex_v=0 exmem_v=1 mwb_v=1 stall=0 flush=0 br=0 j=00 rs1=0=00000000 rs2=0=00000000 a=00000000 b=00000000 alu=00000000 ra=80000618 count=00000000
# TRACE t=5745000 pc=80001040 ifid_pc=8000103c idex_pc=00000000 ifid_i=000ff297 idex_v=0 exmem_v=0 mwb_v=1 stall=0 flush=0 br=0 j=00 rs1=0=00000000 rs2=0=00000000 a=00000000 b=00000000 alu=00000000 ra=80000618 count=00000000
# TRACE t=5755000 pc=80001044 ifid_pc=80001040 idex_pc=8000103c ifid_i=fc828293 idex_v=1 exmem_v=0 mwb_v=0 stall=0 flush=0 br=0 j=00 rs1=31=33333332 rs2=0=00000000 a=8000103c b=000ff000 alu=8010003c ra=80000618 count=00000000
# TRACE t=5765000 pc=80001048 ifid_pc=80001044 idex_pc=80001040 ifid_i=0002a303 idex_v=1 exmem_v=1 mwb_v=0 stall=0 flush=0 br=0 j=00 rs1=5=8010003c rs2=8=8000060c a=8010003c b=ffffffc8 alu=80100004 ra=80000618 count=00000000
# TRACE t=5775000 pc=8000104c ifid_pc=80001048 idex_pc=80001044 ifid_i=00130313 idex_v=1 exmem_v=1 mwb_v=1 stall=1 flush=0 br=0 j=00 rs1=5=80100004 rs2=0=00000000 a=80100004 b=00000000 alu=80100004 ra=80000618 count=00000000
# TRACE t=5785000 pc=8000104c ifid_pc=80001048 idex_pc=00000000 ifid_i=00130313 idex_v=0 exmem_v=1 mwb_v=1 stall=0 flush=0 br=0 j=00 rs1=0=00000000 rs2=0=00000000 a=00000000 b=00000000 alu=00000000 ra=80000618 count=00000000
# TRACE t=5795000 pc=80001050 ifid_pc=8000104c idex_pc=80001048 ifid_i=0062a023 idex_v=1 exmem_v=0 mwb_v=1 stall=0 flush=0 br=0 j=00 rs1=6=00000000 rs2=1=80000618 a=00000000 b=00000001 alu=00000001 ra=80000618 count=00000000
# TRACE t=5805000 pc=80001054 ifid_pc=80001050 idex_pc=8000104c ifid_i=00008067 idex_v=1 exmem_v=1 mwb_v=0 stall=0 flush=0 br=0 j=00 rs1=5=80100004 rs2=6=00000001 a=80100004 b=00000000 alu=80100004 ra=80000618 count=00000000
# TRACE t=5815000 pc=80001058 ifid_pc=80001054 idex_pc=80001050 ifid_i=000ff297 idex_v=1 exmem_v=1 mwb_v=1 stall=0 flush=1 br=0 j=10 rs1=1=80000618 rs2=0=00000000 a=80000618 b=00000000 alu=80000618 ra=80000618 count=00000000
# TRACE t=5825000 pc=80000618 ifid_pc=00000000 idex_pc=00000000 ifid_i=00000000 idex_v=0 exmem_v=1 mwb_v=1 stall=0 flush=0 br=0 j=00 rs1=0=00000000 rs2=0=00000000 a=00000000 b=00000000 alu=00000000 ra=80000618 count=00000000
# TRACE t=5835000 pc=8000061c ifid_pc=80000618 idex_pc=00000000 ifid_i=059000ef idex_v=0 exmem_v=0 mwb_v=1 stall=0 flush=0 br=0 j=00 rs1=0=00000000 rs2=0=00000000 a=00000000 b=00000000 alu=00000000 ra=80000618 count=00000000
# TRACE t=5845000 pc=80000620 ifid_pc=8000061c idex_pc=80000618 ifid_i=0a5000ef idex_v=1 exmem_v=0 mwb_v=0 stall=0 flush=1 br=0 j=01 rs1=0=00000000 rs2=25=00000000 a=00000000 b=00000000 alu=00000000 ra=80000618 count=00000000
# TRACE t=5855000 pc=80000e70 ifid_pc=00000000 idex_pc=00000000 ifid_i=00000000 idex_v=0 exmem_v=1 mwb_v=0 stall=0 flush=0 br=0 j=00 rs1=0=00000000 rs2=0=00000000 a=00000000 b=00000000 alu=00000000 ra=80000618 count=00000000
# TRACE t=5865000 pc=80000e74 ifid_pc=80000e70 idex_pc=00000000 ifid_i=000ff297 idex_v=0 exmem_v=0 mwb_v=1 stall=0 flush=0 br=0 j=00 rs1=0=00000000 rs2=0=00000000 a=00000000 b=00000000 alu=00000000 ra=80000618 count=00000000
# TRACE t=5875000 pc=80000e78 ifid_pc=80000e74 idex_pc=80000e70 ifid_i=19828293 idex_v=1 exmem_v=0 mwb_v=0 stall=0 flush=0 br=0 j=00 rs1=31=33333332 rs2=0=00000000 a=80000e70 b=000ff000 alu=800ffe70 ra=8000061c count=00000000
# TRACE t=5885000 pc=80000e7c ifid_pc=80000e78 idex_pc=80000e74 ifid_i=00228303 idex_v=1 exmem_v=1 mwb_v=0 stall=0 flush=0 br=0 j=00 rs1=5=800ffe70 rs2=24=00000000 a=800ffe70 b=00000198 alu=80100008 ra=8000061c count=00000000
# TRACE t=5895000 pc=80000e80 ifid_pc=80000e7c idex_pc=80000e78 ifid_i=03400393 idex_v=1 exmem_v=1 mwb_v=1 stall=0 flush=0 br=0 j=00 rs1=5=80100008 rs2=2=80108030 a=80100008 b=00000002 alu=8010000a ra=8000061c count=00000000
# TRACE t=5905000 pc=80000e84 ifid_pc=80000e80 idex_pc=80000e7c ifid_i=02731463 idex_v=1 exmem_v=1 mwb_v=1 stall=0 flush=0 br=0 j=00 rs1=0=00000000 rs2=20=00000000 a=00000000 b=00000034 alu=00000034 ra=8000061c count=00000000
# TRACE t=5915000 pc=80000e88 ifid_pc=80000e84 idex_pc=80000e80 ifid_i=00028303 idex_v=1 exmem_v=1 mwb_v=1 stall=0 flush=1 br=1 j=00 rs1=6=00000000 rs2=7=00000034 a=00000000 b=00000034 alu=ffffffcc ra=8000061c count=00000000
# TRACE t=5925000 pc=80000ea8 ifid_pc=00000000 idex_pc=00000000 ifid_i=00000000 idex_v=0 exmem_v=1 mwb_v=1 stall=0 flush=0 br=0 j=00 rs1=0=00000000 rs2=0=00000000 a=00000000 b=00000000 alu=00000000 ra=8000061c count=00000000
# TRACE t=5935000 pc=80000eac ifid_pc=80000ea8 idex_pc=00000000 ifid_i=000ff297 idex_v=0 exmem_v=0 mwb_v=1 stall=0 flush=0 br=0 j=00 rs1=0=00000000 rs2=0=00000000 a=00000000 b=00000000 alu=00000000 ra=8000061c count=00000000
# TRACE t=5945000 pc=80000eb0 ifid_pc=80000eac idex_pc=80000ea8 ifid_i=15c28293 idex_v=1 exmem_v=0 mwb_v=0 stall=0 flush=0 br=0 j=00 rs1=31=33333332 rs2=0=00000000 a=80000ea8 b=000ff000 alu=800ffea8 ra=8000061c count=00000000
# TRACE t=5955000 pc=80000eb4 ifid_pc=80000eb0 idex_pc=80000eac ifid_i=0002a303 idex_v=1 exmem_v=1 mwb_v=0 stall=0 flush=0 br=0 j=00 rs1=5=800ffea8 rs2=28=ffff8001 a=800ffea8 b=0000015c alu=80100004 ra=8000061c count=00000000
# TRACE t=5965000 pc=80000eb8 ifid_pc=80000eb4 idex_pc=80000eb0 ifid_i=00130313 idex_v=1 exmem_v=1 mwb_v=1 stall=1 flush=0 br=0 j=00 rs1=5=80100004 rs2=0=00000000 a=80100004 b=00000000 alu=80100004 ra=8000061c count=00000000
# TRACE t=5975000 pc=80000eb8 ifid_pc=80000eb4 idex_pc=00000000 ifid_i=00130313 idex_v=0 exmem_v=1 mwb_v=1 stall=0 flush=0 br=0 j=00 rs1=0=00000000 rs2=0=00000000 a=00000000 b=00000000 alu=00000000 ra=8000061c count=00000000
# TRACE t=5985000 pc=80000ebc ifid_pc=80000eb8 idex_pc=80000eb4 ifid_i=0062a023 idex_v=1 exmem_v=0 mwb_v=1 stall=0 flush=0 br=0 j=00 rs1=6=00000000 rs2=1=8000061c a=00000000 b=00000001 alu=00000001 ra=8000061c count=00000000
# TRACE t=5995000 pc=80000ec0 ifid_pc=80000ebc idex_pc=80000eb8 ifid_i=00008067 idex_v=1 exmem_v=1 mwb_v=0 stall=0 flush=0 br=0 j=00 rs1=5=80100004 rs2=6=00000001 a=80100004 b=00000000 alu=80100004 ra=8000061c count=00000000
# TRACE t=6005000 pc=80000ec4 ifid_pc=80000ec0 idex_pc=80000ebc ifid_i=000ff297 idex_v=1 exmem_v=1 mwb_v=1 stall=0 flush=1 br=0 j=10 rs1=1=8000061c rs2=0=00000000 a=8000061c b=00000000 alu=8000061c ra=8000061c count=00000000
# TRACE t=6015000 pc=8000061c ifid_pc=00000000 idex_pc=00000000 ifid_i=00000000 idex_v=0 exmem_v=1 mwb_v=1 stall=0 flush=0 br=0 j=00 rs1=0=00000000 rs2=0=00000000 a=00000000 b=00000000 alu=00000000 ra=8000061c count=00000000
# TRACE t=6025000 pc=80000620 ifid_pc=8000061c idex_pc=00000000 ifid_i=0a5000ef idex_v=0 exmem_v=0 mwb_v=1 stall=0 flush=0 br=0 j=00 rs1=0=00000000 rs2=0=00000000 a=00000000 b=00000000 alu=00000000 ra=8000061c count=00000000
# TRACE t=6035000 pc=80000624 ifid_pc=80000620 idex_pc=8000061c ifid_i=0f9000ef idex_v=1 exmem_v=0 mwb_v=0 stall=0 flush=1 br=0 j=01 rs1=0=00000000 rs2=5=80100004 a=00000000 b=80100004 alu=80100004 ra=8000061c count=00000000
# TRACE t=6045000 pc=80000ec0 ifid_pc=00000000 idex_pc=00000000 ifid_i=00000000 idex_v=0 exmem_v=1 mwb_v=0 stall=0 flush=0 br=0 j=00 rs1=0=00000000 rs2=0=00000000 a=00000000 b=00000000 alu=00000000 ra=8000061c count=00000000
# TRACE t=6055000 pc=80000ec4 ifid_pc=80000ec0 idex_pc=00000000 ifid_i=000ff297 idex_v=0 exmem_v=0 mwb_v=1 stall=0 flush=0 br=0 j=00 rs1=0=00000000 rs2=0=00000000 a=00000000 b=00000000 alu=00000000 ra=8000061c count=00000000
# TRACE t=6065000 pc=80000ec8 ifid_pc=80000ec4 idex_pc=80000ec0 ifid_i=14828293 idex_v=1 exmem_v=0 mwb_v=0 stall=0 flush=0 br=0 j=00 rs1=31=33333332 rs2=0=00000000 a=80000ec0 b=000ff000 alu=800ffec0 ra=80000620 count=00000000
# TRACE t=6075000 pc=80000ecc ifid_pc=80000ec8 idex_pc=80000ec4 ifid_i=00429303 idex_v=1 exmem_v=1 mwb_v=0 stall=0 flush=0 br=0 j=00 rs1=5=800ffec0 rs2=8=8000060c a=800ffec0 b=00000148 alu=80100008 ra=80000620 count=00000000
# TRACE t=6085000 pc=80000ed0 ifid_pc=80000ecc idex_pc=80000ec8 ifid_i=ffffb3b7 idex_v=1 exmem_v=1 mwb_v=1 stall=0 flush=0 br=0 j=00 rs1=5=80100008 rs2=4=00000000 a=80100008 b=00000004 alu=8010000c ra=80000620 count=00000000
# TRACE t=6095000 pc=80000ed4 ifid_pc=80000ed0 idex_pc=80000ecc ifid_i=bcd38393 idex_v=1 exmem_v=1 mwb_v=1 stall=0 flush=0 br=0 j=00 rs1=31=33333332 rs2=31=33333332 a=00000000 b=ffffb000 alu=ffffb000 ra=80000620 count=00000000
# TRACE t=6105000 pc=80000ed8 ifid_pc=80000ed4 idex_pc=80000ed0 ifid_i=02731663 idex_v=1 exmem_v=1 mwb_v=1 stall=0 flush=0 br=0 j=00 rs1=7=ffffb000 rs2=13=00000000 a=ffffb000 b=fffffbcd alu=ffffabcd ra=80000620 count=00000000
# TRACE t=6115000 pc=80000edc ifid_pc=80000ed8 idex_pc=80000ed4 ifid_i=00629303 idex_v=1 exmem_v=1 mwb_v=1 stall=0 flush=1 br=1 j=00 rs1=6=00000000 rs2=7=ffffabcd a=00000000 b=ffffabcd alu=00005433 ra=80000620 count=00000000
# TRACE t=6125000 pc=80000f00 ifid_pc=00000000 idex_pc=00000000 ifid_i=00000000 idex_v=0 exmem_v=1 mwb_v=1 stall=0 flush=0 br=0 j=00 rs1=0=00000000 rs2=0=00000000 a=00000000 b=00000000 alu=00000000 ra=80000620 count=00000000
# TRACE t=6135000 pc=80000f04 ifid_pc=80000f00 idex_pc=00000000 ifid_i=000ff297 idex_v=0 exmem_v=0 mwb_v=1 stall=0 flush=0 br=0 j=00 rs1=0=00000000 rs2=0=00000000 a=00000000 b=00000000 alu=00000000 ra=80000620 count=00000000
# TRACE t=6145000 pc=80000f08 ifid_pc=80000f04 idex_pc=80000f00 ifid_i=10428293 idex_v=1 exmem_v=0 mwb_v=0 stall=0 flush=0 br=0 j=00 rs1=31=33333332 rs2=0=00000000 a=80000f00 b=000ff000 alu=800fff00 ra=80000620 count=00000000
# TRACE t=6155000 pc=80000f0c ifid_pc=80000f08 idex_pc=80000f04 ifid_i=0002a303 idex_v=1 exmem_v=1 mwb_v=0 stall=0 flush=0 br=0 j=00 rs1=5=800fff00 rs2=4=00000000 a=800fff00 b=00000104 alu=80100004 ra=80000620 count=00000000
# TRACE t=6165000 pc=80000f10 ifid_pc=80000f0c idex_pc=80000f08 ifid_i=00130313 idex_v=1 exmem_v=1 mwb_v=1 stall=1 flush=0 br=0 j=00 rs1=5=80100004 rs2=0=00000000 a=80100004 b=00000000 alu=80100004 ra=80000620 count=00000000
# TRACE t=6175000 pc=80000f10 ifid_pc=80000f0c idex_pc=00000000 ifid_i=00130313 idex_v=0 exmem_v=1 mwb_v=1 stall=0 flush=0 br=0 j=00 rs1=0=00000000 rs2=0=00000000 a=00000000 b=00000000 alu=00000000 ra=80000620 count=00000000
# TRACE t=6185000 pc=80000f14 ifid_pc=80000f10 idex_pc=80000f0c ifid_i=0062a023 idex_v=1 exmem_v=0 mwb_v=1 stall=0 flush=0 br=0 j=00 rs1=6=00000000 rs2=1=80000620 a=00000000 b=00000001 alu=00000001 ra=80000620 count=00000000
# TRACE t=6195000 pc=80000f18 ifid_pc=80000f14 idex_pc=80000f10 ifid_i=00008067 idex_v=1 exmem_v=1 mwb_v=0 stall=0 flush=0 br=0 j=00 rs1=5=80100004 rs2=6=00000001 a=80100004 b=00000000 alu=80100004 ra=80000620 count=00000000
# TRACE t=6205000 pc=80000f1c ifid_pc=80000f18 idex_pc=80000f14 ifid_i=000ff297 idex_v=1 exmem_v=1 mwb_v=1 stall=0 flush=1 br=0 j=10 rs1=1=80000620 rs2=0=00000000 a=80000620 b=00000000 alu=80000620 ra=80000620 count=00000000
# TRACE t=6215000 pc=80000620 ifid_pc=00000000 idex_pc=00000000 ifid_i=00000000 idex_v=0 exmem_v=1 mwb_v=1 stall=0 flush=0 br=0 j=00 rs1=0=00000000 rs2=0=00000000 a=00000000 b=00000000 alu=00000000 ra=80000620 count=00000000
# TRACE t=6225000 pc=80000624 ifid_pc=80000620 idex_pc=00000000 ifid_i=0f9000ef idex_v=0 exmem_v=0 mwb_v=1 stall=0 flush=0 br=0 j=00 rs1=0=00000000 rs2=0=00000000 a=00000000 b=00000000 alu=00000000 ra=80000620 count=00000000
# TRACE t=6235000 pc=80000628 ifid_pc=80000624 idex_pc=80000620 ifid_i=231000ef idex_v=1 exmem_v=0 mwb_v=0 stall=0 flush=1 br=0 j=01 rs1=0=00000000 rs2=25=00000000 a=00000000 b=00000000 alu=00000000 ra=80000620 count=00000000
# TRACE t=6245000 pc=80000f18 ifid_pc=00000000 idex_pc=00000000 ifid_i=00000000 idex_v=0 exmem_v=1 mwb_v=0 stall=0 flush=0 br=0 j=00 rs1=0=00000000 rs2=0=00000000 a=00000000 b=00000000 alu=00000000 ra=80000620 count=00000000
# TRACE t=6255000 pc=80000f1c ifid_pc=80000f18 idex_pc=00000000 ifid_i=000ff297 idex_v=0 exmem_v=0 mwb_v=1 stall=0 flush=0 br=0 j=00 rs1=0=00000000 rs2=0=00000000 a=00000000 b=00000000 alu=00000000 ra=80000620 count=00000000
# TRACE t=6265000 pc=80000f20 ifid_pc=80000f1c idex_pc=80000f18 ifid_i=0f028293 idex_v=1 exmem_v=0 mwb_v=0 stall=0 flush=0 br=0 j=00 rs1=31=33333332 rs2=0=00000000 a=80000f18 b=000ff000 alu=800fff18 ra=80000624 count=00000000
# TRACE t=6275000 pc=80000f24 ifid_pc=80000f20 idex_pc=80000f1c ifid_i=0082a303 idex_v=1 exmem_v=1 mwb_v=0 stall=0 flush=0 br=0 j=00 rs1=5=800fff18 rs2=16=00000000 a=800fff18 b=000000f0 alu=80100008 ra=80000624 count=00000000
# TRACE t=6285000 pc=80000f28 ifid_pc=80000f24 idex_pc=80000f20 ifid_i=556673b7 idex_v=1 exmem_v=1 mwb_v=1 stall=0 flush=0 br=0 j=00 rs1=5=80100008 rs2=8=8000060c a=80100008 b=00000008 alu=80100010 ra=80000624 count=00000000
# TRACE t=6295000 pc=80000f2c ifid_pc=80000f28 idex_pc=80000f24 ifid_i=78838393 idex_v=1 exmem_v=1 mwb_v=1 stall=0 flush=0 br=0 j=00 rs1=12=00000000 rs2=22=00000000 a=00000000 b=55667000 alu=55667000 ra=80000624 count=00000000
# TRACE t=6305000 pc=80000f30 ifid_pc=80000f2c idex_pc=80000f28 ifid_i=00731e63 idex_v=1 exmem_v=1 mwb_v=1 stall=0 flush=0 br=0 j=00 rs1=7=55667000 rs2=8=8000060c a=55667000 b=00000788 alu=55667788 ra=80000624 count=00000000
# TRACE t=6315000 pc=80000f34 ifid_pc=80000f30 idex_pc=80000f2c ifid_i=000ff297 idex_v=1 exmem_v=1 mwb_v=1 stall=0 flush=1 br=1 j=00 rs1=6=00000000 rs2=7=55667788 a=00000000 b=55667788 alu=aa998878 ra=80000624 count=00000000
# TRACE t=6325000 pc=80000f48 ifid_pc=00000000 idex_pc=00000000 ifid_i=00000000 idex_v=0 exmem_v=1 mwb_v=1 stall=0 flush=0 br=0 j=00 rs1=0=00000000 rs2=0=00000000 a=00000000 b=00000000 alu=00000000 ra=80000624 count=00000000
# TRACE t=6335000 pc=80000f4c ifid_pc=80000f48 idex_pc=00000000 ifid_i=000ff297 idex_v=0 exmem_v=0 mwb_v=1 stall=0 flush=0 br=0 j=00 rs1=0=00000000 rs2=0=00000000 a=00000000 b=00000000 alu=00000000 ra=80000624 count=00000000
# TRACE t=6345000 pc=80000f50 ifid_pc=80000f4c idex_pc=80000f48 ifid_i=0bc28293 idex_v=1 exmem_v=0 mwb_v=0 stall=0 flush=0 br=0 j=00 rs1=31=33333332 rs2=0=00000000 a=80000f48 b=000ff000 alu=800fff48 ra=80000624 count=00000000
# TRACE t=6355000 pc=80000f54 ifid_pc=80000f50 idex_pc=80000f4c ifid_i=0002a303 idex_v=1 exmem_v=1 mwb_v=0 stall=0 flush=0 br=0 j=00 rs1=5=800fff48 rs2=28=ffff8001 a=800fff48 b=000000bc alu=80100004 ra=80000624 count=00000000
# TRACE t=6365000 pc=80000f58 ifid_pc=80000f54 idex_pc=80000f50 ifid_i=00130313 idex_v=1 exmem_v=1 mwb_v=1 stall=1 flush=0 br=0 j=00 rs1=5=80100004 rs2=0=00000000 a=80100004 b=00000000 alu=80100004 ra=80000624 count=00000000
# TRACE t=6375000 pc=80000f58 ifid_pc=80000f54 idex_pc=00000000 ifid_i=00130313 idex_v=0 exmem_v=1 mwb_v=1 stall=0 flush=0 br=0 j=00 rs1=0=00000000 rs2=0=00000000 a=00000000 b=00000000 alu=00000000 ra=80000624 count=00000000
# TRACE t=6385000 pc=80000f5c ifid_pc=80000f58 idex_pc=80000f54 ifid_i=0062a023 idex_v=1 exmem_v=0 mwb_v=1 stall=0 flush=0 br=0 j=00 rs1=6=00000000 rs2=1=80000624 a=00000000 b=00000001 alu=00000001 ra=80000624 count=00000000
# TRACE t=6395000 pc=80000f60 ifid_pc=80000f5c idex_pc=80000f58 ifid_i=00008067 idex_v=1 exmem_v=1 mwb_v=0 stall=0 flush=0 br=0 j=00 rs1=5=80100004 rs2=6=00000001 a=80100004 b=00000000 alu=80100004 ra=80000624 count=00000000
# TRACE t=6405000 pc=80000f64 ifid_pc=80000f60 idex_pc=80000f5c ifid_i=000ff297 idex_v=1 exmem_v=1 mwb_v=1 stall=0 flush=1 br=0 j=10 rs1=1=80000624 rs2=0=00000000 a=80000624 b=00000000 alu=80000624 ra=80000624 count=00000000
# TRACE t=6415000 pc=80000624 ifid_pc=00000000 idex_pc=00000000 ifid_i=00000000 idex_v=0 exmem_v=1 mwb_v=1 stall=0 flush=0 br=0 j=00 rs1=0=00000000 rs2=0=00000000 a=00000000 b=00000000 alu=00000000 ra=80000624 count=00000000
# TRACE t=6425000 pc=80000628 ifid_pc=80000624 idex_pc=00000000 ifid_i=231000ef idex_v=0 exmem_v=0 mwb_v=1 stall=0 flush=0 br=0 j=00 rs1=0=00000000 rs2=0=00000000 a=00000000 b=00000000 alu=00000000 ra=80000624 count=00000000
# TRACE t=6435000 pc=8000062c ifid_pc=80000628 idex_pc=80000624 ifid_i=27d000ef idex_v=1 exmem_v=0 mwb_v=0 stall=0 flush=1 br=0 j=01 rs1=0=00000000 rs2=17=00000000 a=00000000 b=00000000 alu=00000000 ra=80000624 count=00000000
# TRACE t=6445000 pc=80001054 ifid_pc=00000000 idex_pc=00000000 ifid_i=00000000 idex_v=0 exmem_v=1 mwb_v=0 stall=0 flush=0 br=0 j=00 rs1=0=00000000 rs2=0=00000000 a=00000000 b=00000000 alu=00000000 ra=80000624 count=00000000
# TRACE t=6455000 pc=80001058 ifid_pc=80001054 idex_pc=00000000 ifid_i=000ff297 idex_v=0 exmem_v=0 mwb_v=1 stall=0 flush=0 br=0 j=00 rs1=0=00000000 rs2=0=00000000 a=00000000 b=00000000 alu=00000000 ra=80000624 count=00000000
# TRACE t=6465000 pc=8000105c ifid_pc=80001058 idex_pc=80001054 ifid_i=fb428293 idex_v=1 exmem_v=0 mwb_v=0 stall=0 flush=0 br=0 j=00 rs1=31=33333332 rs2=0=00000000 a=80001054 b=000ff000 alu=80100054 ra=80000628 count=00000000
# TRACE t=6475000 pc=80001060 ifid_pc=8000105c idex_pc=80001058 ifid_i=0142c303 idex_v=1 exmem_v=1 mwb_v=0 stall=0 flush=0 br=0 j=00 rs1=5=80100054 rs2=20=00000000 a=80100054 b=ffffffb4 alu=80100008 ra=80000628 count=00000000
# TRACE t=6485000 pc=80001064 ifid_pc=80001060 idex_pc=8000105c ifid_i=0ff00393 idex_v=1 exmem_v=1 mwb_v=1 stall=0 flush=0 br=0 j=00 rs1=5=80100008 rs2=20=00000000 a=80100008 b=00000014 alu=8010001c ra=80000628 count=00000000
# TRACE t=6495000 pc=80001068 ifid_pc=80001064 idex_pc=80001060 ifid_i=02731463 idex_v=1 exmem_v=1 mwb_v=1 stall=0 flush=0 br=0 j=00 rs1=0=00000000 rs2=31=33333332 a=00000000 b=000000ff alu=000000ff ra=80000628 count=00000000
# TRACE t=6505000 pc=8000106c ifid_pc=80001068 idex_pc=80001064 ifid_i=0152c303 idex_v=1 exmem_v=1 mwb_v=1 stall=0 flush=1 br=1 j=00 rs1=6=00000000 rs2=7=000000ff a=00000000 b=000000ff alu=ffffff01 ra=80000628 count=00000000
# TRACE t=6515000 pc=8000108c ifid_pc=00000000 idex_pc=00000000 ifid_i=00000000 idex_v=0 exmem_v=1 mwb_v=1 stall=0 flush=0 br=0 j=00 rs1=0=00000000 rs2=0=00000000 a=00000000 b=00000000 alu=00000000 ra=80000628 count=00000000
# TRACE t=6525000 pc=80001090 ifid_pc=8000108c idex_pc=00000000 ifid_i=000ff297 idex_v=0 exmem_v=0 mwb_v=1 stall=0 flush=0 br=0 j=00 rs1=0=00000000 rs2=0=00000000 a=00000000 b=00000000 alu=00000000 ra=80000628 count=00000000
# TRACE t=6535000 pc=80001094 ifid_pc=80001090 idex_pc=8000108c ifid_i=f7828293 idex_v=1 exmem_v=0 mwb_v=0 stall=0 flush=0 br=0 j=00 rs1=31=33333332 rs2=0=00000000 a=8000108c b=000ff000 alu=8010008c ra=80000628 count=00000000
# TRACE t=6545000 pc=80001098 ifid_pc=80001094 idex_pc=80001090 ifid_i=0002a303 idex_v=1 exmem_v=1 mwb_v=0 stall=0 flush=0 br=0 j=00 rs1=5=8010008c rs2=24=00000000 a=8010008c b=ffffff78 alu=80100004 ra=80000628 count=00000000
# TRACE t=6555000 pc=8000109c ifid_pc=80001098 idex_pc=80001094 ifid_i=00130313 idex_v=1 exmem_v=1 mwb_v=1 stall=1 flush=0 br=0 j=00 rs1=5=80100004 rs2=0=00000000 a=80100004 b=00000000 alu=80100004 ra=80000628 count=00000000
# TRACE t=6565000 pc=8000109c ifid_pc=80001098 idex_pc=00000000 ifid_i=00130313 idex_v=0 exmem_v=1 mwb_v=1 stall=0 flush=0 br=0 j=00 rs1=0=00000000 rs2=0=00000000 a=00000000 b=00000000 alu=00000000 ra=80000628 count=00000000
# TRACE t=6575000 pc=800010a0 ifid_pc=8000109c idex_pc=80001098 ifid_i=0062a023 idex_v=1 exmem_v=0 mwb_v=1 stall=0 flush=0 br=0 j=00 rs1=6=00000000 rs2=1=80000628 a=00000000 b=00000001 alu=00000001 ra=80000628 count=00000000
# TRACE t=6585000 pc=800010a4 ifid_pc=800010a0 idex_pc=8000109c ifid_i=00008067 idex_v=1 exmem_v=1 mwb_v=0 stall=0 flush=0 br=0 j=00 rs1=5=80100004 rs2=6=00000001 a=80100004 b=00000000 alu=80100004 ra=80000628 count=00000000
# TRACE t=6595000 pc=800010a8 ifid_pc=800010a4 idex_pc=800010a0 ifid_i=000ff297 idex_v=1 exmem_v=1 mwb_v=1 stall=0 flush=1 br=0 j=10 rs1=1=80000628 rs2=0=00000000 a=80000628 b=00000000 alu=80000628 ra=80000628 count=00000000
# TRACE t=6605000 pc=80000628 ifid_pc=00000000 idex_pc=00000000 ifid_i=00000000 idex_v=0 exmem_v=1 mwb_v=1 stall=0 flush=0 br=0 j=00 rs1=0=00000000 rs2=0=00000000 a=00000000 b=00000000 alu=00000000 ra=80000628 count=00000000
# TRACE t=6615000 pc=8000062c ifid_pc=80000628 idex_pc=00000000 ifid_i=27d000ef idex_v=0 exmem_v=0 mwb_v=1 stall=0 flush=0 br=0 j=00 rs1=0=00000000 rs2=0=00000000 a=00000000 b=00000000 alu=00000000 ra=80000628 count=00000000
# TRACE t=6625000 pc=80000630 ifid_pc=8000062c idex_pc=80000628 ifid_i=2cd000ef idex_v=1 exmem_v=0 mwb_v=0 stall=0 flush=1 br=0 j=01 rs1=0=00000000 rs2=29=99999999 a=00000000 b=99999999 alu=99999999 ra=80000628 count=00000000
# TRACE t=6635000 pc=800010a4 ifid_pc=00000000 idex_pc=00000000 ifid_i=00000000 idex_v=0 exmem_v=1 mwb_v=0 stall=0 flush=0 br=0 j=00 rs1=0=00000000 rs2=0=00000000 a=00000000 b=00000000 alu=00000000 ra=80000628 count=00000000
# TRACE t=6645000 pc=800010a8 ifid_pc=800010a4 idex_pc=00000000 ifid_i=000ff297 idex_v=0 exmem_v=0 mwb_v=1 stall=0 flush=0 br=0 j=00 rs1=0=00000000 rs2=0=00000000 a=00000000 b=00000000 alu=00000000 ra=80000628 count=00000000
# TRACE t=6655000 pc=800010ac ifid_pc=800010a8 idex_pc=800010a4 ifid_i=f6428293 idex_v=1 exmem_v=0 mwb_v=0 stall=0 flush=0 br=0 j=00 rs1=31=33333332 rs2=0=00000000 a=800010a4 b=000ff000 alu=801000a4 ra=8000062c count=00000000
# TRACE t=6665000 pc=800010b0 ifid_pc=800010ac idex_pc=800010a8 ifid_i=0142d303 idex_v=1 exmem_v=1 mwb_v=0 stall=0 flush=0 br=0 j=00 rs1=5=801000a4 rs2=4=00000000 a=801000a4 b=ffffff64 alu=80100008 ra=8000062c count=00000000
# TRACE t=6675000 pc=800010b4 ifid_pc=800010b0 idex_pc=800010ac ifid_i=0ff00393 idex_v=1 exmem_v=1 mwb_v=1 stall=0 flush=0 br=0 j=00 rs1=5=80100008 rs2=20=00000000 a=80100008 b=00000014 alu=8010001c ra=8000062c count=00000000
# TRACE t=6685000 pc=800010b8 ifid_pc=800010b4 idex_pc=800010b0 ifid_i=02731663 idex_v=1 exmem_v=1 mwb_v=1 stall=0 flush=0 br=0 j=00 rs1=0=00000000 rs2=31=33333332 a=00000000 b=000000ff alu=000000ff ra=8000062c count=00000000
# TRACE t=6695000 pc=800010bc ifid_pc=800010b8 idex_pc=800010b4 ifid_i=0162d303 idex_v=1 exmem_v=1 mwb_v=1 stall=0 flush=1 br=1 j=00 rs1=6=00000000 rs2=7=000000ff a=00000000 b=000000ff alu=ffffff01 ra=8000062c count=00000000
# TRACE t=6705000 pc=800010e0 ifid_pc=00000000 idex_pc=00000000 ifid_i=00000000 idex_v=0 exmem_v=1 mwb_v=1 stall=0 flush=0 br=0 j=00 rs1=0=00000000 rs2=0=00000000 a=00000000 b=00000000 alu=00000000 ra=8000062c count=00000000
# TRACE t=6715000 pc=800010e4 ifid_pc=800010e0 idex_pc=00000000 ifid_i=000ff297 idex_v=0 exmem_v=0 mwb_v=1 stall=0 flush=0 br=0 j=00 rs1=0=00000000 rs2=0=00000000 a=00000000 b=00000000 alu=00000000 ra=8000062c count=00000000
# TRACE t=6725000 pc=800010e8 ifid_pc=800010e4 idex_pc=800010e0 ifid_i=f2428293 idex_v=1 exmem_v=0 mwb_v=0 stall=0 flush=0 br=0 j=00 rs1=31=33333332 rs2=0=00000000 a=800010e0 b=000ff000 alu=801000e0 ra=8000062c count=00000000
# TRACE t=6735000 pc=800010ec ifid_pc=800010e8 idex_pc=800010e4 ifid_i=0002a303 idex_v=1 exmem_v=1 mwb_v=0 stall=0 flush=0 br=0 j=00 rs1=5=801000e0 rs2=4=00000000 a=801000e0 b=ffffff24 alu=80100004 ra=8000062c count=00000000
# TRACE t=6745000 pc=800010f0 ifid_pc=800010ec idex_pc=800010e8 ifid_i=00130313 idex_v=1 exmem_v=1 mwb_v=1 stall=1 flush=0 br=0 j=00 rs1=5=80100004 rs2=0=00000000 a=80100004 b=00000000 alu=80100004 ra=8000062c count=00000000
# TRACE t=6755000 pc=800010f0 ifid_pc=800010ec idex_pc=00000000 ifid_i=00130313 idex_v=0 exmem_v=1 mwb_v=1 stall=0 flush=0 br=0 j=00 rs1=0=00000000 rs2=0=00000000 a=00000000 b=00000000 alu=00000000 ra=8000062c count=00000000
# TRACE t=6765000 pc=800010f4 ifid_pc=800010f0 idex_pc=800010ec ifid_i=0062a023 idex_v=1 exmem_v=0 mwb_v=1 stall=0 flush=0 br=0 j=00 rs1=6=00000000 rs2=1=8000062c a=00000000 b=00000001 alu=00000001 ra=8000062c count=00000000
# TRACE t=6775000 pc=800010f8 ifid_pc=800010f4 idex_pc=800010f0 ifid_i=00008067 idex_v=1 exmem_v=1 mwb_v=0 stall=0 flush=0 br=0 j=00 rs1=5=80100004 rs2=6=00000001 a=80100004 b=00000000 alu=80100004 ra=8000062c count=00000000
# TRACE t=6785000 pc=800010fc ifid_pc=800010f8 idex_pc=800010f4 ifid_i=00500293 idex_v=1 exmem_v=1 mwb_v=1 stall=0 flush=1 br=0 j=10 rs1=1=8000062c rs2=0=00000000 a=8000062c b=00000000 alu=8000062c ra=8000062c count=00000000
# TRACE t=6795000 pc=8000062c ifid_pc=00000000 idex_pc=00000000 ifid_i=00000000 idex_v=0 exmem_v=1 mwb_v=1 stall=0 flush=0 br=0 j=00 rs1=0=00000000 rs2=0=00000000 a=00000000 b=00000000 alu=00000000 ra=8000062c count=00000000
# TRACE t=6805000 pc=80000630 ifid_pc=8000062c idex_pc=00000000 ifid_i=2cd000ef idex_v=0 exmem_v=0 mwb_v=1 stall=0 flush=0 br=0 j=00 rs1=0=00000000 rs2=0=00000000 a=00000000 b=00000000 alu=00000000 ra=8000062c count=00000000
# TRACE t=6815000 pc=80000634 ifid_pc=80000630 idex_pc=8000062c ifid_i=315000ef idex_v=1 exmem_v=0 mwb_v=0 stall=0 flush=1 br=0 j=01 rs1=0=00000000 rs2=13=00000000 a=00000000 b=00000000 alu=00000000 ra=8000062c count=00000000
# TRACE t=6825000 pc=800010f8 ifid_pc=00000000 idex_pc=00000000 ifid_i=00000000 idex_v=0 exmem_v=1 mwb_v=0 stall=0 flush=0 br=0 j=00 rs1=0=00000000 rs2=0=00000000 a=00000000 b=00000000 alu=00000000 ra=8000062c count=00000000
# TRACE t=6835000 pc=800010fc ifid_pc=800010f8 idex_pc=00000000 ifid_i=00500293 idex_v=0 exmem_v=0 mwb_v=1 stall=0 flush=0 br=0 j=00 rs1=0=00000000 rs2=0=00000000 a=00000000 b=00000000 alu=00000000 ra=8000062c count=00000000
# TRACE t=6845000 pc=80001100 ifid_pc=800010fc idex_pc=800010f8 ifid_i=00500313 idex_v=1 exmem_v=0 mwb_v=0 stall=0 flush=0 br=0 j=00 rs1=0=00000000 rs2=5=80100004 a=00000000 b=00000005 alu=00000005 ra=80000630 count=00000000
# TRACE t=6855000 pc=80001104 ifid_pc=80001100 idex_pc=800010fc ifid_i=00628463 idex_v=1 exmem_v=1 mwb_v=0 stall=0 flush=0 br=0 j=00 rs1=0=00000000 rs2=5=00000005 a=00000000 b=00000005 alu=00000005 ra=80000630 count=00000000
# TRACE t=6865000 pc=80001108 ifid_pc=80001104 idex_pc=80001100 ifid_i=0280006f idex_v=1 exmem_v=1 mwb_v=1 stall=0 flush=1 br=1 j=00 rs1=5=00000005 rs2=6=00000005 a=00000005 b=00000005 alu=00000000 ra=80000630 count=00000000
# TRACE t=6875000 pc=80001108 ifid_pc=00000000 idex_pc=00000000 ifid_i=00000000 idex_v=0 exmem_v=1 mwb_v=1 stall=0 flush=0 br=0 j=00 rs1=0=00000000 rs2=0=00000000 a=00000000 b=00000000 alu=00000000 ra=80000630 count=00000000
# TRACE t=6885000 pc=8000110c ifid_pc=80001108 idex_pc=00000000 ifid_i=00100293 idex_v=0 exmem_v=0 mwb_v=1 stall=0 flush=0 br=0 j=00 rs1=0=00000000 rs2=0=00000000 a=00000000 b=00000000 alu=00000000 ra=80000630 count=00000000
# TRACE t=6895000 pc=80001110 ifid_pc=8000110c idex_pc=80001108 ifid_i=00200313 idex_v=1 exmem_v=0 mwb_v=0 stall=0 flush=0 br=0 j=00 rs1=0=00000000 rs2=1=80000630 a=00000000 b=00000001 alu=00000001 ra=80000630 count=00000000
# TRACE t=6905000 pc=80001114 ifid_pc=80001110 idex_pc=8000110c ifid_i=00628e63 idex_v=1 exmem_v=1 mwb_v=0 stall=0 flush=0 br=0 j=00 rs1=0=00000000 rs2=2=80108030 a=00000000 b=00000002 alu=00000002 ra=80000630 count=00000000
# TRACE t=6915000 pc=80001118 ifid_pc=80001114 idex_pc=80001110 ifid_i=000ff297 idex_v=1 exmem_v=1 mwb_v=1 stall=0 flush=0 br=1 j=00 rs1=5=00000001 rs2=6=00000002 a=00000001 b=00000002 alu=ffffffff ra=80000630 count=00000000
# TRACE t=6925000 pc=8000111c ifid_pc=80001118 idex_pc=80001114 ifid_i=eec28293 idex_v=1 exmem_v=1 mwb_v=1 stall=0 flush=0 br=0 j=00 rs1=31=33333332 rs2=0=00000000 a=80001114 b=000ff000 alu=80100114 ra=80000630 count=00000000
# TRACE t=6935000 pc=80001120 ifid_pc=8000111c idex_pc=80001118 ifid_i=0002a303 idex_v=1 exmem_v=1 mwb_v=1 stall=0 flush=0 br=0 j=00 rs1=5=80100114 rs2=12=00000000 a=80100114 b=fffffeec alu=80100000 ra=80000630 count=00000000
# TRACE t=6945000 pc=80001124 ifid_pc=80001120 idex_pc=8000111c ifid_i=00130313 idex_v=1 exmem_v=1 mwb_v=1 stall=1 flush=0 br=0 j=00 rs1=5=80100000 rs2=0=00000000 a=80100000 b=00000000 alu=80100000 ra=80000630 count=00000000
# TRACE t=6955000 pc=80001124 ifid_pc=80001120 idex_pc=00000000 ifid_i=00130313 idex_v=0 exmem_v=1 mwb_v=1 stall=0 flush=0 br=0 j=00 rs1=0=00000000 rs2=0=00000000 a=00000000 b=00000000 alu=00000000 ra=80000630 count=00000000
# TRACE t=6965000 pc=80001128 ifid_pc=80001124 idex_pc=80001120 ifid_i=0062a023 idex_v=1 exmem_v=0 mwb_v=1 stall=0 flush=0 br=0 j=00 rs1=6=00000000 rs2=1=80000630 a=00000000 b=00000001 alu=00000001 ra=80000630 count=00000000
# TRACE t=6975000 pc=8000112c ifid_pc=80001128 idex_pc=80001124 ifid_i=00008067 idex_v=1 exmem_v=1 mwb_v=0 stall=0 flush=0 br=0 j=00 rs1=5=80100000 rs2=6=00000001 a=80100000 b=00000000 alu=80100000 ra=80000630 count=00000000
# TRACE t=6985000 pc=80001130 ifid_pc=8000112c idex_pc=80001128 ifid_i=000ff297 idex_v=1 exmem_v=1 mwb_v=1 stall=0 flush=1 br=0 j=10 rs1=1=80000630 rs2=0=00000000 a=80000630 b=00000000 alu=80000630 ra=80000630 count=00000000
# COUNT t=6985000 data=00000001
# TRACE t=6995000 pc=80000630 ifid_pc=00000000 idex_pc=00000000 ifid_i=00000000 idex_v=0 exmem_v=1 mwb_v=1 stall=0 flush=0 br=0 j=00 rs1=0=00000000 rs2=0=00000000 a=00000000 b=00000000 alu=00000000 ra=80000630 count=00000000
# TRACE t=7005000 pc=80000634 ifid_pc=80000630 idex_pc=00000000 ifid_i=315000ef idex_v=0 exmem_v=0 mwb_v=1 stall=0 flush=0 br=0 j=00 rs1=0=00000000 rs2=0=00000000 a=00000000 b=00000000 alu=00000000 ra=80000630 count=00000000
# TRACE t=7015000 pc=80000638 ifid_pc=80000634 idex_pc=80000630 ifid_i=35d000ef idex_v=1 exmem_v=0 mwb_v=0 stall=0 flush=1 br=0 j=01 rs1=0=00000000 rs2=21=00000000 a=00000000 b=00000000 alu=00000000 ra=80000630 count=00000000
# TRACE t=7025000 pc=80001144 ifid_pc=00000000 idex_pc=00000000 ifid_i=00000000 idex_v=0 exmem_v=1 mwb_v=0 stall=0 flush=0 br=0 j=00 rs1=0=00000000 rs2=0=00000000 a=00000000 b=00000000 alu=00000000 ra=80000630 count=00000000
# TRACE t=7035000 pc=80001148 ifid_pc=80001144 idex_pc=00000000 ifid_i=00100293 idex_v=0 exmem_v=0 mwb_v=1 stall=0 flush=0 br=0 j=00 rs1=0=00000000 rs2=0=00000000 a=00000000 b=00000000 alu=00000000 ra=80000630 count=00000000
# TRACE t=7045000 pc=8000114c ifid_pc=80001148 idex_pc=80001144 ifid_i=00200313 idex_v=1 exmem_v=0 mwb_v=0 stall=0 flush=0 br=0 j=00 rs1=0=00000000 rs2=1=80000634 a=00000000 b=00000001 alu=00000001 ra=80000634 count=00000000
# TRACE t=7055000 pc=80001150 ifid_pc=8000114c idex_pc=80001148 ifid_i=00629463 idex_v=1 exmem_v=1 mwb_v=0 stall=0 flush=0 br=0 j=00 rs1=0=00000000 rs2=2=80108030 a=00000000 b=00000002 alu=00000002 ra=80000634 count=00000000
# TRACE t=7065000 pc=80001154 ifid_pc=80001150 idex_pc=8000114c ifid_i=0280006f idex_v=1 exmem_v=1 mwb_v=1 stall=0 flush=1 br=1 j=00 rs1=5=00000001 rs2=6=00000002 a=00000001 b=00000002 alu=ffffffff ra=80000634 count=00000000
# TRACE t=7075000 pc=80001154 ifid_pc=00000000 idex_pc=00000000 ifid_i=00000000 idex_v=0 exmem_v=1 mwb_v=1 stall=0 flush=0 br=0 j=00 rs1=0=00000000 rs2=0=00000000 a=00000000 b=00000000 alu=00000000 ra=80000634 count=00000000
# TRACE t=7085000 pc=80001158 ifid_pc=80001154 idex_pc=00000000 ifid_i=00500293 idex_v=0 exmem_v=0 mwb_v=1 stall=0 flush=0 br=0 j=00 rs1=0=00000000 rs2=0=00000000 a=00000000 b=00000000 alu=00000000 ra=80000634 count=00000000
# TRACE t=7095000 pc=8000115c ifid_pc=80001158 idex_pc=80001154 ifid_i=00500313 idex_v=1 exmem_v=0 mwb_v=0 stall=0 flush=0 br=0 j=00 rs1=0=00000000 rs2=5=00000001 a=00000000 b=00000005 alu=00000005 ra=80000634 count=00000000
# TRACE t=7105000 pc=80001160 ifid_pc=8000115c idex_pc=80001158 ifid_i=00629e63 idex_v=1 exmem_v=1 mwb_v=0 stall=0 flush=0 br=0 j=00 rs1=0=00000000 rs2=5=00000005 a=00000000 b=00000005 alu=00000005 ra=80000634 count=00000000
# TRACE t=7115000 pc=80001164 ifid_pc=80001160 idex_pc=8000115c ifid_i=000ff297 idex_v=1 exmem_v=1 mwb_v=1 stall=0 flush=0 br=1 j=00 rs1=5=00000005 rs2=6=00000005 a=00000005 b=00000005 alu=00000000 ra=80000634 count=00000000
# TRACE t=7125000 pc=80001168 ifid_pc=80001164 idex_pc=80001160 ifid_i=ea028293 idex_v=1 exmem_v=1 mwb_v=1 stall=0 flush=0 br=0 j=00 rs1=31=33333332 rs2=0=00000000 a=80001160 b=000ff000 alu=80100160 ra=80000634 count=00000000
# TRACE t=7135000 pc=8000116c ifid_pc=80001168 idex_pc=80001164 ifid_i=0002a303 idex_v=1 exmem_v=1 mwb_v=1 stall=0 flush=0 br=0 j=00 rs1=5=80100160 rs2=0=00000000 a=80100160 b=fffffea0 alu=80100000 ra=80000634 count=00000000
# TRACE t=7145000 pc=80001170 ifid_pc=8000116c idex_pc=80001168 ifid_i=00130313 idex_v=1 exmem_v=1 mwb_v=1 stall=1 flush=0 br=0 j=00 rs1=5=80100000 rs2=0=00000000 a=80100000 b=00000000 alu=80100000 ra=80000634 count=00000000
# TRACE t=7155000 pc=80001170 ifid_pc=8000116c idex_pc=00000000 ifid_i=00130313 idex_v=0 exmem_v=1 mwb_v=1 stall=0 flush=0 br=0 j=00 rs1=0=00000000 rs2=0=00000000 a=00000000 b=00000000 alu=00000000 ra=80000634 count=00000000
# TRACE t=7165000 pc=80001174 ifid_pc=80001170 idex_pc=8000116c ifid_i=0062a023 idex_v=1 exmem_v=0 mwb_v=1 stall=0 flush=0 br=0 j=00 rs1=6=00000000 rs2=1=80000634 a=00000000 b=00000001 alu=00000001 ra=80000634 count=00000000
# TRACE t=7175000 pc=80001178 ifid_pc=80001174 idex_pc=80001170 ifid_i=00008067 idex_v=1 exmem_v=1 mwb_v=0 stall=0 flush=0 br=0 j=00 rs1=5=80100000 rs2=6=00000001 a=80100000 b=00000000 alu=80100000 ra=80000634 count=00000000
# TRACE t=7185000 pc=8000117c ifid_pc=80001178 idex_pc=80001174 ifid_i=000ff297 idex_v=1 exmem_v=1 mwb_v=1 stall=0 flush=1 br=0 j=10 rs1=1=80000634 rs2=0=00000000 a=80000634 b=00000000 alu=80000634 ra=80000634 count=00000000
# COUNT t=7185000 data=00000001
# TRACE t=7195000 pc=80000634 ifid_pc=00000000 idex_pc=00000000 ifid_i=00000000 idex_v=0 exmem_v=1 mwb_v=1 stall=0 flush=0 br=0 j=00 rs1=0=00000000 rs2=0=00000000 a=00000000 b=00000000 alu=00000000 ra=80000634 count=00000000
# TRACE t=7205000 pc=80000638 ifid_pc=80000634 idex_pc=00000000 ifid_i=35d000ef idex_v=0 exmem_v=0 mwb_v=1 stall=0 flush=0 br=0 j=00 rs1=0=00000000 rs2=0=00000000 a=00000000 b=00000000 alu=00000000 ra=80000634 count=00000000
# TRACE t=7215000 pc=8000063c ifid_pc=80000638 idex_pc=80000634 ifid_i=3a5000ef idex_v=1 exmem_v=0 mwb_v=0 stall=0 flush=1 br=0 j=01 rs1=0=00000000 rs2=29=99999999 a=00000000 b=99999999 alu=99999999 ra=80000634 count=00000000
# TRACE t=7225000 pc=80001190 ifid_pc=00000000 idex_pc=00000000 ifid_i=00000000 idex_v=0 exmem_v=1 mwb_v=0 stall=0 flush=0 br=0 j=00 rs1=0=00000000 rs2=0=00000000 a=00000000 b=00000000 alu=00000000 ra=80000634 count=00000000
# TRACE t=7235000 pc=80001194 ifid_pc=80001190 idex_pc=00000000 ifid_i=fff00293 idex_v=0 exmem_v=0 mwb_v=1 stall=0 flush=0 br=0 j=00 rs1=0=00000000 rs2=0=00000000 a=00000000 b=00000000 alu=00000000 ra=80000634 count=00000000
# TRACE t=7245000 pc=80001198 ifid_pc=80001194 idex_pc=80001190 ifid_i=00000313 idex_v=1 exmem_v=0 mwb_v=0 stall=0 flush=0 br=0 j=00 rs1=0=00000000 rs2=31=33333332 a=00000000 b=ffffffff alu=ffffffff ra=80000638 count=00000000
# TRACE t=7255000 pc=8000119c ifid_pc=80001198 idex_pc=80001194 ifid_i=0062c463 idex_v=1 exmem_v=1 mwb_v=0 stall=0 flush=0 br=0 j=00 rs1=0=00000000 rs2=0=00000000 a=00000000 b=00000000 alu=00000000 ra=80000638 count=00000000
# TRACE t=7265000 pc=800011a0 ifid_pc=8000119c idex_pc=80001198 ifid_i=0280006f idex_v=1 exmem_v=1 mwb_v=1 stall=0 flush=1 br=1 j=00 rs1=5=ffffffff rs2=6=00000000 a=ffffffff b=00000000 alu=ffffffff ra=80000638 count=00000000
# TRACE t=7275000 pc=800011a0 ifid_pc=00000000 idex_pc=00000000 ifid_i=00000000 idex_v=0 exmem_v=1 mwb_v=1 stall=0 flush=0 br=0 j=00 rs1=0=00000000 rs2=0=00000000 a=00000000 b=00000000 alu=00000000 ra=80000638 count=00000000
# TRACE t=7285000 pc=800011a4 ifid_pc=800011a0 idex_pc=00000000 ifid_i=00500293 idex_v=0 exmem_v=0 mwb_v=1 stall=0 flush=0 br=0 j=00 rs1=0=00000000 rs2=0=00000000 a=00000000 b=00000000 alu=00000000 ra=80000638 count=00000000
# TRACE t=7295000 pc=800011a8 ifid_pc=800011a4 idex_pc=800011a0 ifid_i=00500313 idex_v=1 exmem_v=0 mwb_v=0 stall=0 flush=0 br=0 j=00 rs1=0=00000000 rs2=5=ffffffff a=00000000 b=00000005 alu=00000005 ra=80000638 count=00000000
# TRACE t=7305000 pc=800011ac ifid_pc=800011a8 idex_pc=800011a4 ifid_i=0062ce63 idex_v=1 exmem_v=1 mwb_v=0 stall=0 flush=0 br=0 j=00 rs1=0=00000000 rs2=5=00000005 a=00000000 b=00000005 alu=00000005 ra=80000638 count=00000000
# TRACE t=7315000 pc=800011b0 ifid_pc=800011ac idex_pc=800011a8 ifid_i=000ff297 idex_v=1 exmem_v=1 mwb_v=1 stall=0 flush=0 br=1 j=00 rs1=5=00000005 rs2=6=00000005 a=00000005 b=00000005 alu=00000000 ra=80000638 count=00000000
# TRACE t=7325000 pc=800011b4 ifid_pc=800011b0 idex_pc=800011ac ifid_i=e5428293 idex_v=1 exmem_v=1 mwb_v=1 stall=0 flush=0 br=0 j=00 rs1=31=33333332 rs2=0=00000000 a=800011ac b=000ff000 alu=801001ac ra=80000638 count=00000000
# TRACE t=7335000 pc=800011b8 ifid_pc=800011b4 idex_pc=800011b0 ifid_i=0002a303 idex_v=1 exmem_v=1 mwb_v=1 stall=0 flush=0 br=0 j=00 rs1=5=801001ac rs2=20=00000000 a=801001ac b=fffffe54 alu=80100000 ra=80000638 count=00000000
# TRACE t=7345000 pc=800011bc ifid_pc=800011b8 idex_pc=800011b4 ifid_i=00130313 idex_v=1 exmem_v=1 mwb_v=1 stall=1 flush=0 br=0 j=00 rs1=5=80100000 rs2=0=00000000 a=80100000 b=00000000 alu=80100000 ra=80000638 count=00000000
# TRACE t=7355000 pc=800011bc ifid_pc=800011b8 idex_pc=00000000 ifid_i=00130313 idex_v=0 exmem_v=1 mwb_v=1 stall=0 flush=0 br=0 j=00 rs1=0=00000000 rs2=0=00000000 a=00000000 b=00000000 alu=00000000 ra=80000638 count=00000000
# TRACE t=7365000 pc=800011c0 ifid_pc=800011bc idex_pc=800011b8 ifid_i=0062a023 idex_v=1 exmem_v=0 mwb_v=1 stall=0 flush=0 br=0 j=00 rs1=6=00000000 rs2=1=80000638 a=00000000 b=00000001 alu=00000001 ra=80000638 count=00000000
# TRACE t=7375000 pc=800011c4 ifid_pc=800011c0 idex_pc=800011bc ifid_i=00008067 idex_v=1 exmem_v=1 mwb_v=0 stall=0 flush=0 br=0 j=00 rs1=5=80100000 rs2=6=00000001 a=80100000 b=00000000 alu=80100000 ra=80000638 count=00000000
# TRACE t=7385000 pc=800011c8 ifid_pc=800011c4 idex_pc=800011c0 ifid_i=000ff297 idex_v=1 exmem_v=1 mwb_v=1 stall=0 flush=1 br=0 j=10 rs1=1=80000638 rs2=0=00000000 a=80000638 b=00000000 alu=80000638 ra=80000638 count=00000000
# COUNT t=7385000 data=00000001
# TRACE t=7395000 pc=80000638 ifid_pc=00000000 idex_pc=00000000 ifid_i=00000000 idex_v=0 exmem_v=1 mwb_v=1 stall=0 flush=0 br=0 j=00 rs1=0=00000000 rs2=0=00000000 a=00000000 b=00000000 alu=00000000 ra=80000638 count=00000000
# TRACE t=7405000 pc=8000063c ifid_pc=80000638 idex_pc=00000000 ifid_i=3a5000ef idex_v=0 exmem_v=0 mwb_v=1 stall=0 flush=0 br=0 j=00 rs1=0=00000000 rs2=0=00000000 a=00000000 b=00000000 alu=00000000 ra=80000638 count=00000000
# TRACE t=7415000 pc=80000640 ifid_pc=8000063c idex_pc=80000638 ifid_i=3ed000ef idex_v=1 exmem_v=0 mwb_v=0 stall=0 flush=1 br=0 j=01 rs1=0=00000000 rs2=5=80100000 a=00000000 b=80100000 alu=80100000 ra=80000638 count=00000000
# TRACE t=7425000 pc=800011dc ifid_pc=00000000 idex_pc=00000000 ifid_i=00000000 idex_v=0 exmem_v=1 mwb_v=0 stall=0 flush=0 br=0 j=00 rs1=0=00000000 rs2=0=00000000 a=00000000 b=00000000 alu=00000000 ra=80000638 count=00000000
# TRACE t=7435000 pc=800011e0 ifid_pc=800011dc idex_pc=00000000 ifid_i=00100293 idex_v=0 exmem_v=0 mwb_v=1 stall=0 flush=0 br=0 j=00 rs1=0=00000000 rs2=0=00000000 a=00000000 b=00000000 alu=00000000 ra=80000638 count=00000000
# TRACE t=7445000 pc=800011e4 ifid_pc=800011e0 idex_pc=800011dc ifid_i=fff00313 idex_v=1 exmem_v=0 mwb_v=0 stall=0 flush=0 br=0 j=00 rs1=0=00000000 rs2=1=8000063c a=00000000 b=00000001 alu=00000001 ra=8000063c count=00000000
# TRACE t=7455000 pc=800011e8 ifid_pc=800011e4 idex_pc=800011e0 ifid_i=0062d463 idex_v=1 exmem_v=1 mwb_v=0 stall=0 flush=0 br=0 j=00 rs1=0=00000000 rs2=31=33333332 a=00000000 b=ffffffff alu=ffffffff ra=8000063c count=00000000
# TRACE t=7465000 pc=800011ec ifid_pc=800011e8 idex_pc=800011e4 ifid_i=0280006f idex_v=1 exmem_v=1 mwb_v=1 stall=0 flush=1 br=1 j=00 rs1=5=00000001 rs2=6=ffffffff a=00000001 b=ffffffff alu=00000002 ra=8000063c count=00000000
# TRACE t=7475000 pc=800011ec ifid_pc=00000000 idex_pc=00000000 ifid_i=00000000 idex_v=0 exmem_v=1 mwb_v=1 stall=0 flush=0 br=0 j=00 rs1=0=00000000 rs2=0=00000000 a=00000000 b=00000000 alu=00000000 ra=8000063c count=00000000
# TRACE t=7485000 pc=800011f0 ifid_pc=800011ec idex_pc=00000000 ifid_i=00100293 idex_v=0 exmem_v=0 mwb_v=1 stall=0 flush=0 br=0 j=00 rs1=0=00000000 rs2=0=00000000 a=00000000 b=00000000 alu=00000000 ra=8000063c count=00000000
# TRACE t=7495000 pc=800011f4 ifid_pc=800011f0 idex_pc=800011ec ifid_i=00500313 idex_v=1 exmem_v=0 mwb_v=0 stall=0 flush=0 br=0 j=00 rs1=0=00000000 rs2=1=8000063c a=00000000 b=00000001 alu=00000001 ra=8000063c count=00000000
# TRACE t=7505000 pc=800011f8 ifid_pc=800011f4 idex_pc=800011f0 ifid_i=0062de63 idex_v=1 exmem_v=1 mwb_v=0 stall=0 flush=0 br=0 j=00 rs1=0=00000000 rs2=5=00000001 a=00000000 b=00000005 alu=00000005 ra=8000063c count=00000000
# TRACE t=7515000 pc=800011fc ifid_pc=800011f8 idex_pc=800011f4 ifid_i=000ff297 idex_v=1 exmem_v=1 mwb_v=1 stall=0 flush=0 br=1 j=00 rs1=5=00000001 rs2=6=00000005 a=00000001 b=00000005 alu=fffffffc ra=8000063c count=00000000
# TRACE t=7525000 pc=80001200 ifid_pc=800011fc idex_pc=800011f8 ifid_i=e0828293 idex_v=1 exmem_v=1 mwb_v=1 stall=0 flush=0 br=0 j=00 rs1=31=33333332 rs2=0=00000000 a=800011f8 b=000ff000 alu=801001f8 ra=8000063c count=00000000
# TRACE t=7535000 pc=80001204 ifid_pc=80001200 idex_pc=800011fc ifid_i=0002a303 idex_v=1 exmem_v=1 mwb_v=1 stall=0 flush=0 br=0 j=00 rs1=5=801001f8 rs2=8=8000060c a=801001f8 b=fffffe08 alu=80100000 ra=8000063c count=00000000
# TRACE t=7545000 pc=80001208 ifid_pc=80001204 idex_pc=80001200 ifid_i=00130313 idex_v=1 exmem_v=1 mwb_v=1 stall=1 flush=0 br=0 j=00 rs1=5=80100000 rs2=0=00000000 a=80100000 b=00000000 alu=80100000 ra=8000063c count=00000000
# TRACE t=7555000 pc=80001208 ifid_pc=80001204 idex_pc=00000000 ifid_i=00130313 idex_v=0 exmem_v=1 mwb_v=1 stall=0 flush=0 br=0 j=00 rs1=0=00000000 rs2=0=00000000 a=00000000 b=00000000 alu=00000000 ra=8000063c count=00000000
# TRACE t=7565000 pc=8000120c ifid_pc=80001208 idex_pc=80001204 ifid_i=0062a023 idex_v=1 exmem_v=0 mwb_v=1 stall=0 flush=0 br=0 j=00 rs1=6=00000000 rs2=1=8000063c a=00000000 b=00000001 alu=00000001 ra=8000063c count=00000000
# TRACE t=7575000 pc=80001210 ifid_pc=8000120c idex_pc=80001208 ifid_i=00008067 idex_v=1 exmem_v=1 mwb_v=0 stall=0 flush=0 br=0 j=00 rs1=5=80100000 rs2=6=00000001 a=80100000 b=00000000 alu=80100000 ra=8000063c count=00000000
# TRACE t=7585000 pc=80001214 ifid_pc=80001210 idex_pc=8000120c ifid_i=000ff297 idex_v=1 exmem_v=1 mwb_v=1 stall=0 flush=1 br=0 j=10 rs1=1=8000063c rs2=0=00000000 a=8000063c b=00000000 alu=8000063c ra=8000063c count=00000000
# COUNT t=7585000 data=00000001
# TRACE t=7595000 pc=8000063c ifid_pc=00000000 idex_pc=00000000 ifid_i=00000000 idex_v=0 exmem_v=1 mwb_v=1 stall=0 flush=0 br=0 j=00 rs1=0=00000000 rs2=0=00000000 a=00000000 b=00000000 alu=00000000 ra=8000063c count=00000000
# TRACE t=7605000 pc=80000640 ifid_pc=8000063c idex_pc=00000000 ifid_i=3ed000ef idex_v=0 exmem_v=0 mwb_v=1 stall=0 flush=0 br=0 j=00 rs1=0=00000000 rs2=0=00000000 a=00000000 b=00000000 alu=00000000 ra=8000063c count=00000000
# TRACE t=7615000 pc=80000644 ifid_pc=80000640 idex_pc=8000063c ifid_i=435000ef idex_v=1 exmem_v=0 mwb_v=0 stall=0 flush=1 br=0 j=01 rs1=0=00000000 rs2=13=00000000 a=00000000 b=00000000 alu=00000000 ra=8000063c count=00000000
# TRACE t=7625000 pc=80001228 ifid_pc=00000000 idex_pc=00000000 ifid_i=00000000 idex_v=0 exmem_v=1 mwb_v=0 stall=0 flush=0 br=0 j=00 rs1=0=00000000 rs2=0=00000000 a=00000000 b=00000000 alu=00000000 ra=8000063c count=00000000
# TRACE t=7635000 pc=8000122c ifid_pc=80001228 idex_pc=00000000 ifid_i=fff00293 idex_v=0 exmem_v=0 mwb_v=1 stall=0 flush=0 br=0 j=00 rs1=0=00000000 rs2=0=00000000 a=00000000 b=00000000 alu=00000000 ra=8000063c count=00000000
# TRACE t=7645000 pc=80001230 ifid_pc=8000122c idex_pc=80001228 ifid_i=00500313 idex_v=1 exmem_v=0 mwb_v=0 stall=0 flush=0 br=0 j=00 rs1=0=00000000 rs2=31=33333332 a=00000000 b=ffffffff alu=ffffffff ra=80000640 count=00000000
# TRACE t=7655000 pc=80001234 ifid_pc=80001230 idex_pc=8000122c ifid_i=00536463 idex_v=1 exmem_v=1 mwb_v=0 stall=0 flush=0 br=0 j=00 rs1=0=00000000 rs2=5=ffffffff a=00000000 b=00000005 alu=00000005 ra=80000640 count=00000000
# TRACE t=7665000 pc=80001238 ifid_pc=80001234 idex_pc=80001230 ifid_i=0280006f idex_v=1 exmem_v=1 mwb_v=1 stall=0 flush=1 br=1 j=00 rs1=6=00000005 rs2=5=ffffffff a=00000005 b=ffffffff alu=00000006 ra=80000640 count=00000000
# TRACE t=7675000 pc=80001238 ifid_pc=00000000 idex_pc=00000000 ifid_i=00000000 idex_v=0 exmem_v=1 mwb_v=1 stall=0 flush=0 br=0 j=00 rs1=0=00000000 rs2=0=00000000 a=00000000 b=00000000 alu=00000000 ra=80000640 count=00000000
# TRACE t=7685000 pc=8000123c ifid_pc=80001238 idex_pc=00000000 ifid_i=00500293 idex_v=0 exmem_v=0 mwb_v=1 stall=0 flush=0 br=0 j=00 rs1=0=00000000 rs2=0=00000000 a=00000000 b=00000000 alu=00000000 ra=80000640 count=00000000
# TRACE t=7695000 pc=80001240 ifid_pc=8000123c idex_pc=80001238 ifid_i=00500313 idex_v=1 exmem_v=0 mwb_v=0 stall=0 flush=0 br=0 j=00 rs1=0=00000000 rs2=5=ffffffff a=00000000 b=00000005 alu=00000005 ra=80000640 count=00000000
# TRACE t=7705000 pc=80001244 ifid_pc=80001240 idex_pc=8000123c ifid_i=0062ee63 idex_v=1 exmem_v=1 mwb_v=0 stall=0 flush=0 br=0 j=00 rs1=0=00000000 rs2=5=00000005 a=00000000 b=00000005 alu=00000005 ra=80000640 count=00000000
# TRACE t=7715000 pc=80001248 ifid_pc=80001244 idex_pc=80001240 ifid_i=000ff297 idex_v=1 exmem_v=1 mwb_v=1 stall=0 flush=0 br=1 j=00 rs1=5=00000005 rs2=6=00000005 a=00000005 b=00000005 alu=00000000 ra=80000640 count=00000000
# TRACE t=7725000 pc=8000124c ifid_pc=80001248 idex_pc=80001244 ifid_i=dbc28293 idex_v=1 exmem_v=1 mwb_v=1 stall=0 flush=0 br=0 j=00 rs1=31=33333332 rs2=0=00000000 a=80001244 b=000ff000 alu=80100244 ra=80000640 count=00000000
# TRACE t=7735000 pc=80001250 ifid_pc=8000124c idex_pc=80001248 ifid_i=0002a303 idex_v=1 exmem_v=1 mwb_v=1 stall=0 flush=0 br=0 j=00 rs1=5=80100244 rs2=28=ffff8001 a=80100244 b=fffffdbc alu=80100000 ra=80000640 count=00000000
# TRACE t=7745000 pc=80001254 ifid_pc=80001250 idex_pc=8000124c ifid_i=00130313 idex_v=1 exmem_v=1 mwb_v=1 stall=1 flush=0 br=0 j=00 rs1=5=80100000 rs2=0=00000000 a=80100000 b=00000000 alu=80100000 ra=80000640 count=00000000
# TRACE t=7755000 pc=80001254 ifid_pc=80001250 idex_pc=00000000 ifid_i=00130313 idex_v=0 exmem_v=1 mwb_v=1 stall=0 flush=0 br=0 j=00 rs1=0=00000000 rs2=0=00000000 a=00000000 b=00000000 alu=00000000 ra=80000640 count=00000000
# TRACE t=7765000 pc=80001258 ifid_pc=80001254 idex_pc=80001250 ifid_i=0062a023 idex_v=1 exmem_v=0 mwb_v=1 stall=0 flush=0 br=0 j=00 rs1=6=00000000 rs2=1=80000640 a=00000000 b=00000001 alu=00000001 ra=80000640 count=00000000
# TRACE t=7775000 pc=8000125c ifid_pc=80001258 idex_pc=80001254 ifid_i=00008067 idex_v=1 exmem_v=1 mwb_v=0 stall=0 flush=0 br=0 j=00 rs1=5=80100000 rs2=6=00000001 a=80100000 b=00000000 alu=80100000 ra=80000640 count=00000000
# TRACE t=7785000 pc=80001260 ifid_pc=8000125c idex_pc=80001258 ifid_i=000ff297 idex_v=1 exmem_v=1 mwb_v=1 stall=0 flush=1 br=0 j=10 rs1=1=80000640 rs2=0=00000000 a=80000640 b=00000000 alu=80000640 ra=80000640 count=00000000
# COUNT t=7785000 data=00000001
# TRACE t=7795000 pc=80000640 ifid_pc=00000000 idex_pc=00000000 ifid_i=00000000 idex_v=0 exmem_v=1 mwb_v=1 stall=0 flush=0 br=0 j=00 rs1=0=00000000 rs2=0=00000000 a=00000000 b=00000000 alu=00000000 ra=80000640 count=00000000
# TRACE t=7805000 pc=80000644 ifid_pc=80000640 idex_pc=00000000 ifid_i=435000ef idex_v=0 exmem_v=0 mwb_v=1 stall=0 flush=0 br=0 j=00 rs1=0=00000000 rs2=0=00000000 a=00000000 b=00000000 alu=00000000 ra=80000640 count=00000000
# TRACE t=7815000 pc=80000648 ifid_pc=80000644 idex_pc=80000640 ifid_i=481000ef idex_v=1 exmem_v=0 mwb_v=0 stall=0 flush=1 br=0 j=01 rs1=0=00000000 rs2=21=00000000 a=00000000 b=00000000 alu=00000000 ra=80000640 count=00000000
# TRACE t=7825000 pc=80001274 ifid_pc=00000000 idex_pc=00000000 ifid_i=00000000 idex_v=0 exmem_v=1 mwb_v=0 stall=0 flush=0 br=0 j=00 rs1=0=00000000 rs2=0=00000000 a=00000000 b=00000000 alu=00000000 ra=80000640 count=00000000
# TRACE t=7835000 pc=80001278 ifid_pc=80001274 idex_pc=00000000 ifid_i=00500293 idex_v=0 exmem_v=0 mwb_v=1 stall=0 flush=0 br=0 j=00 rs1=0=00000000 rs2=0=00000000 a=00000000 b=00000000 alu=00000000 ra=80000640 count=00000000
# TRACE t=7845000 pc=8000127c ifid_pc=80001278 idex_pc=80001274 ifid_i=fff00313 idex_v=1 exmem_v=0 mwb_v=0 stall=0 flush=0 br=0 j=00 rs1=0=00000000 rs2=5=80100000 a=00000000 b=00000005 alu=00000005 ra=80000644 count=00000000
# TRACE t=7855000 pc=80001280 ifid_pc=8000127c idex_pc=80001278 ifid_i=00537c63 idex_v=1 exmem_v=1 mwb_v=0 stall=0 flush=0 br=0 j=00 rs1=0=00000000 rs2=31=33333332 a=00000000 b=ffffffff alu=ffffffff ra=80000644 count=00000000
# TRACE t=7865000 pc=80001284 ifid_pc=80001280 idex_pc=8000127c ifid_i=02c0006f idex_v=1 exmem_v=1 mwb_v=1 stall=0 flush=1 br=1 j=00 rs1=6=ffffffff rs2=5=00000005 a=ffffffff b=00000005 alu=fffffffa ra=80000644 count=00000000
# TRACE t=7875000 pc=80001294 ifid_pc=00000000 idex_pc=00000000 ifid_i=00000000 idex_v=0 exmem_v=1 mwb_v=1 stall=0 flush=0 br=0 j=00 rs1=0=00000000 rs2=0=00000000 a=00000000 b=00000000 alu=00000000 ra=80000644 count=00000000
# TRACE t=7885000 pc=80001298 ifid_pc=80001294 idex_pc=00000000 ifid_i=000ff297 idex_v=0 exmem_v=0 mwb_v=1 stall=0 flush=0 br=0 j=00 rs1=0=00000000 rs2=0=00000000 a=00000000 b=00000000 alu=00000000 ra=80000644 count=00000000
# TRACE t=7895000 pc=8000129c ifid_pc=80001298 idex_pc=80001294 ifid_i=d6c28293 idex_v=1 exmem_v=0 mwb_v=0 stall=0 flush=0 br=0 j=00 rs1=31=33333332 rs2=0=00000000 a=80001294 b=000ff000 alu=80100294 ra=80000644 count=00000000
# TRACE t=7905000 pc=800012a0 ifid_pc=8000129c idex_pc=80001298 ifid_i=0002a303 idex_v=1 exmem_v=1 mwb_v=0 stall=0 flush=0 br=0 j=00 rs1=5=80100294 rs2=12=00000000 a=80100294 b=fffffd6c alu=80100000 ra=80000644 count=00000000
# TRACE t=7915000 pc=800012a4 ifid_pc=800012a0 idex_pc=8000129c ifid_i=00130313 idex_v=1 exmem_v=1 mwb_v=1 stall=1 flush=0 br=0 j=00 rs1=5=80100000 rs2=0=00000000 a=80100000 b=00000000 alu=80100000 ra=80000644 count=00000000
# TRACE t=7925000 pc=800012a4 ifid_pc=800012a0 idex_pc=00000000 ifid_i=00130313 idex_v=0 exmem_v=1 mwb_v=1 stall=0 flush=0 br=0 j=00 rs1=0=00000000 rs2=0=00000000 a=00000000 b=00000000 alu=00000000 ra=80000644 count=00000000
# TRACE t=7935000 pc=800012a8 ifid_pc=800012a4 idex_pc=800012a0 ifid_i=0062a023 idex_v=1 exmem_v=0 mwb_v=1 stall=0 flush=0 br=0 j=00 rs1=6=00000000 rs2=1=80000644 a=00000000 b=00000001 alu=00000001 ra=80000644 count=00000000
# TRACE t=7945000 pc=800012ac ifid_pc=800012a8 idex_pc=800012a4 ifid_i=00008067 idex_v=1 exmem_v=1 mwb_v=0 stall=0 flush=0 br=0 j=00 rs1=5=80100000 rs2=6=00000001 a=80100000 b=00000000 alu=80100000 ra=80000644 count=00000000
# TRACE t=7955000 pc=800012b0 ifid_pc=800012ac idex_pc=800012a8 ifid_i=000ff297 idex_v=1 exmem_v=1 mwb_v=1 stall=0 flush=1 br=0 j=10 rs1=1=80000644 rs2=0=00000000 a=80000644 b=00000000 alu=80000644 ra=80000644 count=00000000
# COUNT t=7955000 data=00000001
# TRACE t=7965000 pc=80000644 ifid_pc=00000000 idex_pc=00000000 ifid_i=00000000 idex_v=0 exmem_v=1 mwb_v=1 stall=0 flush=0 br=0 j=00 rs1=0=00000000 rs2=0=00000000 a=00000000 b=00000000 alu=00000000 ra=80000644 count=00000000
# TRACE t=7975000 pc=80000648 ifid_pc=80000644 idex_pc=00000000 ifid_i=481000ef idex_v=0 exmem_v=0 mwb_v=1 stall=0 flush=0 br=0 j=00 rs1=0=00000000 rs2=0=00000000 a=00000000 b=00000000 alu=00000000 ra=80000644 count=00000000
# TRACE t=7985000 pc=8000064c ifid_pc=80000648 idex_pc=80000644 ifid_i=00100317 idex_v=1 exmem_v=0 mwb_v=0 stall=0 flush=1 br=0 j=01 rs1=0=00000000 rs2=1=80000644 a=00000000 b=80000644 alu=80000644 ra=80000644 count=00000000
# TRACE t=7995000 pc=800012c4 ifid_pc=00000000 idex_pc=00000000 ifid_i=00000000 idex_v=0 exmem_v=1 mwb_v=0 stall=0 flush=0 br=0 j=00 rs1=0=00000000 rs2=0=00000000 a=00000000 b=00000000 alu=00000000 ra=80000644 count=00000000
# TRACE t=8005000 pc=800012c8 ifid_pc=800012c4 idex_pc=00000000 ifid_i=00008413 idex_v=0 exmem_v=0 mwb_v=1 stall=0 flush=0 br=0 j=00 rs1=0=00000000 rs2=0=00000000 a=00000000 b=00000000 alu=00000000 ra=80000644 count=00000000
# TRACE t=8015000 pc=800012cc ifid_pc=800012c8 idex_pc=800012c4 ifid_i=00000297 idex_v=1 exmem_v=0 mwb_v=0 stall=0 flush=0 br=0 j=00 rs1=1=80000648 rs2=0=00000000 a=80000648 b=00000000 alu=80000648 ra=80000648 count=00000000
# TRACE t=8025000 pc=800012d0 ifid_pc=800012cc idex_pc=800012c8 ifid_i=02028293 idex_v=1 exmem_v=1 mwb_v=0 stall=0 flush=0 br=0 j=00 rs1=0=00000000 rs2=0=00000000 a=800012c8 b=00000000 alu=800012c8 ra=80000648 count=00000000
# TRACE t=8035000 pc=800012d4 ifid_pc=800012d0 idex_pc=800012cc ifid_i=000280e7 idex_v=1 exmem_v=1 mwb_v=1 stall=0 flush=0 br=0 j=00 rs1=5=800012c8 rs2=0=00000000 a=800012c8 b=00000020 alu=800012e8 ra=80000648 count=00000000
# ** Note: $finish    : D:/0_FPGA/change-onbroad/verify_reset/tb_pipeline_trace_all.sv(51)
#    Time: 8035 ns  Iteration: 1  Instance: /tb_pipeline_trace_all
# End time: 11:11:41 on Aug 29,2026, Elapsed time: 0:00:01
# Errors: 0, Warnings: 0
