# vsim -c -l trace_reset.log -do "run -all; quit -f" tb_pipeline_trace 
# Start time: 11:05:07 on Aug 29,2026
# Loading sv_std.std
# Loading work.tb_pipeline_trace
# Loading work.myCPU
# Loading work.pc
# Loading work.alu
# Loading work.ctrl
# Loading work.control
# Loading work.alu_decoder
# Loading work.regfile
# Loading work.immgen
# Loading work.branch_unit
# Loading work.if_id
# Loading work.id_ex
# Loading work.ex_mem
# Loading work.mem_wb
# Loading work.forwarding
# Loading work.hazard_detection
# run -all
# COUNT t=895000 data=00000001
# COUNT t=1105000 data=00000001
# COUNT t=1935000 data=00000001
# COUNT t=2455000 data=00000001
# TRACE t=2495000 pc=80000d40 ifid_pc=00000000 idex_pc=00000000 ifid_i=00000000 idex_v=0 exmem_v=1 mwb_v=0 stall=0 flush=0 br=0 j=00 rs1=0=00000000 rs2=0=00000000 a=00000000 b=00000000 alu=00000000 ra=800005dc count=00000000
# TRACE t=2505000 pc=80000d44 ifid_pc=80000d40 idex_pc=00000000 ifid_i=123452b7 idex_v=0 exmem_v=0 mwb_v=1 stall=0 flush=0 br=0 j=00 rs1=0=00000000 rs2=0=00000000 a=00000000 b=00000000 alu=00000000 ra=800005dc count=00000000
# TRACE t=2515000 pc=80000d48 ifid_pc=80000d44 idex_pc=80000d40 ifid_i=12345337 idex_v=1 exmem_v=0 mwb_v=0 stall=0 flush=0 br=0 j=00 rs1=8=00000000 rs2=3=00000000 a=00000000 b=12345000 alu=12345000 ra=800005e0 count=00000000
# TRACE t=2525000 pc=80000d4c ifid_pc=80000d48 idex_pc=80000d44 ifid_i=00629e63 idex_v=1 exmem_v=1 mwb_v=0 stall=0 flush=0 br=0 j=00 rs1=8=00000000 rs2=3=00000000 a=00000000 b=12345000 alu=12345000 ra=800005e0 count=00000000
# TRACE t=2535000 pc=80000d50 ifid_pc=80000d4c idex_pc=80000d48 ifid_i=000ff297 idex_v=1 exmem_v=1 mwb_v=1 stall=0 flush=0 br=1 j=00 rs1=5=12345000 rs2=6=12345000 a=12345000 b=12345000 alu=00000000 ra=800005e0 count=00000000
# TRACE t=2545000 pc=80000d54 ifid_pc=80000d50 idex_pc=80000d4c ifid_i=2b428293 idex_v=1 exmem_v=1 mwb_v=1 stall=0 flush=0 br=0 j=00 rs1=31=00000000 rs2=0=00000000 a=80000d4c b=000ff000 alu=800ffd4c ra=800005e0 count=00000000
# TRACE t=2555000 pc=80000d58 ifid_pc=80000d54 idex_pc=80000d50 ifid_i=0002a303 idex_v=1 exmem_v=1 mwb_v=1 stall=0 flush=0 br=0 j=00 rs1=5=800ffd4c rs2=20=00000000 a=800ffd4c b=000002b4 alu=80100000 ra=800005e0 count=00000000
# TRACE t=2565000 pc=80000d5c ifid_pc=80000d58 idex_pc=80000d54 ifid_i=00130313 idex_v=1 exmem_v=1 mwb_v=1 stall=1 flush=0 br=0 j=00 rs1=5=80100000 rs2=0=00000000 a=80100000 b=00000000 alu=80100000 ra=800005e0 count=00000000
# TRACE t=2575000 pc=80000d5c ifid_pc=80000d58 idex_pc=00000000 ifid_i=00130313 idex_v=0 exmem_v=1 mwb_v=1 stall=0 flush=0 br=0 j=00 rs1=0=00000000 rs2=0=00000000 a=00000000 b=00000000 alu=00000000 ra=800005e0 count=00000000
# TRACE t=2585000 pc=80000d60 ifid_pc=80000d5c idex_pc=80000d58 ifid_i=0062a023 idex_v=1 exmem_v=0 mwb_v=1 stall=0 flush=0 br=0 j=00 rs1=6=00000000 rs2=1=800005e0 a=00000000 b=00000001 alu=00000001 ra=800005e0 count=00000000
# TRACE t=2595000 pc=80000d64 ifid_pc=80000d60 idex_pc=80000d5c ifid_i=00008067 idex_v=1 exmem_v=1 mwb_v=0 stall=0 flush=0 br=0 j=00 rs1=5=80100000 rs2=6=00000001 a=80100000 b=00000000 alu=80100000 ra=800005e0 count=00000000
# TRACE t=2605000 pc=80000d68 ifid_pc=80000d64 idex_pc=80000d60 ifid_i=000ff297 idex_v=1 exmem_v=1 mwb_v=1 stall=0 flush=1 br=0 j=10 rs1=1=800005e0 rs2=0=00000000 a=800005e0 b=00000000 alu=800005e0 ra=800005e0 count=00000000
# COUNT t=2605000 data=00000001
# TRACE t=2645000 pc=80000d7c ifid_pc=00000000 idex_pc=00000000 ifid_i=00000000 idex_v=0 exmem_v=1 mwb_v=0 stall=0 flush=0 br=0 j=00 rs1=0=00000000 rs2=0=00000000 a=00000000 b=00000000 alu=00000000 ra=800005e0 count=00000000
# TRACE t=2655000 pc=80000d80 ifid_pc=80000d7c idex_pc=00000000 ifid_i=00000297 idex_v=0 exmem_v=0 mwb_v=1 stall=0 flush=0 br=0 j=00 rs1=0=00000000 rs2=0=00000000 a=00000000 b=00000000 alu=00000000 ra=800005e0 count=00000000
# TRACE t=2665000 pc=80000d84 ifid_pc=80000d80 idex_pc=80000d7c ifid_i=00028293 idex_v=1 exmem_v=0 mwb_v=0 stall=0 flush=0 br=0 j=00 rs1=0=00000000 rs2=0=00000000 a=80000d7c b=00000000 alu=80000d7c ra=800005e4 count=00000000
# TRACE t=2675000 pc=80000d88 ifid_pc=80000d84 idex_pc=80000d80 ifid_i=00000013 idex_v=1 exmem_v=1 mwb_v=0 stall=0 flush=0 br=0 j=00 rs1=5=80000d7c rs2=0=00000000 a=80000d7c b=00000000 alu=80000d7c ra=800005e4 count=00000000
# TRACE t=2685000 pc=80000d8c ifid_pc=80000d88 idex_pc=80000d84 ifid_i=00000013 idex_v=1 exmem_v=1 mwb_v=1 stall=0 flush=0 br=0 j=00 rs1=0=00000000 rs2=0=00000000 a=00000000 b=00000000 alu=00000000 ra=800005e4 count=00000000
# TRACE t=2695000 pc=80000d90 ifid_pc=80000d8c idex_pc=80000d88 ifid_i=00000317 idex_v=1 exmem_v=1 mwb_v=1 stall=0 flush=0 br=0 j=00 rs1=0=00000000 rs2=0=00000000 a=00000000 b=00000000 alu=00000000 ra=800005e4 count=00000000
# TRACE t=2705000 pc=80000d94 ifid_pc=80000d90 idex_pc=80000d8c ifid_i=ff030313 idex_v=1 exmem_v=1 mwb_v=1 stall=0 flush=0 br=0 j=00 rs1=0=00000000 rs2=0=00000000 a=80000d8c b=00000000 alu=80000d8c ra=800005e4 count=00000000
# TRACE t=2715000 pc=80000d98 ifid_pc=80000d94 idex_pc=80000d90 ifid_i=00629e63 idex_v=1 exmem_v=1 mwb_v=1 stall=0 flush=0 br=0 j=00 rs1=6=80000d8c rs2=16=00000000 a=80000d8c b=fffffff0 alu=80000d7c ra=800005e4 count=00000000
# TRACE t=2725000 pc=80000d9c ifid_pc=80000d98 idex_pc=80000d94 ifid_i=000ff297 idex_v=1 exmem_v=1 mwb_v=1 stall=0 flush=0 br=1 j=00 rs1=5=80000d7c rs2=6=80000d7c a=80000d7c b=80000d7c alu=00000000 ra=800005e4 count=00000000
# TRACE t=2735000 pc=80000da0 ifid_pc=80000d9c idex_pc=80000d98 ifid_i=26828293 idex_v=1 exmem_v=1 mwb_v=1 stall=0 flush=0 br=0 j=00 rs1=31=00000000 rs2=0=00000000 a=80000d98 b=000ff000 alu=800ffd98 ra=800005e4 count=00000000
# TRACE t=2745000 pc=80000da4 ifid_pc=80000da0 idex_pc=80000d9c ifid_i=0002a303 idex_v=1 exmem_v=1 mwb_v=1 stall=0 flush=0 br=0 j=00 rs1=5=800ffd98 rs2=8=00000000 a=800ffd98 b=00000268 alu=80100000 ra=800005e4 count=00000000
# TRACE t=2755000 pc=80000da8 ifid_pc=80000da4 idex_pc=80000da0 ifid_i=00130313 idex_v=1 exmem_v=1 mwb_v=1 stall=1 flush=0 br=0 j=00 rs1=5=80100000 rs2=0=00000000 a=80100000 b=00000000 alu=80100000 ra=800005e4 count=00000000
# TRACE t=2765000 pc=80000da8 ifid_pc=80000da4 idex_pc=00000000 ifid_i=00130313 idex_v=0 exmem_v=1 mwb_v=1 stall=0 flush=0 br=0 j=00 rs1=0=00000000 rs2=0=00000000 a=00000000 b=00000000 alu=00000000 ra=800005e4 count=00000000
# TRACE t=2775000 pc=80000dac ifid_pc=80000da8 idex_pc=80000da4 ifid_i=0062a023 idex_v=1 exmem_v=0 mwb_v=1 stall=0 flush=0 br=0 j=00 rs1=6=00000000 rs2=1=800005e4 a=00000000 b=00000001 alu=00000001 ra=800005e4 count=00000000
# TRACE t=2785000 pc=80000db0 ifid_pc=80000dac idex_pc=80000da8 ifid_i=00008067 idex_v=1 exmem_v=1 mwb_v=0 stall=0 flush=0 br=0 j=00 rs1=5=80100000 rs2=6=00000001 a=80100000 b=00000000 alu=80100000 ra=800005e4 count=00000000
# TRACE t=2795000 pc=80000db4 ifid_pc=80000db0 idex_pc=80000dac ifid_i=000ff297 idex_v=1 exmem_v=1 mwb_v=1 stall=0 flush=1 br=0 j=10 rs1=1=800005e4 rs2=0=00000000 a=800005e4 b=00000000 alu=800005e4 ra=800005e4 count=00000000
# COUNT t=2795000 data=00000001
# COUNT t=3075000 data=00000001
# COUNT t=3265000 data=00000001
# COUNT t=3475000 data=00000001
# COUNT t=3895000 data=00000001
# COUNT t=4295000 data=00000001
# TRACE t=4605000 pc=80000d00 ifid_pc=80000cfc idex_pc=80000cf8 ifid_i=02731663 idex_v=1 exmem_v=1 mwb_v=1 stall=0 flush=0 br=0 j=00 rs1=0=00000000 rs2=31=00000000 a=00000000 b=ffffffff alu=ffffffff ra=80000608 count=00000000
# TRACE t=4615000 pc=80000d04 ifid_pc=80000d00 idex_pc=80000cfc ifid_i=800002b7 idex_v=1 exmem_v=1 mwb_v=1 stall=0 flush=0 br=1 j=00 rs1=6=ffffffff rs2=7=ffffffff a=ffffffff b=ffffffff alu=00000000 ra=80000608 count=00000000
# TRACE t=4625000 pc=80000d08 ifid_pc=80000d04 idex_pc=80000d00 ifid_i=41f2d313 idex_v=1 exmem_v=1 mwb_v=1 stall=0 flush=0 br=0 j=00 rs1=0=00000000 rs2=0=00000000 a=00000000 b=80000000 alu=80000000 ra=80000608 count=00000000
# TRACE t=4635000 pc=80000d0c ifid_pc=80000d08 idex_pc=80000d04 ifid_i=fff00393 idex_v=1 exmem_v=1 mwb_v=1 stall=0 flush=0 br=0 j=00 rs1=5=80000000 rs2=31=00000000 a=80000000 b=0000041f alu=ffffffff ra=80000608 count=00000000
# TRACE t=4645000 pc=80000d10 ifid_pc=80000d0c idex_pc=80000d08 ifid_i=00731e63 idex_v=1 exmem_v=1 mwb_v=1 stall=0 flush=0 br=0 j=00 rs1=0=00000000 rs2=31=00000000 a=00000000 b=ffffffff alu=ffffffff ra=80000608 count=00000000
# TRACE t=4655000 pc=80000d14 ifid_pc=80000d10 idex_pc=80000d0c ifid_i=000ff297 idex_v=1 exmem_v=1 mwb_v=1 stall=0 flush=0 br=1 j=00 rs1=6=ffffffff rs2=7=ffffffff a=ffffffff b=ffffffff alu=00000000 ra=80000608 count=00000000
# TRACE t=4665000 pc=80000d18 ifid_pc=80000d14 idex_pc=80000d10 ifid_i=2f028293 idex_v=1 exmem_v=1 mwb_v=1 stall=0 flush=0 br=0 j=00 rs1=31=00000000 rs2=0=00000000 a=80000d10 b=000ff000 alu=800ffd10 ra=80000608 count=00000000
# TRACE t=4675000 pc=80000d1c ifid_pc=80000d18 idex_pc=80000d14 ifid_i=0002a303 idex_v=1 exmem_v=1 mwb_v=1 stall=0 flush=0 br=0 j=00 rs1=5=800ffd10 rs2=16=00000000 a=800ffd10 b=000002f0 alu=80100000 ra=80000608 count=00000000
# TRACE t=4685000 pc=80000d20 ifid_pc=80000d1c idex_pc=80000d18 ifid_i=00130313 idex_v=1 exmem_v=1 mwb_v=1 stall=1 flush=0 br=0 j=00 rs1=5=80100000 rs2=0=00000000 a=80100000 b=00000000 alu=80100000 ra=80000608 count=00000000
# TRACE t=4695000 pc=80000d20 ifid_pc=80000d1c idex_pc=00000000 ifid_i=00130313 idex_v=0 exmem_v=1 mwb_v=1 stall=0 flush=0 br=0 j=00 rs1=0=00000000 rs2=0=00000000 a=00000000 b=00000000 alu=00000000 ra=80000608 count=00000000
# TRACE t=4705000 pc=80000d24 ifid_pc=80000d20 idex_pc=80000d1c ifid_i=0062a023 idex_v=1 exmem_v=0 mwb_v=1 stall=0 flush=0 br=0 j=00 rs1=6=00000000 rs2=1=80000608 a=00000000 b=00000001 alu=00000001 ra=80000608 count=00000000
# TRACE t=4715000 pc=80000d28 ifid_pc=80000d24 idex_pc=80000d20 ifid_i=00008067 idex_v=1 exmem_v=1 mwb_v=0 stall=0 flush=0 br=0 j=00 rs1=5=80100000 rs2=6=00000001 a=80100000 b=00000000 alu=80100000 ra=80000608 count=00000000
# TRACE t=4725000 pc=80000d2c ifid_pc=80000d28 idex_pc=80000d24 ifid_i=000ff297 idex_v=1 exmem_v=1 mwb_v=1 stall=0 flush=1 br=0 j=10 rs1=1=80000608 rs2=0=00000000 a=80000608 b=00000000 alu=80000608 ra=80000608 count=00000000
# COUNT t=4725000 data=00000001
# TRACE t=4765000 pc=80000e1c ifid_pc=00000000 idex_pc=00000000 ifid_i=00000000 idex_v=0 exmem_v=1 mwb_v=0 stall=0 flush=0 br=0 j=00 rs1=0=00000000 rs2=0=00000000 a=00000000 b=00000000 alu=00000000 ra=80000608 count=00000000
# TRACE t=4775000 pc=80000e20 ifid_pc=80000e1c idex_pc=00000000 ifid_i=00008413 idex_v=0 exmem_v=0 mwb_v=1 stall=0 flush=0 br=0 j=00 rs1=0=00000000 rs2=0=00000000 a=00000000 b=00000000 alu=00000000 ra=80000608 count=00000000
# TRACE t=4785000 pc=80000e24 ifid_pc=80000e20 idex_pc=80000e1c ifid_i=010000ef idex_v=1 exmem_v=0 mwb_v=0 stall=0 flush=0 br=0 j=00 rs1=1=80000608 rs2=0=00000000 a=80000608 b=00000000 alu=80000608 ra=8000060c count=00000000
# TRACE t=4795000 pc=80000e28 ifid_pc=80000e24 idex_pc=80000e20 ifid_i=00000297 idex_v=1 exmem_v=1 mwb_v=0 stall=0 flush=1 br=0 j=01 rs1=0=00000000 rs2=16=00000000 a=00000000 b=00000000 alu=00000000 ra=8000060c count=00000000
# TRACE t=4805000 pc=80000e30 ifid_pc=00000000 idex_pc=00000000 ifid_i=00000000 idex_v=0 exmem_v=1 mwb_v=1 stall=0 flush=0 br=0 j=00 rs1=0=00000000 rs2=0=00000000 a=00000000 b=00000000 alu=00000000 ra=8000060c count=00000000
# TRACE t=4815000 pc=80000e34 ifid_pc=80000e30 idex_pc=00000000 ifid_i=00400313 idex_v=0 exmem_v=0 mwb_v=1 stall=0 flush=0 br=0 j=00 rs1=0=00000000 rs2=0=00000000 a=00000000 b=00000000 alu=00000000 ra=8000060c count=00000000
# TRACE t=4825000 pc=80000e38 ifid_pc=80000e34 idex_pc=80000e30 ifid_i=00008067 idex_v=1 exmem_v=0 mwb_v=0 stall=0 flush=0 br=0 j=00 rs1=0=00000000 rs2=4=00000000 a=00000000 b=00000004 alu=00000004 ra=80000e24 count=00000000
# TRACE t=4835000 pc=80000e3c ifid_pc=80000e38 idex_pc=80000e34 ifid_i=000ff297 idex_v=1 exmem_v=1 mwb_v=0 stall=0 flush=1 br=0 j=10 rs1=1=80000e24 rs2=0=00000000 a=80000e24 b=00000000 alu=80000e24 ra=80000e24 count=00000000
# TRACE t=4845000 pc=80000e24 ifid_pc=00000000 idex_pc=00000000 ifid_i=00000000 idex_v=0 exmem_v=1 mwb_v=1 stall=0 flush=0 br=0 j=00 rs1=0=00000000 rs2=0=00000000 a=00000000 b=00000000 alu=00000000 ra=80000e24 count=00000000
# TRACE t=4855000 pc=80000e28 ifid_pc=80000e24 idex_pc=00000000 ifid_i=00000297 idex_v=0 exmem_v=0 mwb_v=1 stall=0 flush=0 br=0 j=00 rs1=0=00000000 rs2=0=00000000 a=00000000 b=00000000 alu=00000000 ra=80000e24 count=00000000
# TRACE t=4865000 pc=80000e2c ifid_pc=80000e28 idex_pc=80000e24 ifid_i=00509863 idex_v=1 exmem_v=0 mwb_v=0 stall=0 flush=0 br=0 j=00 rs1=0=00000000 rs2=0=00000000 a=80000e24 b=00000000 alu=80000e24 ra=80000e24 count=00000000
# TRACE t=4875000 pc=80000e30 ifid_pc=80000e2c idex_pc=80000e28 ifid_i=0280006f idex_v=1 exmem_v=1 mwb_v=0 stall=0 flush=0 br=1 j=00 rs1=1=80000e24 rs2=5=80000e24 a=80000e24 b=80000e24 alu=00000000 ra=80000e24 count=00000000
# TRACE t=4885000 pc=80000e34 ifid_pc=80000e30 idex_pc=80000e2c ifid_i=00400313 idex_v=1 exmem_v=1 mwb_v=1 stall=0 flush=1 br=0 j=01 rs1=0=00000000 rs2=8=80000608 a=00000000 b=80000608 alu=80000608 ra=80000e24 count=00000000
# TRACE t=4895000 pc=80000e54 ifid_pc=00000000 idex_pc=00000000 ifid_i=00000000 idex_v=0 exmem_v=1 mwb_v=1 stall=0 flush=0 br=0 j=00 rs1=0=00000000 rs2=0=00000000 a=00000000 b=00000000 alu=00000000 ra=80000e24 count=00000000
# TRACE t=4905000 pc=80000e58 ifid_pc=80000e54 idex_pc=00000000 ifid_i=000ff297 idex_v=0 exmem_v=0 mwb_v=1 stall=0 flush=0 br=0 j=00 rs1=0=00000000 rs2=0=00000000 a=00000000 b=00000000 alu=00000000 ra=80000e24 count=00000000
# TRACE t=4915000 pc=80000e5c ifid_pc=80000e58 idex_pc=80000e54 ifid_i=1ac28293 idex_v=1 exmem_v=0 mwb_v=0 stall=0 flush=0 br=0 j=00 rs1=31=00000000 rs2=0=00000000 a=80000e54 b=000ff000 alu=800ffe54 ra=80000e24 count=00000000
# TRACE t=4925000 pc=80000e60 ifid_pc=80000e5c idex_pc=80000e58 ifid_i=0002a303 idex_v=1 exmem_v=1 mwb_v=0 stall=0 flush=0 br=0 j=00 rs1=5=800ffe54 rs2=12=00000000 a=800ffe54 b=000001ac alu=80100000 ra=80000e24 count=00000000
# TRACE t=4935000 pc=80000e64 ifid_pc=80000e60 idex_pc=80000e5c ifid_i=00130313 idex_v=1 exmem_v=1 mwb_v=1 stall=1 flush=0 br=0 j=00 rs1=5=80100000 rs2=0=00000000 a=80100000 b=00000000 alu=80100000 ra=80000e24 count=00000000
# TRACE t=4945000 pc=80000e64 ifid_pc=80000e60 idex_pc=00000000 ifid_i=00130313 idex_v=0 exmem_v=1 mwb_v=1 stall=0 flush=0 br=0 j=00 rs1=0=00000000 rs2=0=00000000 a=00000000 b=00000000 alu=00000000 ra=80000e24 count=00000000
# TRACE t=4955000 pc=80000e68 ifid_pc=80000e64 idex_pc=80000e60 ifid_i=0062a023 idex_v=1 exmem_v=0 mwb_v=1 stall=0 flush=0 br=0 j=00 rs1=6=00000000 rs2=1=80000e24 a=00000000 b=00000001 alu=00000001 ra=80000e24 count=00000000
# TRACE t=4965000 pc=80000e6c ifid_pc=80000e68 idex_pc=80000e64 ifid_i=00040093 idex_v=1 exmem_v=1 mwb_v=0 stall=0 flush=0 br=0 j=00 rs1=5=80100000 rs2=6=00000001 a=80100000 b=00000000 alu=80100000 ra=80000e24 count=00000000
# TRACE t=4975000 pc=80000e70 ifid_pc=80000e6c idex_pc=80000e68 ifid_i=00008067 idex_v=1 exmem_v=1 mwb_v=1 stall=0 flush=0 br=0 j=00 rs1=8=80000608 rs2=0=00000000 a=80000608 b=00000000 alu=80000608 ra=80000e24 count=00000000
# COUNT t=4975000 data=00000001
# TRACE t=4985000 pc=80000e74 ifid_pc=80000e70 idex_pc=80000e6c ifid_i=000ff297 idex_v=1 exmem_v=1 mwb_v=1 stall=0 flush=1 br=0 j=10 rs1=1=80000608 rs2=0=00000000 a=80000608 b=00000000 alu=80000608 ra=80000e24 count=00000000
# TRACE t=5025000 pc=80000e1c ifid_pc=00000000 idex_pc=00000000 ifid_i=00000000 idex_v=0 exmem_v=1 mwb_v=0 stall=0 flush=0 br=0 j=00 rs1=0=00000000 rs2=0=00000000 a=00000000 b=00000000 alu=00000000 ra=80000608 count=00000000
# TRACE t=5035000 pc=80000e20 ifid_pc=80000e1c idex_pc=00000000 ifid_i=00008413 idex_v=0 exmem_v=0 mwb_v=1 stall=0 flush=0 br=0 j=00 rs1=0=00000000 rs2=0=00000000 a=00000000 b=00000000 alu=00000000 ra=80000608 count=00000000
# TRACE t=5045000 pc=80000e24 ifid_pc=80000e20 idex_pc=80000e1c ifid_i=010000ef idex_v=1 exmem_v=0 mwb_v=0 stall=0 flush=0 br=0 j=00 rs1=1=80000608 rs2=0=00000000 a=80000608 b=00000000 alu=80000608 ra=8000060c count=00000000
# TRACE t=5055000 pc=80000e28 ifid_pc=80000e24 idex_pc=80000e20 ifid_i=00000297 idex_v=1 exmem_v=1 mwb_v=0 stall=0 flush=1 br=0 j=01 rs1=0=00000000 rs2=16=00000000 a=00000000 b=00000000 alu=00000000 ra=8000060c count=00000000
# TRACE t=5065000 pc=80000e30 ifid_pc=00000000 idex_pc=00000000 ifid_i=00000000 idex_v=0 exmem_v=1 mwb_v=1 stall=0 flush=0 br=0 j=00 rs1=0=00000000 rs2=0=00000000 a=00000000 b=00000000 alu=00000000 ra=8000060c count=00000000
# TRACE t=5075000 pc=80000e34 ifid_pc=80000e30 idex_pc=00000000 ifid_i=00400313 idex_v=0 exmem_v=0 mwb_v=1 stall=0 flush=0 br=0 j=00 rs1=0=00000000 rs2=0=00000000 a=00000000 b=00000000 alu=00000000 ra=8000060c count=00000000
# TRACE t=5085000 pc=80000e38 ifid_pc=80000e34 idex_pc=80000e30 ifid_i=00008067 idex_v=1 exmem_v=0 mwb_v=0 stall=0 flush=0 br=0 j=00 rs1=0=00000000 rs2=4=00000000 a=00000000 b=00000004 alu=00000004 ra=80000e24 count=00000000
# TRACE t=5095000 pc=80000e3c ifid_pc=80000e38 idex_pc=80000e34 ifid_i=000ff297 idex_v=1 exmem_v=1 mwb_v=0 stall=0 flush=1 br=0 j=10 rs1=1=80000e24 rs2=0=00000000 a=80000e24 b=00000000 alu=80000e24 ra=80000e24 count=00000000
# TRACE t=5105000 pc=80000e24 ifid_pc=00000000 idex_pc=00000000 ifid_i=00000000 idex_v=0 exmem_v=1 mwb_v=1 stall=0 flush=0 br=0 j=00 rs1=0=00000000 rs2=0=00000000 a=00000000 b=00000000 alu=00000000 ra=80000e24 count=00000000
# TRACE t=5115000 pc=80000e28 ifid_pc=80000e24 idex_pc=00000000 ifid_i=00000297 idex_v=0 exmem_v=0 mwb_v=1 stall=0 flush=0 br=0 j=00 rs1=0=00000000 rs2=0=00000000 a=00000000 b=00000000 alu=00000000 ra=80000e24 count=00000000
# TRACE t=5125000 pc=80000e2c ifid_pc=80000e28 idex_pc=80000e24 ifid_i=00509863 idex_v=1 exmem_v=0 mwb_v=0 stall=0 flush=0 br=0 j=00 rs1=0=00000000 rs2=0=00000000 a=80000e24 b=00000000 alu=80000e24 ra=80000e24 count=00000000
# TRACE t=5135000 pc=80000e30 ifid_pc=80000e2c idex_pc=80000e28 ifid_i=0280006f idex_v=1 exmem_v=1 mwb_v=0 stall=0 flush=0 br=1 j=00 rs1=1=80000e24 rs2=5=80000e24 a=80000e24 b=80000e24 alu=00000000 ra=80000e24 count=00000000
# TRACE t=5145000 pc=80000e34 ifid_pc=80000e30 idex_pc=80000e2c ifid_i=00400313 idex_v=1 exmem_v=1 mwb_v=1 stall=0 flush=1 br=0 j=01 rs1=0=00000000 rs2=8=80000608 a=00000000 b=80000608 alu=80000608 ra=80000e24 count=00000000
# TRACE t=5155000 pc=80000e54 ifid_pc=00000000 idex_pc=00000000 ifid_i=00000000 idex_v=0 exmem_v=1 mwb_v=1 stall=0 flush=0 br=0 j=00 rs1=0=00000000 rs2=0=00000000 a=00000000 b=00000000 alu=00000000 ra=80000e24 count=00000000
# TRACE t=5165000 pc=80000e58 ifid_pc=80000e54 idex_pc=00000000 ifid_i=000ff297 idex_v=0 exmem_v=0 mwb_v=1 stall=0 flush=0 br=0 j=00 rs1=0=00000000 rs2=0=00000000 a=00000000 b=00000000 alu=00000000 ra=80000e24 count=00000000
# TRACE t=5175000 pc=80000e5c ifid_pc=80000e58 idex_pc=80000e54 ifid_i=1ac28293 idex_v=1 exmem_v=0 mwb_v=0 stall=0 flush=0 br=0 j=00 rs1=31=00000000 rs2=0=00000000 a=80000e54 b=000ff000 alu=800ffe54 ra=80000e24 count=00000000
# TRACE t=5185000 pc=80000e60 ifid_pc=80000e5c idex_pc=80000e58 ifid_i=0002a303 idex_v=1 exmem_v=1 mwb_v=0 stall=0 flush=0 br=0 j=00 rs1=5=800ffe54 rs2=12=00000000 a=800ffe54 b=000001ac alu=80100000 ra=80000e24 count=00000000
# TRACE t=5195000 pc=80000e64 ifid_pc=80000e60 idex_pc=80000e5c ifid_i=00130313 idex_v=1 exmem_v=1 mwb_v=1 stall=1 flush=0 br=0 j=00 rs1=5=80100000 rs2=0=00000000 a=80100000 b=00000000 alu=80100000 ra=80000e24 count=00000000
# TRACE t=5205000 pc=80000e64 ifid_pc=80000e60 idex_pc=00000000 ifid_i=00130313 idex_v=0 exmem_v=1 mwb_v=1 stall=0 flush=0 br=0 j=00 rs1=0=00000000 rs2=0=00000000 a=00000000 b=00000000 alu=00000000 ra=80000e24 count=00000000
# TRACE t=5215000 pc=80000e68 ifid_pc=80000e64 idex_pc=80000e60 ifid_i=0062a023 idex_v=1 exmem_v=0 mwb_v=1 stall=0 flush=0 br=0 j=00 rs1=6=00000000 rs2=1=80000e24 a=00000000 b=00000001 alu=00000001 ra=80000e24 count=00000000
# TRACE t=5225000 pc=80000e6c ifid_pc=80000e68 idex_pc=80000e64 ifid_i=00040093 idex_v=1 exmem_v=1 mwb_v=0 stall=0 flush=0 br=0 j=00 rs1=5=80100000 rs2=6=00000001 a=80100000 b=00000000 alu=80100000 ra=80000e24 count=00000000
# TRACE t=5235000 pc=80000e70 ifid_pc=80000e6c idex_pc=80000e68 ifid_i=00008067 idex_v=1 exmem_v=1 mwb_v=1 stall=0 flush=0 br=0 j=00 rs1=8=80000608 rs2=0=00000000 a=80000608 b=00000000 alu=80000608 ra=80000e24 count=00000000
# COUNT t=5235000 data=00000001
# TRACE t=5245000 pc=80000e74 ifid_pc=80000e70 idex_pc=80000e6c ifid_i=000ff297 idex_v=1 exmem_v=1 mwb_v=1 stall=0 flush=1 br=0 j=10 rs1=1=80000608 rs2=0=00000000 a=80000608 b=00000000 alu=80000608 ra=80000e24 count=00000000
# TRACE t=5285000 pc=80000e1c ifid_pc=00000000 idex_pc=00000000 ifid_i=00000000 idex_v=0 exmem_v=1 mwb_v=0 stall=0 flush=0 br=0 j=00 rs1=0=00000000 rs2=0=00000000 a=00000000 b=00000000 alu=00000000 ra=80000608 count=00000000
# TRACE t=5295000 pc=80000e20 ifid_pc=80000e1c idex_pc=00000000 ifid_i=00008413 idex_v=0 exmem_v=0 mwb_v=1 stall=0 flush=0 br=0 j=00 rs1=0=00000000 rs2=0=00000000 a=00000000 b=00000000 alu=00000000 ra=80000608 count=00000000
# TRACE t=5305000 pc=80000e24 ifid_pc=80000e20 idex_pc=80000e1c ifid_i=010000ef idex_v=1 exmem_v=0 mwb_v=0 stall=0 flush=0 br=0 j=00 rs1=1=80000608 rs2=0=00000000 a=80000608 b=00000000 alu=80000608 ra=8000060c count=00000000
# TRACE t=5315000 pc=80000e28 ifid_pc=80000e24 idex_pc=80000e20 ifid_i=00000297 idex_v=1 exmem_v=1 mwb_v=0 stall=0 flush=1 br=0 j=01 rs1=0=00000000 rs2=16=00000000 a=00000000 b=00000000 alu=00000000 ra=8000060c count=00000000
# TRACE t=5325000 pc=80000e30 ifid_pc=00000000 idex_pc=00000000 ifid_i=00000000 idex_v=0 exmem_v=1 mwb_v=1 stall=0 flush=0 br=0 j=00 rs1=0=00000000 rs2=0=00000000 a=00000000 b=00000000 alu=00000000 ra=8000060c count=00000000
# TRACE t=5335000 pc=80000e34 ifid_pc=80000e30 idex_pc=00000000 ifid_i=00400313 idex_v=0 exmem_v=0 mwb_v=1 stall=0 flush=0 br=0 j=00 rs1=0=00000000 rs2=0=00000000 a=00000000 b=00000000 alu=00000000 ra=8000060c count=00000000
# TRACE t=5345000 pc=80000e38 ifid_pc=80000e34 idex_pc=80000e30 ifid_i=00008067 idex_v=1 exmem_v=0 mwb_v=0 stall=0 flush=0 br=0 j=00 rs1=0=00000000 rs2=4=00000000 a=00000000 b=00000004 alu=00000004 ra=80000e24 count=00000000
# TRACE t=5355000 pc=80000e3c ifid_pc=80000e38 idex_pc=80000e34 ifid_i=000ff297 idex_v=1 exmem_v=1 mwb_v=0 stall=0 flush=1 br=0 j=10 rs1=1=80000e24 rs2=0=00000000 a=80000e24 b=00000000 alu=80000e24 ra=80000e24 count=00000000
# TRACE t=5365000 pc=80000e24 ifid_pc=00000000 idex_pc=00000000 ifid_i=00000000 idex_v=0 exmem_v=1 mwb_v=1 stall=0 flush=0 br=0 j=00 rs1=0=00000000 rs2=0=00000000 a=00000000 b=00000000 alu=00000000 ra=80000e24 count=00000000
# TRACE t=5375000 pc=80000e28 ifid_pc=80000e24 idex_pc=00000000 ifid_i=00000297 idex_v=0 exmem_v=0 mwb_v=1 stall=0 flush=0 br=0 j=00 rs1=0=00000000 rs2=0=00000000 a=00000000 b=00000000 alu=00000000 ra=80000e24 count=00000000
# TRACE t=5385000 pc=80000e2c ifid_pc=80000e28 idex_pc=80000e24 ifid_i=00509863 idex_v=1 exmem_v=0 mwb_v=0 stall=0 flush=0 br=0 j=00 rs1=0=00000000 rs2=0=00000000 a=80000e24 b=00000000 alu=80000e24 ra=80000e24 count=00000000
# TRACE t=5395000 pc=80000e30 ifid_pc=80000e2c idex_pc=80000e28 ifid_i=0280006f idex_v=1 exmem_v=1 mwb_v=0 stall=0 flush=0 br=1 j=00 rs1=1=80000e24 rs2=5=80000e24 a=80000e24 b=80000e24 alu=00000000 ra=80000e24 count=00000000
# TRACE t=5405000 pc=80000e34 ifid_pc=80000e30 idex_pc=80000e2c ifid_i=00400313 idex_v=1 exmem_v=1 mwb_v=1 stall=0 flush=1 br=0 j=01 rs1=0=00000000 rs2=8=80000608 a=00000000 b=80000608 alu=80000608 ra=80000e24 count=00000000
# TRACE t=5415000 pc=80000e54 ifid_pc=00000000 idex_pc=00000000 ifid_i=00000000 idex_v=0 exmem_v=1 mwb_v=1 stall=0 flush=0 br=0 j=00 rs1=0=00000000 rs2=0=00000000 a=00000000 b=00000000 alu=00000000 ra=80000e24 count=00000000
# TRACE t=5425000 pc=80000e58 ifid_pc=80000e54 idex_pc=00000000 ifid_i=000ff297 idex_v=0 exmem_v=0 mwb_v=1 stall=0 flush=0 br=0 j=00 rs1=0=00000000 rs2=0=00000000 a=00000000 b=00000000 alu=00000000 ra=80000e24 count=00000000
# TRACE t=5435000 pc=80000e5c ifid_pc=80000e58 idex_pc=80000e54 ifid_i=1ac28293 idex_v=1 exmem_v=0 mwb_v=0 stall=0 flush=0 br=0 j=00 rs1=31=00000000 rs2=0=00000000 a=80000e54 b=000ff000 alu=800ffe54 ra=80000e24 count=00000000
# TRACE t=5445000 pc=80000e60 ifid_pc=80000e5c idex_pc=80000e58 ifid_i=0002a303 idex_v=1 exmem_v=1 mwb_v=0 stall=0 flush=0 br=0 j=00 rs1=5=800ffe54 rs2=12=00000000 a=800ffe54 b=000001ac alu=80100000 ra=80000e24 count=00000000
# TRACE t=5455000 pc=80000e64 ifid_pc=80000e60 idex_pc=80000e5c ifid_i=00130313 idex_v=1 exmem_v=1 mwb_v=1 stall=1 flush=0 br=0 j=00 rs1=5=80100000 rs2=0=00000000 a=80100000 b=00000000 alu=80100000 ra=80000e24 count=00000000
# TRACE t=5465000 pc=80000e64 ifid_pc=80000e60 idex_pc=00000000 ifid_i=00130313 idex_v=0 exmem_v=1 mwb_v=1 stall=0 flush=0 br=0 j=00 rs1=0=00000000 rs2=0=00000000 a=00000000 b=00000000 alu=00000000 ra=80000e24 count=00000000
# TRACE t=5475000 pc=80000e68 ifid_pc=80000e64 idex_pc=80000e60 ifid_i=0062a023 idex_v=1 exmem_v=0 mwb_v=1 stall=0 flush=0 br=0 j=00 rs1=6=00000000 rs2=1=80000e24 a=00000000 b=00000001 alu=00000001 ra=80000e24 count=00000000
# TRACE t=5485000 pc=80000e6c ifid_pc=80000e68 idex_pc=80000e64 ifid_i=00040093 idex_v=1 exmem_v=1 mwb_v=0 stall=0 flush=0 br=0 j=00 rs1=5=80100000 rs2=6=00000001 a=80100000 b=00000000 alu=80100000 ra=80000e24 count=00000000
# TRACE t=5495000 pc=80000e70 ifid_pc=80000e6c idex_pc=80000e68 ifid_i=00008067 idex_v=1 exmem_v=1 mwb_v=1 stall=0 flush=0 br=0 j=00 rs1=8=80000608 rs2=0=00000000 a=80000608 b=00000000 alu=80000608 ra=80000e24 count=00000000
# COUNT t=5495000 data=00000001
# TRACE t=5505000 pc=80000e74 ifid_pc=80000e70 idex_pc=80000e6c ifid_i=000ff297 idex_v=1 exmem_v=1 mwb_v=1 stall=0 flush=1 br=0 j=10 rs1=1=80000608 rs2=0=00000000 a=80000608 b=00000000 alu=80000608 ra=80000e24 count=00000000
# TRACE t=5545000 pc=80000e1c ifid_pc=00000000 idex_pc=00000000 ifid_i=00000000 idex_v=0 exmem_v=1 mwb_v=0 stall=0 flush=0 br=0 j=00 rs1=0=00000000 rs2=0=00000000 a=00000000 b=00000000 alu=00000000 ra=80000608 count=00000000
# TRACE t=5555000 pc=80000e20 ifid_pc=80000e1c idex_pc=00000000 ifid_i=00008413 idex_v=0 exmem_v=0 mwb_v=1 stall=0 flush=0 br=0 j=00 rs1=0=00000000 rs2=0=00000000 a=00000000 b=00000000 alu=00000000 ra=80000608 count=00000000
# TRACE t=5565000 pc=80000e24 ifid_pc=80000e20 idex_pc=80000e1c ifid_i=010000ef idex_v=1 exmem_v=0 mwb_v=0 stall=0 flush=0 br=0 j=00 rs1=1=80000608 rs2=0=00000000 a=80000608 b=00000000 alu=80000608 ra=8000060c count=00000000
# TRACE t=5575000 pc=80000e28 ifid_pc=80000e24 idex_pc=80000e20 ifid_i=00000297 idex_v=1 exmem_v=1 mwb_v=0 stall=0 flush=1 br=0 j=01 rs1=0=00000000 rs2=16=00000000 a=00000000 b=00000000 alu=00000000 ra=8000060c count=00000000
# TRACE t=5585000 pc=80000e30 ifid_pc=00000000 idex_pc=00000000 ifid_i=00000000 idex_v=0 exmem_v=1 mwb_v=1 stall=0 flush=0 br=0 j=00 rs1=0=00000000 rs2=0=00000000 a=00000000 b=00000000 alu=00000000 ra=8000060c count=00000000
# TRACE t=5595000 pc=80000e34 ifid_pc=80000e30 idex_pc=00000000 ifid_i=00400313 idex_v=0 exmem_v=0 mwb_v=1 stall=0 flush=0 br=0 j=00 rs1=0=00000000 rs2=0=00000000 a=00000000 b=00000000 alu=00000000 ra=8000060c count=00000000
# TRACE t=5605000 pc=80000e38 ifid_pc=80000e34 idex_pc=80000e30 ifid_i=00008067 idex_v=1 exmem_v=0 mwb_v=0 stall=0 flush=0 br=0 j=00 rs1=0=00000000 rs2=4=00000000 a=00000000 b=00000004 alu=00000004 ra=80000e24 count=00000000
# TRACE t=5615000 pc=80000e3c ifid_pc=80000e38 idex_pc=80000e34 ifid_i=000ff297 idex_v=1 exmem_v=1 mwb_v=0 stall=0 flush=1 br=0 j=10 rs1=1=80000e24 rs2=0=00000000 a=80000e24 b=00000000 alu=80000e24 ra=80000e24 count=00000000
# TRACE t=5625000 pc=80000e24 ifid_pc=00000000 idex_pc=00000000 ifid_i=00000000 idex_v=0 exmem_v=1 mwb_v=1 stall=0 flush=0 br=0 j=00 rs1=0=00000000 rs2=0=00000000 a=00000000 b=00000000 alu=00000000 ra=80000e24 count=00000000
# TRACE t=5635000 pc=80000e28 ifid_pc=80000e24 idex_pc=00000000 ifid_i=00000297 idex_v=0 exmem_v=0 mwb_v=1 stall=0 flush=0 br=0 j=00 rs1=0=00000000 rs2=0=00000000 a=00000000 b=00000000 alu=00000000 ra=80000e24 count=00000000
# TRACE t=5645000 pc=80000e2c ifid_pc=80000e28 idex_pc=80000e24 ifid_i=00509863 idex_v=1 exmem_v=0 mwb_v=0 stall=0 flush=0 br=0 j=00 rs1=0=00000000 rs2=0=00000000 a=80000e24 b=00000000 alu=80000e24 ra=80000e24 count=00000000
# TRACE t=5655000 pc=80000e30 ifid_pc=80000e2c idex_pc=80000e28 ifid_i=0280006f idex_v=1 exmem_v=1 mwb_v=0 stall=0 flush=0 br=1 j=00 rs1=1=80000e24 rs2=5=80000e24 a=80000e24 b=80000e24 alu=00000000 ra=80000e24 count=00000000
# TRACE t=5665000 pc=80000e34 ifid_pc=80000e30 idex_pc=80000e2c ifid_i=00400313 idex_v=1 exmem_v=1 mwb_v=1 stall=0 flush=1 br=0 j=01 rs1=0=00000000 rs2=8=80000608 a=00000000 b=80000608 alu=80000608 ra=80000e24 count=00000000
# TRACE t=5675000 pc=80000e54 ifid_pc=00000000 idex_pc=00000000 ifid_i=00000000 idex_v=0 exmem_v=1 mwb_v=1 stall=0 flush=0 br=0 j=00 rs1=0=00000000 rs2=0=00000000 a=00000000 b=00000000 alu=00000000 ra=80000e24 count=00000000
# TRACE t=5685000 pc=80000e58 ifid_pc=80000e54 idex_pc=00000000 ifid_i=000ff297 idex_v=0 exmem_v=0 mwb_v=1 stall=0 flush=0 br=0 j=00 rs1=0=00000000 rs2=0=00000000 a=00000000 b=00000000 alu=00000000 ra=80000e24 count=00000000
# TRACE t=5695000 pc=80000e5c ifid_pc=80000e58 idex_pc=80000e54 ifid_i=1ac28293 idex_v=1 exmem_v=0 mwb_v=0 stall=0 flush=0 br=0 j=00 rs1=31=00000000 rs2=0=00000000 a=80000e54 b=000ff000 alu=800ffe54 ra=80000e24 count=00000000
# TRACE t=5705000 pc=80000e60 ifid_pc=80000e5c idex_pc=80000e58 ifid_i=0002a303 idex_v=1 exmem_v=1 mwb_v=0 stall=0 flush=0 br=0 j=00 rs1=5=800ffe54 rs2=12=00000000 a=800ffe54 b=000001ac alu=80100000 ra=80000e24 count=00000000
# TRACE t=5715000 pc=80000e64 ifid_pc=80000e60 idex_pc=80000e5c ifid_i=00130313 idex_v=1 exmem_v=1 mwb_v=1 stall=1 flush=0 br=0 j=00 rs1=5=80100000 rs2=0=00000000 a=80100000 b=00000000 alu=80100000 ra=80000e24 count=00000000
# TRACE t=5725000 pc=80000e64 ifid_pc=80000e60 idex_pc=00000000 ifid_i=00130313 idex_v=0 exmem_v=1 mwb_v=1 stall=0 flush=0 br=0 j=00 rs1=0=00000000 rs2=0=00000000 a=00000000 b=00000000 alu=00000000 ra=80000e24 count=00000000
# TRACE t=5735000 pc=80000e68 ifid_pc=80000e64 idex_pc=80000e60 ifid_i=0062a023 idex_v=1 exmem_v=0 mwb_v=1 stall=0 flush=0 br=0 j=00 rs1=6=00000000 rs2=1=80000e24 a=00000000 b=00000001 alu=00000001 ra=80000e24 count=00000000
# TRACE t=5745000 pc=80000e6c ifid_pc=80000e68 idex_pc=80000e64 ifid_i=00040093 idex_v=1 exmem_v=1 mwb_v=0 stall=0 flush=0 br=0 j=00 rs1=5=80100000 rs2=6=00000001 a=80100000 b=00000000 alu=80100000 ra=80000e24 count=00000000
# TRACE t=5755000 pc=80000e70 ifid_pc=80000e6c idex_pc=80000e68 ifid_i=00008067 idex_v=1 exmem_v=1 mwb_v=1 stall=0 flush=0 br=0 j=00 rs1=8=80000608 rs2=0=00000000 a=80000608 b=00000000 alu=80000608 ra=80000e24 count=00000000
# COUNT t=5755000 data=00000001
# TRACE t=5765000 pc=80000e74 ifid_pc=80000e70 idex_pc=80000e6c ifid_i=000ff297 idex_v=1 exmem_v=1 mwb_v=1 stall=0 flush=1 br=0 j=10 rs1=1=80000608 rs2=0=00000000 a=80000608 b=00000000 alu=80000608 ra=80000e24 count=00000000
# TRACE t=5805000 pc=80000e1c ifid_pc=00000000 idex_pc=00000000 ifid_i=00000000 idex_v=0 exmem_v=1 mwb_v=0 stall=0 flush=0 br=0 j=00 rs1=0=00000000 rs2=0=00000000 a=00000000 b=00000000 alu=00000000 ra=80000608 count=00000000
# TRACE t=5815000 pc=80000e20 ifid_pc=80000e1c idex_pc=00000000 ifid_i=00008413 idex_v=0 exmem_v=0 mwb_v=1 stall=0 flush=0 br=0 j=00 rs1=0=00000000 rs2=0=00000000 a=00000000 b=00000000 alu=00000000 ra=80000608 count=00000000
# TRACE t=5825000 pc=80000e24 ifid_pc=80000e20 idex_pc=80000e1c ifid_i=010000ef idex_v=1 exmem_v=0 mwb_v=0 stall=0 flush=0 br=0 j=00 rs1=1=80000608 rs2=0=00000000 a=80000608 b=00000000 alu=80000608 ra=8000060c count=00000000
# TRACE t=5835000 pc=80000e28 ifid_pc=80000e24 idex_pc=80000e20 ifid_i=00000297 idex_v=1 exmem_v=1 mwb_v=0 stall=0 flush=1 br=0 j=01 rs1=0=00000000 rs2=16=00000000 a=00000000 b=00000000 alu=00000000 ra=8000060c count=00000000
# TRACE t=5845000 pc=80000e30 ifid_pc=00000000 idex_pc=00000000 ifid_i=00000000 idex_v=0 exmem_v=1 mwb_v=1 stall=0 flush=0 br=0 j=00 rs1=0=00000000 rs2=0=00000000 a=00000000 b=00000000 alu=00000000 ra=8000060c count=00000000
# TRACE t=5855000 pc=80000e34 ifid_pc=80000e30 idex_pc=00000000 ifid_i=00400313 idex_v=0 exmem_v=0 mwb_v=1 stall=0 flush=0 br=0 j=00 rs1=0=00000000 rs2=0=00000000 a=00000000 b=00000000 alu=00000000 ra=8000060c count=00000000
# TRACE t=5865000 pc=80000e38 ifid_pc=80000e34 idex_pc=80000e30 ifid_i=00008067 idex_v=1 exmem_v=0 mwb_v=0 stall=0 flush=0 br=0 j=00 rs1=0=00000000 rs2=4=00000000 a=00000000 b=00000004 alu=00000004 ra=80000e24 count=00000000
# TRACE t=5875000 pc=80000e3c ifid_pc=80000e38 idex_pc=80000e34 ifid_i=000ff297 idex_v=1 exmem_v=1 mwb_v=0 stall=0 flush=1 br=0 j=10 rs1=1=80000e24 rs2=0=00000000 a=80000e24 b=00000000 alu=80000e24 ra=80000e24 count=00000000
# TRACE t=5885000 pc=80000e24 ifid_pc=00000000 idex_pc=00000000 ifid_i=00000000 idex_v=0 exmem_v=1 mwb_v=1 stall=0 flush=0 br=0 j=00 rs1=0=00000000 rs2=0=00000000 a=00000000 b=00000000 alu=00000000 ra=80000e24 count=00000000
# TRACE t=5895000 pc=80000e28 ifid_pc=80000e24 idex_pc=00000000 ifid_i=00000297 idex_v=0 exmem_v=0 mwb_v=1 stall=0 flush=0 br=0 j=00 rs1=0=00000000 rs2=0=00000000 a=00000000 b=00000000 alu=00000000 ra=80000e24 count=00000000
# TRACE t=5905000 pc=80000e2c ifid_pc=80000e28 idex_pc=80000e24 ifid_i=00509863 idex_v=1 exmem_v=0 mwb_v=0 stall=0 flush=0 br=0 j=00 rs1=0=00000000 rs2=0=00000000 a=80000e24 b=00000000 alu=80000e24 ra=80000e24 count=00000000
# TRACE t=5915000 pc=80000e30 ifid_pc=80000e2c idex_pc=80000e28 ifid_i=0280006f idex_v=1 exmem_v=1 mwb_v=0 stall=0 flush=0 br=1 j=00 rs1=1=80000e24 rs2=5=80000e24 a=80000e24 b=80000e24 alu=00000000 ra=80000e24 count=00000000
# TRACE t=5925000 pc=80000e34 ifid_pc=80000e30 idex_pc=80000e2c ifid_i=00400313 idex_v=1 exmem_v=1 mwb_v=1 stall=0 flush=1 br=0 j=01 rs1=0=00000000 rs2=8=80000608 a=00000000 b=80000608 alu=80000608 ra=80000e24 count=00000000
# TRACE t=5935000 pc=80000e54 ifid_pc=00000000 idex_pc=00000000 ifid_i=00000000 idex_v=0 exmem_v=1 mwb_v=1 stall=0 flush=0 br=0 j=00 rs1=0=00000000 rs2=0=00000000 a=00000000 b=00000000 alu=00000000 ra=80000e24 count=00000000
# TRACE t=5945000 pc=80000e58 ifid_pc=80000e54 idex_pc=00000000 ifid_i=000ff297 idex_v=0 exmem_v=0 mwb_v=1 stall=0 flush=0 br=0 j=00 rs1=0=00000000 rs2=0=00000000 a=00000000 b=00000000 alu=00000000 ra=80000e24 count=00000000
# TRACE t=5955000 pc=80000e5c ifid_pc=80000e58 idex_pc=80000e54 ifid_i=1ac28293 idex_v=1 exmem_v=0 mwb_v=0 stall=0 flush=0 br=0 j=00 rs1=31=00000000 rs2=0=00000000 a=80000e54 b=000ff000 alu=800ffe54 ra=80000e24 count=00000000
# TRACE t=5965000 pc=80000e60 ifid_pc=80000e5c idex_pc=80000e58 ifid_i=0002a303 idex_v=1 exmem_v=1 mwb_v=0 stall=0 flush=0 br=0 j=00 rs1=5=800ffe54 rs2=12=00000000 a=800ffe54 b=000001ac alu=80100000 ra=80000e24 count=00000000
# TRACE t=5975000 pc=80000e64 ifid_pc=80000e60 idex_pc=80000e5c ifid_i=00130313 idex_v=1 exmem_v=1 mwb_v=1 stall=1 flush=0 br=0 j=00 rs1=5=80100000 rs2=0=00000000 a=80100000 b=00000000 alu=80100000 ra=80000e24 count=00000000
# TRACE t=5985000 pc=80000e64 ifid_pc=80000e60 idex_pc=00000000 ifid_i=00130313 idex_v=0 exmem_v=1 mwb_v=1 stall=0 flush=0 br=0 j=00 rs1=0=00000000 rs2=0=00000000 a=00000000 b=00000000 alu=00000000 ra=80000e24 count=00000000
# TRACE t=5995000 pc=80000e68 ifid_pc=80000e64 idex_pc=80000e60 ifid_i=0062a023 idex_v=1 exmem_v=0 mwb_v=1 stall=0 flush=0 br=0 j=00 rs1=6=00000000 rs2=1=80000e24 a=00000000 b=00000001 alu=00000001 ra=80000e24 count=00000000
# TRACE t=6005000 pc=80000e6c ifid_pc=80000e68 idex_pc=80000e64 ifid_i=00040093 idex_v=1 exmem_v=1 mwb_v=0 stall=0 flush=0 br=0 j=00 rs1=5=80100000 rs2=6=00000001 a=80100000 b=00000000 alu=80100000 ra=80000e24 count=00000000
# TRACE t=6015000 pc=80000e70 ifid_pc=80000e6c idex_pc=80000e68 ifid_i=00008067 idex_v=1 exmem_v=1 mwb_v=1 stall=0 flush=0 br=0 j=00 rs1=8=80000608 rs2=0=00000000 a=80000608 b=00000000 alu=80000608 ra=80000e24 count=00000000
# COUNT t=6015000 data=00000001
# TRACE t=6025000 pc=80000e74 ifid_pc=80000e70 idex_pc=80000e6c ifid_i=000ff297 idex_v=1 exmem_v=1 mwb_v=1 stall=0 flush=1 br=0 j=10 rs1=1=80000608 rs2=0=00000000 a=80000608 b=00000000 alu=80000608 ra=80000e24 count=00000000
# TRACE t=6065000 pc=80000e1c ifid_pc=00000000 idex_pc=00000000 ifid_i=00000000 idex_v=0 exmem_v=1 mwb_v=0 stall=0 flush=0 br=0 j=00 rs1=0=00000000 rs2=0=00000000 a=00000000 b=00000000 alu=00000000 ra=80000608 count=00000000
# TRACE t=6075000 pc=80000e20 ifid_pc=80000e1c idex_pc=00000000 ifid_i=00008413 idex_v=0 exmem_v=0 mwb_v=1 stall=0 flush=0 br=0 j=00 rs1=0=00000000 rs2=0=00000000 a=00000000 b=00000000 alu=00000000 ra=80000608 count=00000000
# TRACE t=6085000 pc=80000e24 ifid_pc=80000e20 idex_pc=80000e1c ifid_i=010000ef idex_v=1 exmem_v=0 mwb_v=0 stall=0 flush=0 br=0 j=00 rs1=1=80000608 rs2=0=00000000 a=80000608 b=00000000 alu=80000608 ra=8000060c count=00000000
# TRACE t=6095000 pc=80000e28 ifid_pc=80000e24 idex_pc=80000e20 ifid_i=00000297 idex_v=1 exmem_v=1 mwb_v=0 stall=0 flush=1 br=0 j=01 rs1=0=00000000 rs2=16=00000000 a=00000000 b=00000000 alu=00000000 ra=8000060c count=00000000
# TRACE t=6105000 pc=80000e30 ifid_pc=00000000 idex_pc=00000000 ifid_i=00000000 idex_v=0 exmem_v=1 mwb_v=1 stall=0 flush=0 br=0 j=00 rs1=0=00000000 rs2=0=00000000 a=00000000 b=00000000 alu=00000000 ra=8000060c count=00000000
# TRACE t=6115000 pc=80000e34 ifid_pc=80000e30 idex_pc=00000000 ifid_i=00400313 idex_v=0 exmem_v=0 mwb_v=1 stall=0 flush=0 br=0 j=00 rs1=0=00000000 rs2=0=00000000 a=00000000 b=00000000 alu=00000000 ra=8000060c count=00000000
# TRACE t=6125000 pc=80000e38 ifid_pc=80000e34 idex_pc=80000e30 ifid_i=00008067 idex_v=1 exmem_v=0 mwb_v=0 stall=0 flush=0 br=0 j=00 rs1=0=00000000 rs2=4=00000000 a=00000000 b=00000004 alu=00000004 ra=80000e24 count=00000000
# TRACE t=6135000 pc=80000e3c ifid_pc=80000e38 idex_pc=80000e34 ifid_i=000ff297 idex_v=1 exmem_v=1 mwb_v=0 stall=0 flush=1 br=0 j=10 rs1=1=80000e24 rs2=0=00000000 a=80000e24 b=00000000 alu=80000e24 ra=80000e24 count=00000000
# TRACE t=6145000 pc=80000e24 ifid_pc=00000000 idex_pc=00000000 ifid_i=00000000 idex_v=0 exmem_v=1 mwb_v=1 stall=0 flush=0 br=0 j=00 rs1=0=00000000 rs2=0=00000000 a=00000000 b=00000000 alu=00000000 ra=80000e24 count=00000000
# TRACE t=6155000 pc=80000e28 ifid_pc=80000e24 idex_pc=00000000 ifid_i=00000297 idex_v=0 exmem_v=0 mwb_v=1 stall=0 flush=0 br=0 j=00 rs1=0=00000000 rs2=0=00000000 a=00000000 b=00000000 alu=00000000 ra=80000e24 count=00000000
# TRACE t=6165000 pc=80000e2c ifid_pc=80000e28 idex_pc=80000e24 ifid_i=00509863 idex_v=1 exmem_v=0 mwb_v=0 stall=0 flush=0 br=0 j=00 rs1=0=00000000 rs2=0=00000000 a=80000e24 b=00000000 alu=80000e24 ra=80000e24 count=00000000
# TRACE t=6175000 pc=80000e30 ifid_pc=80000e2c idex_pc=80000e28 ifid_i=0280006f idex_v=1 exmem_v=1 mwb_v=0 stall=0 flush=0 br=1 j=00 rs1=1=80000e24 rs2=5=80000e24 a=80000e24 b=80000e24 alu=00000000 ra=80000e24 count=00000000
# TRACE t=6185000 pc=80000e34 ifid_pc=80000e30 idex_pc=80000e2c ifid_i=00400313 idex_v=1 exmem_v=1 mwb_v=1 stall=0 flush=1 br=0 j=01 rs1=0=00000000 rs2=8=80000608 a=00000000 b=80000608 alu=80000608 ra=80000e24 count=00000000
# TRACE t=6195000 pc=80000e54 ifid_pc=00000000 idex_pc=00000000 ifid_i=00000000 idex_v=0 exmem_v=1 mwb_v=1 stall=0 flush=0 br=0 j=00 rs1=0=00000000 rs2=0=00000000 a=00000000 b=00000000 alu=00000000 ra=80000e24 count=00000000
# TRACE t=6205000 pc=80000e58 ifid_pc=80000e54 idex_pc=00000000 ifid_i=000ff297 idex_v=0 exmem_v=0 mwb_v=1 stall=0 flush=0 br=0 j=00 rs1=0=00000000 rs2=0=00000000 a=00000000 b=00000000 alu=00000000 ra=80000e24 count=00000000
# TRACE t=6215000 pc=80000e5c ifid_pc=80000e58 idex_pc=80000e54 ifid_i=1ac28293 idex_v=1 exmem_v=0 mwb_v=0 stall=0 flush=0 br=0 j=00 rs1=31=00000000 rs2=0=00000000 a=80000e54 b=000ff000 alu=800ffe54 ra=80000e24 count=00000000
# TRACE t=6225000 pc=80000e60 ifid_pc=80000e5c idex_pc=80000e58 ifid_i=0002a303 idex_v=1 exmem_v=1 mwb_v=0 stall=0 flush=0 br=0 j=00 rs1=5=800ffe54 rs2=12=00000000 a=800ffe54 b=000001ac alu=80100000 ra=80000e24 count=00000000
# TRACE t=6235000 pc=80000e64 ifid_pc=80000e60 idex_pc=80000e5c ifid_i=00130313 idex_v=1 exmem_v=1 mwb_v=1 stall=1 flush=0 br=0 j=00 rs1=5=80100000 rs2=0=00000000 a=80100000 b=00000000 alu=80100000 ra=80000e24 count=00000000
# TRACE t=6245000 pc=80000e64 ifid_pc=80000e60 idex_pc=00000000 ifid_i=00130313 idex_v=0 exmem_v=1 mwb_v=1 stall=0 flush=0 br=0 j=00 rs1=0=00000000 rs2=0=00000000 a=00000000 b=00000000 alu=00000000 ra=80000e24 count=00000000
# TRACE t=6255000 pc=80000e68 ifid_pc=80000e64 idex_pc=80000e60 ifid_i=0062a023 idex_v=1 exmem_v=0 mwb_v=1 stall=0 flush=0 br=0 j=00 rs1=6=00000000 rs2=1=80000e24 a=00000000 b=00000001 alu=00000001 ra=80000e24 count=00000000
# TRACE t=6265000 pc=80000e6c ifid_pc=80000e68 idex_pc=80000e64 ifid_i=00040093 idex_v=1 exmem_v=1 mwb_v=0 stall=0 flush=0 br=0 j=00 rs1=5=80100000 rs2=6=00000001 a=80100000 b=00000000 alu=80100000 ra=80000e24 count=00000000
# TRACE t=6275000 pc=80000e70 ifid_pc=80000e6c idex_pc=80000e68 ifid_i=00008067 idex_v=1 exmem_v=1 mwb_v=1 stall=0 flush=0 br=0 j=00 rs1=8=80000608 rs2=0=00000000 a=80000608 b=00000000 alu=80000608 ra=80000e24 count=00000000
# COUNT t=6275000 data=00000001
# TRACE t=6285000 pc=80000e74 ifid_pc=80000e70 idex_pc=80000e6c ifid_i=000ff297 idex_v=1 exmem_v=1 mwb_v=1 stall=0 flush=1 br=0 j=10 rs1=1=80000608 rs2=0=00000000 a=80000608 b=00000000 alu=80000608 ra=80000e24 count=00000000
# TRACE t=6325000 pc=80000e1c ifid_pc=00000000 idex_pc=00000000 ifid_i=00000000 idex_v=0 exmem_v=1 mwb_v=0 stall=0 flush=0 br=0 j=00 rs1=0=00000000 rs2=0=00000000 a=00000000 b=00000000 alu=00000000 ra=80000608 count=00000000
# TRACE t=6335000 pc=80000e20 ifid_pc=80000e1c idex_pc=00000000 ifid_i=00008413 idex_v=0 exmem_v=0 mwb_v=1 stall=0 flush=0 br=0 j=00 rs1=0=00000000 rs2=0=00000000 a=00000000 b=00000000 alu=00000000 ra=80000608 count=00000000
# TRACE t=6345000 pc=80000e24 ifid_pc=80000e20 idex_pc=80000e1c ifid_i=010000ef idex_v=1 exmem_v=0 mwb_v=0 stall=0 flush=0 br=0 j=00 rs1=1=80000608 rs2=0=00000000 a=80000608 b=00000000 alu=80000608 ra=8000060c count=00000000
# TRACE t=6355000 pc=80000e28 ifid_pc=80000e24 idex_pc=80000e20 ifid_i=00000297 idex_v=1 exmem_v=1 mwb_v=0 stall=0 flush=1 br=0 j=01 rs1=0=00000000 rs2=16=00000000 a=00000000 b=00000000 alu=00000000 ra=8000060c count=00000000
# TRACE t=6365000 pc=80000e30 ifid_pc=00000000 idex_pc=00000000 ifid_i=00000000 idex_v=0 exmem_v=1 mwb_v=1 stall=0 flush=0 br=0 j=00 rs1=0=00000000 rs2=0=00000000 a=00000000 b=00000000 alu=00000000 ra=8000060c count=00000000
# TRACE t=6375000 pc=80000e34 ifid_pc=80000e30 idex_pc=00000000 ifid_i=00400313 idex_v=0 exmem_v=0 mwb_v=1 stall=0 flush=0 br=0 j=00 rs1=0=00000000 rs2=0=00000000 a=00000000 b=00000000 alu=00000000 ra=8000060c count=00000000
# TRACE t=6385000 pc=80000e38 ifid_pc=80000e34 idex_pc=80000e30 ifid_i=00008067 idex_v=1 exmem_v=0 mwb_v=0 stall=0 flush=0 br=0 j=00 rs1=0=00000000 rs2=4=00000000 a=00000000 b=00000004 alu=00000004 ra=80000e24 count=00000000
# TRACE t=6395000 pc=80000e3c ifid_pc=80000e38 idex_pc=80000e34 ifid_i=000ff297 idex_v=1 exmem_v=1 mwb_v=0 stall=0 flush=1 br=0 j=10 rs1=1=80000e24 rs2=0=00000000 a=80000e24 b=00000000 alu=80000e24 ra=80000e24 count=00000000
# TRACE t=6405000 pc=80000e24 ifid_pc=00000000 idex_pc=00000000 ifid_i=00000000 idex_v=0 exmem_v=1 mwb_v=1 stall=0 flush=0 br=0 j=00 rs1=0=00000000 rs2=0=00000000 a=00000000 b=00000000 alu=00000000 ra=80000e24 count=00000000
# TRACE t=6415000 pc=80000e28 ifid_pc=80000e24 idex_pc=00000000 ifid_i=00000297 idex_v=0 exmem_v=0 mwb_v=1 stall=0 flush=0 br=0 j=00 rs1=0=00000000 rs2=0=00000000 a=00000000 b=00000000 alu=00000000 ra=80000e24 count=00000000
# TRACE t=6425000 pc=80000e2c ifid_pc=80000e28 idex_pc=80000e24 ifid_i=00509863 idex_v=1 exmem_v=0 mwb_v=0 stall=0 flush=0 br=0 j=00 rs1=0=00000000 rs2=0=00000000 a=80000e24 b=00000000 alu=80000e24 ra=80000e24 count=00000000
# TRACE t=6435000 pc=80000e30 ifid_pc=80000e2c idex_pc=80000e28 ifid_i=0280006f idex_v=1 exmem_v=1 mwb_v=0 stall=0 flush=0 br=1 j=00 rs1=1=80000e24 rs2=5=80000e24 a=80000e24 b=80000e24 alu=00000000 ra=80000e24 count=00000000
# TRACE t=6445000 pc=80000e34 ifid_pc=80000e30 idex_pc=80000e2c ifid_i=00400313 idex_v=1 exmem_v=1 mwb_v=1 stall=0 flush=1 br=0 j=01 rs1=0=00000000 rs2=8=80000608 a=00000000 b=80000608 alu=80000608 ra=80000e24 count=00000000
# TRACE t=6455000 pc=80000e54 ifid_pc=00000000 idex_pc=00000000 ifid_i=00000000 idex_v=0 exmem_v=1 mwb_v=1 stall=0 flush=0 br=0 j=00 rs1=0=00000000 rs2=0=00000000 a=00000000 b=00000000 alu=00000000 ra=80000e24 count=00000000
# TRACE t=6465000 pc=80000e58 ifid_pc=80000e54 idex_pc=00000000 ifid_i=000ff297 idex_v=0 exmem_v=0 mwb_v=1 stall=0 flush=0 br=0 j=00 rs1=0=00000000 rs2=0=00000000 a=00000000 b=00000000 alu=00000000 ra=80000e24 count=00000000
# TRACE t=6475000 pc=80000e5c ifid_pc=80000e58 idex_pc=80000e54 ifid_i=1ac28293 idex_v=1 exmem_v=0 mwb_v=0 stall=0 flush=0 br=0 j=00 rs1=31=00000000 rs2=0=00000000 a=80000e54 b=000ff000 alu=800ffe54 ra=80000e24 count=00000000
# TRACE t=6485000 pc=80000e60 ifid_pc=80000e5c idex_pc=80000e58 ifid_i=0002a303 idex_v=1 exmem_v=1 mwb_v=0 stall=0 flush=0 br=0 j=00 rs1=5=800ffe54 rs2=12=00000000 a=800ffe54 b=000001ac alu=80100000 ra=80000e24 count=00000000
# TRACE t=6495000 pc=80000e64 ifid_pc=80000e60 idex_pc=80000e5c ifid_i=00130313 idex_v=1 exmem_v=1 mwb_v=1 stall=1 flush=0 br=0 j=00 rs1=5=80100000 rs2=0=00000000 a=80100000 b=00000000 alu=80100000 ra=80000e24 count=00000000
# TRACE t=6505000 pc=80000e64 ifid_pc=80000e60 idex_pc=00000000 ifid_i=00130313 idex_v=0 exmem_v=1 mwb_v=1 stall=0 flush=0 br=0 j=00 rs1=0=00000000 rs2=0=00000000 a=00000000 b=00000000 alu=00000000 ra=80000e24 count=00000000
# TRACE t=6515000 pc=80000e68 ifid_pc=80000e64 idex_pc=80000e60 ifid_i=0062a023 idex_v=1 exmem_v=0 mwb_v=1 stall=0 flush=0 br=0 j=00 rs1=6=00000000 rs2=1=80000e24 a=00000000 b=00000001 alu=00000001 ra=80000e24 count=00000000
# TRACE t=6525000 pc=80000e6c ifid_pc=80000e68 idex_pc=80000e64 ifid_i=00040093 idex_v=1 exmem_v=1 mwb_v=0 stall=0 flush=0 br=0 j=00 rs1=5=80100000 rs2=6=00000001 a=80100000 b=00000000 alu=80100000 ra=80000e24 count=00000000
# TRACE t=6535000 pc=80000e70 ifid_pc=80000e6c idex_pc=80000e68 ifid_i=00008067 idex_v=1 exmem_v=1 mwb_v=1 stall=0 flush=0 br=0 j=00 rs1=8=80000608 rs2=0=00000000 a=80000608 b=00000000 alu=80000608 ra=80000e24 count=00000000
# COUNT t=6535000 data=00000001
# TRACE t=6545000 pc=80000e74 ifid_pc=80000e70 idex_pc=80000e6c ifid_i=000ff297 idex_v=1 exmem_v=1 mwb_v=1 stall=0 flush=1 br=0 j=10 rs1=1=80000608 rs2=0=00000000 a=80000608 b=00000000 alu=80000608 ra=80000e24 count=00000000
# TRACE t=6585000 pc=80000e1c ifid_pc=00000000 idex_pc=00000000 ifid_i=00000000 idex_v=0 exmem_v=1 mwb_v=0 stall=0 flush=0 br=0 j=00 rs1=0=00000000 rs2=0=00000000 a=00000000 b=00000000 alu=00000000 ra=80000608 count=00000000
# TRACE t=6595000 pc=80000e20 ifid_pc=80000e1c idex_pc=00000000 ifid_i=00008413 idex_v=0 exmem_v=0 mwb_v=1 stall=0 flush=0 br=0 j=00 rs1=0=00000000 rs2=0=00000000 a=00000000 b=00000000 alu=00000000 ra=80000608 count=00000000
# TRACE t=6605000 pc=80000e24 ifid_pc=80000e20 idex_pc=80000e1c ifid_i=010000ef idex_v=1 exmem_v=0 mwb_v=0 stall=0 flush=0 br=0 j=00 rs1=1=80000608 rs2=0=00000000 a=80000608 b=00000000 alu=80000608 ra=8000060c count=00000000
# TRACE t=6615000 pc=80000e28 ifid_pc=80000e24 idex_pc=80000e20 ifid_i=00000297 idex_v=1 exmem_v=1 mwb_v=0 stall=0 flush=1 br=0 j=01 rs1=0=00000000 rs2=16=00000000 a=00000000 b=00000000 alu=00000000 ra=8000060c count=00000000
# TRACE t=6625000 pc=80000e30 ifid_pc=00000000 idex_pc=00000000 ifid_i=00000000 idex_v=0 exmem_v=1 mwb_v=1 stall=0 flush=0 br=0 j=00 rs1=0=00000000 rs2=0=00000000 a=00000000 b=00000000 alu=00000000 ra=8000060c count=00000000
# TRACE t=6635000 pc=80000e34 ifid_pc=80000e30 idex_pc=00000000 ifid_i=00400313 idex_v=0 exmem_v=0 mwb_v=1 stall=0 flush=0 br=0 j=00 rs1=0=00000000 rs2=0=00000000 a=00000000 b=00000000 alu=00000000 ra=8000060c count=00000000
# TRACE t=6645000 pc=80000e38 ifid_pc=80000e34 idex_pc=80000e30 ifid_i=00008067 idex_v=1 exmem_v=0 mwb_v=0 stall=0 flush=0 br=0 j=00 rs1=0=00000000 rs2=4=00000000 a=00000000 b=00000004 alu=00000004 ra=80000e24 count=00000000
# TRACE t=6655000 pc=80000e3c ifid_pc=80000e38 idex_pc=80000e34 ifid_i=000ff297 idex_v=1 exmem_v=1 mwb_v=0 stall=0 flush=1 br=0 j=10 rs1=1=80000e24 rs2=0=00000000 a=80000e24 b=00000000 alu=80000e24 ra=80000e24 count=00000000
# TRACE t=6665000 pc=80000e24 ifid_pc=00000000 idex_pc=00000000 ifid_i=00000000 idex_v=0 exmem_v=1 mwb_v=1 stall=0 flush=0 br=0 j=00 rs1=0=00000000 rs2=0=00000000 a=00000000 b=00000000 alu=00000000 ra=80000e24 count=00000000
# TRACE t=6675000 pc=80000e28 ifid_pc=80000e24 idex_pc=00000000 ifid_i=00000297 idex_v=0 exmem_v=0 mwb_v=1 stall=0 flush=0 br=0 j=00 rs1=0=00000000 rs2=0=00000000 a=00000000 b=00000000 alu=00000000 ra=80000e24 count=00000000
# TRACE t=6685000 pc=80000e2c ifid_pc=80000e28 idex_pc=80000e24 ifid_i=00509863 idex_v=1 exmem_v=0 mwb_v=0 stall=0 flush=0 br=0 j=00 rs1=0=00000000 rs2=0=00000000 a=80000e24 b=00000000 alu=80000e24 ra=80000e24 count=00000000
# TRACE t=6695000 pc=80000e30 ifid_pc=80000e2c idex_pc=80000e28 ifid_i=0280006f idex_v=1 exmem_v=1 mwb_v=0 stall=0 flush=0 br=1 j=00 rs1=1=80000e24 rs2=5=80000e24 a=80000e24 b=80000e24 alu=00000000 ra=80000e24 count=00000000
# TRACE t=6705000 pc=80000e34 ifid_pc=80000e30 idex_pc=80000e2c ifid_i=00400313 idex_v=1 exmem_v=1 mwb_v=1 stall=0 flush=1 br=0 j=01 rs1=0=00000000 rs2=8=80000608 a=00000000 b=80000608 alu=80000608 ra=80000e24 count=00000000
# TRACE t=6715000 pc=80000e54 ifid_pc=00000000 idex_pc=00000000 ifid_i=00000000 idex_v=0 exmem_v=1 mwb_v=1 stall=0 flush=0 br=0 j=00 rs1=0=00000000 rs2=0=00000000 a=00000000 b=00000000 alu=00000000 ra=80000e24 count=00000000
# TRACE t=6725000 pc=80000e58 ifid_pc=80000e54 idex_pc=00000000 ifid_i=000ff297 idex_v=0 exmem_v=0 mwb_v=1 stall=0 flush=0 br=0 j=00 rs1=0=00000000 rs2=0=00000000 a=00000000 b=00000000 alu=00000000 ra=80000e24 count=00000000
# TRACE t=6735000 pc=80000e5c ifid_pc=80000e58 idex_pc=80000e54 ifid_i=1ac28293 idex_v=1 exmem_v=0 mwb_v=0 stall=0 flush=0 br=0 j=00 rs1=31=00000000 rs2=0=00000000 a=80000e54 b=000ff000 alu=800ffe54 ra=80000e24 count=00000000
# TRACE t=6745000 pc=80000e60 ifid_pc=80000e5c idex_pc=80000e58 ifid_i=0002a303 idex_v=1 exmem_v=1 mwb_v=0 stall=0 flush=0 br=0 j=00 rs1=5=800ffe54 rs2=12=00000000 a=800ffe54 b=000001ac alu=80100000 ra=80000e24 count=00000000
# TRACE t=6755000 pc=80000e64 ifid_pc=80000e60 idex_pc=80000e5c ifid_i=00130313 idex_v=1 exmem_v=1 mwb_v=1 stall=1 flush=0 br=0 j=00 rs1=5=80100000 rs2=0=00000000 a=80100000 b=00000000 alu=80100000 ra=80000e24 count=00000000
# TRACE t=6765000 pc=80000e64 ifid_pc=80000e60 idex_pc=00000000 ifid_i=00130313 idex_v=0 exmem_v=1 mwb_v=1 stall=0 flush=0 br=0 j=00 rs1=0=00000000 rs2=0=00000000 a=00000000 b=00000000 alu=00000000 ra=80000e24 count=00000000
# TRACE t=6775000 pc=80000e68 ifid_pc=80000e64 idex_pc=80000e60 ifid_i=0062a023 idex_v=1 exmem_v=0 mwb_v=1 stall=0 flush=0 br=0 j=00 rs1=6=00000000 rs2=1=80000e24 a=00000000 b=00000001 alu=00000001 ra=80000e24 count=00000000
# TRACE t=6785000 pc=80000e6c ifid_pc=80000e68 idex_pc=80000e64 ifid_i=00040093 idex_v=1 exmem_v=1 mwb_v=0 stall=0 flush=0 br=0 j=00 rs1=5=80100000 rs2=6=00000001 a=80100000 b=00000000 alu=80100000 ra=80000e24 count=00000000
# TRACE t=6795000 pc=80000e70 ifid_pc=80000e6c idex_pc=80000e68 ifid_i=00008067 idex_v=1 exmem_v=1 mwb_v=1 stall=0 flush=0 br=0 j=00 rs1=8=80000608 rs2=0=00000000 a=80000608 b=00000000 alu=80000608 ra=80000e24 count=00000000
# COUNT t=6795000 data=00000001
# TRACE t=6805000 pc=80000e74 ifid_pc=80000e70 idex_pc=80000e6c ifid_i=000ff297 idex_v=1 exmem_v=1 mwb_v=1 stall=0 flush=1 br=0 j=10 rs1=1=80000608 rs2=0=00000000 a=80000608 b=00000000 alu=80000608 ra=80000e24 count=00000000
# TRACE t=6845000 pc=80000e1c ifid_pc=00000000 idex_pc=00000000 ifid_i=00000000 idex_v=0 exmem_v=1 mwb_v=0 stall=0 flush=0 br=0 j=00 rs1=0=00000000 rs2=0=00000000 a=00000000 b=00000000 alu=00000000 ra=80000608 count=00000000
# TRACE t=6855000 pc=80000e20 ifid_pc=80000e1c idex_pc=00000000 ifid_i=00008413 idex_v=0 exmem_v=0 mwb_v=1 stall=0 flush=0 br=0 j=00 rs1=0=00000000 rs2=0=00000000 a=00000000 b=00000000 alu=00000000 ra=80000608 count=00000000
# TRACE t=6865000 pc=80000e24 ifid_pc=80000e20 idex_pc=80000e1c ifid_i=010000ef idex_v=1 exmem_v=0 mwb_v=0 stall=0 flush=0 br=0 j=00 rs1=1=80000608 rs2=0=00000000 a=80000608 b=00000000 alu=80000608 ra=8000060c count=00000000
# TRACE t=6875000 pc=80000e28 ifid_pc=80000e24 idex_pc=80000e20 ifid_i=00000297 idex_v=1 exmem_v=1 mwb_v=0 stall=0 flush=1 br=0 j=01 rs1=0=00000000 rs2=16=00000000 a=00000000 b=00000000 alu=00000000 ra=8000060c count=00000000
# TRACE t=6885000 pc=80000e30 ifid_pc=00000000 idex_pc=00000000 ifid_i=00000000 idex_v=0 exmem_v=1 mwb_v=1 stall=0 flush=0 br=0 j=00 rs1=0=00000000 rs2=0=00000000 a=00000000 b=00000000 alu=00000000 ra=8000060c count=00000000
# TRACE t=6895000 pc=80000e34 ifid_pc=80000e30 idex_pc=00000000 ifid_i=00400313 idex_v=0 exmem_v=0 mwb_v=1 stall=0 flush=0 br=0 j=00 rs1=0=00000000 rs2=0=00000000 a=00000000 b=00000000 alu=00000000 ra=8000060c count=00000000
# TRACE t=6905000 pc=80000e38 ifid_pc=80000e34 idex_pc=80000e30 ifid_i=00008067 idex_v=1 exmem_v=0 mwb_v=0 stall=0 flush=0 br=0 j=00 rs1=0=00000000 rs2=4=00000000 a=00000000 b=00000004 alu=00000004 ra=80000e24 count=00000000
# TRACE t=6915000 pc=80000e3c ifid_pc=80000e38 idex_pc=80000e34 ifid_i=000ff297 idex_v=1 exmem_v=1 mwb_v=0 stall=0 flush=1 br=0 j=10 rs1=1=80000e24 rs2=0=00000000 a=80000e24 b=00000000 alu=80000e24 ra=80000e24 count=00000000
# TRACE t=6925000 pc=80000e24 ifid_pc=00000000 idex_pc=00000000 ifid_i=00000000 idex_v=0 exmem_v=1 mwb_v=1 stall=0 flush=0 br=0 j=00 rs1=0=00000000 rs2=0=00000000 a=00000000 b=00000000 alu=00000000 ra=80000e24 count=00000000
# TRACE t=6935000 pc=80000e28 ifid_pc=80000e24 idex_pc=00000000 ifid_i=00000297 idex_v=0 exmem_v=0 mwb_v=1 stall=0 flush=0 br=0 j=00 rs1=0=00000000 rs2=0=00000000 a=00000000 b=00000000 alu=00000000 ra=80000e24 count=00000000
# TRACE t=6945000 pc=80000e2c ifid_pc=80000e28 idex_pc=80000e24 ifid_i=00509863 idex_v=1 exmem_v=0 mwb_v=0 stall=0 flush=0 br=0 j=00 rs1=0=00000000 rs2=0=00000000 a=80000e24 b=00000000 alu=80000e24 ra=80000e24 count=00000000
# TRACE t=6955000 pc=80000e30 ifid_pc=80000e2c idex_pc=80000e28 ifid_i=0280006f idex_v=1 exmem_v=1 mwb_v=0 stall=0 flush=0 br=1 j=00 rs1=1=80000e24 rs2=5=80000e24 a=80000e24 b=80000e24 alu=00000000 ra=80000e24 count=00000000
# TRACE t=6965000 pc=80000e34 ifid_pc=80000e30 idex_pc=80000e2c ifid_i=00400313 idex_v=1 exmem_v=1 mwb_v=1 stall=0 flush=1 br=0 j=01 rs1=0=00000000 rs2=8=80000608 a=00000000 b=80000608 alu=80000608 ra=80000e24 count=00000000
# TRACE t=6975000 pc=80000e54 ifid_pc=00000000 idex_pc=00000000 ifid_i=00000000 idex_v=0 exmem_v=1 mwb_v=1 stall=0 flush=0 br=0 j=00 rs1=0=00000000 rs2=0=00000000 a=00000000 b=00000000 alu=00000000 ra=80000e24 count=00000000
# TRACE t=6985000 pc=80000e58 ifid_pc=80000e54 idex_pc=00000000 ifid_i=000ff297 idex_v=0 exmem_v=0 mwb_v=1 stall=0 flush=0 br=0 j=00 rs1=0=00000000 rs2=0=00000000 a=00000000 b=00000000 alu=00000000 ra=80000e24 count=00000000
# TRACE t=6995000 pc=80000e5c ifid_pc=80000e58 idex_pc=80000e54 ifid_i=1ac28293 idex_v=1 exmem_v=0 mwb_v=0 stall=0 flush=0 br=0 j=00 rs1=31=00000000 rs2=0=00000000 a=80000e54 b=000ff000 alu=800ffe54 ra=80000e24 count=00000000
# TRACE t=7005000 pc=80000e60 ifid_pc=80000e5c idex_pc=80000e58 ifid_i=0002a303 idex_v=1 exmem_v=1 mwb_v=0 stall=0 flush=0 br=0 j=00 rs1=5=800ffe54 rs2=12=00000000 a=800ffe54 b=000001ac alu=80100000 ra=80000e24 count=00000000
# TRACE t=7015000 pc=80000e64 ifid_pc=80000e60 idex_pc=80000e5c ifid_i=00130313 idex_v=1 exmem_v=1 mwb_v=1 stall=1 flush=0 br=0 j=00 rs1=5=80100000 rs2=0=00000000 a=80100000 b=00000000 alu=80100000 ra=80000e24 count=00000000
# TRACE t=7025000 pc=80000e64 ifid_pc=80000e60 idex_pc=00000000 ifid_i=00130313 idex_v=0 exmem_v=1 mwb_v=1 stall=0 flush=0 br=0 j=00 rs1=0=00000000 rs2=0=00000000 a=00000000 b=00000000 alu=00000000 ra=80000e24 count=00000000
# TRACE t=7035000 pc=80000e68 ifid_pc=80000e64 idex_pc=80000e60 ifid_i=0062a023 idex_v=1 exmem_v=0 mwb_v=1 stall=0 flush=0 br=0 j=00 rs1=6=00000000 rs2=1=80000e24 a=00000000 b=00000001 alu=00000001 ra=80000e24 count=00000000
# TRACE t=7045000 pc=80000e6c ifid_pc=80000e68 idex_pc=80000e64 ifid_i=00040093 idex_v=1 exmem_v=1 mwb_v=0 stall=0 flush=0 br=0 j=00 rs1=5=80100000 rs2=6=00000001 a=80100000 b=00000000 alu=80100000 ra=80000e24 count=00000000
# TRACE t=7055000 pc=80000e70 ifid_pc=80000e6c idex_pc=80000e68 ifid_i=00008067 idex_v=1 exmem_v=1 mwb_v=1 stall=0 flush=0 br=0 j=00 rs1=8=80000608 rs2=0=00000000 a=80000608 b=00000000 alu=80000608 ra=80000e24 count=00000000
# COUNT t=7055000 data=00000001
# TRACE t=7065000 pc=80000e74 ifid_pc=80000e70 idex_pc=80000e6c ifid_i=000ff297 idex_v=1 exmem_v=1 mwb_v=1 stall=0 flush=1 br=0 j=10 rs1=1=80000608 rs2=0=00000000 a=80000608 b=00000000 alu=80000608 ra=80000e24 count=00000000
# TRACE t=7105000 pc=80000e1c ifid_pc=00000000 idex_pc=00000000 ifid_i=00000000 idex_v=0 exmem_v=1 mwb_v=0 stall=0 flush=0 br=0 j=00 rs1=0=00000000 rs2=0=00000000 a=00000000 b=00000000 alu=00000000 ra=80000608 count=00000000
# TRACE t=7115000 pc=80000e20 ifid_pc=80000e1c idex_pc=00000000 ifid_i=00008413 idex_v=0 exmem_v=0 mwb_v=1 stall=0 flush=0 br=0 j=00 rs1=0=00000000 rs2=0=00000000 a=00000000 b=00000000 alu=00000000 ra=80000608 count=00000000
# TRACE t=7125000 pc=80000e24 ifid_pc=80000e20 idex_pc=80000e1c ifid_i=010000ef idex_v=1 exmem_v=0 mwb_v=0 stall=0 flush=0 br=0 j=00 rs1=1=80000608 rs2=0=00000000 a=80000608 b=00000000 alu=80000608 ra=8000060c count=00000000
# TRACE t=7135000 pc=80000e28 ifid_pc=80000e24 idex_pc=80000e20 ifid_i=00000297 idex_v=1 exmem_v=1 mwb_v=0 stall=0 flush=1 br=0 j=01 rs1=0=00000000 rs2=16=00000000 a=00000000 b=00000000 alu=00000000 ra=8000060c count=00000000
# TRACE t=7145000 pc=80000e30 ifid_pc=00000000 idex_pc=00000000 ifid_i=00000000 idex_v=0 exmem_v=1 mwb_v=1 stall=0 flush=0 br=0 j=00 rs1=0=00000000 rs2=0=00000000 a=00000000 b=00000000 alu=00000000 ra=8000060c count=00000000
# TRACE t=7155000 pc=80000e34 ifid_pc=80000e30 idex_pc=00000000 ifid_i=00400313 idex_v=0 exmem_v=0 mwb_v=1 stall=0 flush=0 br=0 j=00 rs1=0=00000000 rs2=0=00000000 a=00000000 b=00000000 alu=00000000 ra=8000060c count=00000000
# TRACE t=7165000 pc=80000e38 ifid_pc=80000e34 idex_pc=80000e30 ifid_i=00008067 idex_v=1 exmem_v=0 mwb_v=0 stall=0 flush=0 br=0 j=00 rs1=0=00000000 rs2=4=00000000 a=00000000 b=00000004 alu=00000004 ra=80000e24 count=00000000
# TRACE t=7175000 pc=80000e3c ifid_pc=80000e38 idex_pc=80000e34 ifid_i=000ff297 idex_v=1 exmem_v=1 mwb_v=0 stall=0 flush=1 br=0 j=10 rs1=1=80000e24 rs2=0=00000000 a=80000e24 b=00000000 alu=80000e24 ra=80000e24 count=00000000
# TRACE t=7185000 pc=80000e24 ifid_pc=00000000 idex_pc=00000000 ifid_i=00000000 idex_v=0 exmem_v=1 mwb_v=1 stall=0 flush=0 br=0 j=00 rs1=0=00000000 rs2=0=00000000 a=00000000 b=00000000 alu=00000000 ra=80000e24 count=00000000
# TRACE t=7195000 pc=80000e28 ifid_pc=80000e24 idex_pc=00000000 ifid_i=00000297 idex_v=0 exmem_v=0 mwb_v=1 stall=0 flush=0 br=0 j=00 rs1=0=00000000 rs2=0=00000000 a=00000000 b=00000000 alu=00000000 ra=80000e24 count=00000000
# TRACE t=7205000 pc=80000e2c ifid_pc=80000e28 idex_pc=80000e24 ifid_i=00509863 idex_v=1 exmem_v=0 mwb_v=0 stall=0 flush=0 br=0 j=00 rs1=0=00000000 rs2=0=00000000 a=80000e24 b=00000000 alu=80000e24 ra=80000e24 count=00000000
# TRACE t=7215000 pc=80000e30 ifid_pc=80000e2c idex_pc=80000e28 ifid_i=0280006f idex_v=1 exmem_v=1 mwb_v=0 stall=0 flush=0 br=1 j=00 rs1=1=80000e24 rs2=5=80000e24 a=80000e24 b=80000e24 alu=00000000 ra=80000e24 count=00000000
# TRACE t=7225000 pc=80000e34 ifid_pc=80000e30 idex_pc=80000e2c ifid_i=00400313 idex_v=1 exmem_v=1 mwb_v=1 stall=0 flush=1 br=0 j=01 rs1=0=00000000 rs2=8=80000608 a=00000000 b=80000608 alu=80000608 ra=80000e24 count=00000000
# TRACE t=7235000 pc=80000e54 ifid_pc=00000000 idex_pc=00000000 ifid_i=00000000 idex_v=0 exmem_v=1 mwb_v=1 stall=0 flush=0 br=0 j=00 rs1=0=00000000 rs2=0=00000000 a=00000000 b=00000000 alu=00000000 ra=80000e24 count=00000000
# TRACE t=7245000 pc=80000e58 ifid_pc=80000e54 idex_pc=00000000 ifid_i=000ff297 idex_v=0 exmem_v=0 mwb_v=1 stall=0 flush=0 br=0 j=00 rs1=0=00000000 rs2=0=00000000 a=00000000 b=00000000 alu=00000000 ra=80000e24 count=00000000
# TRACE t=7255000 pc=80000e5c ifid_pc=80000e58 idex_pc=80000e54 ifid_i=1ac28293 idex_v=1 exmem_v=0 mwb_v=0 stall=0 flush=0 br=0 j=00 rs1=31=00000000 rs2=0=00000000 a=80000e54 b=000ff000 alu=800ffe54 ra=80000e24 count=00000000
# TRACE t=7265000 pc=80000e60 ifid_pc=80000e5c idex_pc=80000e58 ifid_i=0002a303 idex_v=1 exmem_v=1 mwb_v=0 stall=0 flush=0 br=0 j=00 rs1=5=800ffe54 rs2=12=00000000 a=800ffe54 b=000001ac alu=80100000 ra=80000e24 count=00000000
# TRACE t=7275000 pc=80000e64 ifid_pc=80000e60 idex_pc=80000e5c ifid_i=00130313 idex_v=1 exmem_v=1 mwb_v=1 stall=1 flush=0 br=0 j=00 rs1=5=80100000 rs2=0=00000000 a=80100000 b=00000000 alu=80100000 ra=80000e24 count=00000000
# TRACE t=7285000 pc=80000e64 ifid_pc=80000e60 idex_pc=00000000 ifid_i=00130313 idex_v=0 exmem_v=1 mwb_v=1 stall=0 flush=0 br=0 j=00 rs1=0=00000000 rs2=0=00000000 a=00000000 b=00000000 alu=00000000 ra=80000e24 count=00000000
# TRACE t=7295000 pc=80000e68 ifid_pc=80000e64 idex_pc=80000e60 ifid_i=0062a023 idex_v=1 exmem_v=0 mwb_v=1 stall=0 flush=0 br=0 j=00 rs1=6=00000000 rs2=1=80000e24 a=00000000 b=00000001 alu=00000001 ra=80000e24 count=00000000
# TRACE t=7305000 pc=80000e6c ifid_pc=80000e68 idex_pc=80000e64 ifid_i=00040093 idex_v=1 exmem_v=1 mwb_v=0 stall=0 flush=0 br=0 j=00 rs1=5=80100000 rs2=6=00000001 a=80100000 b=00000000 alu=80100000 ra=80000e24 count=00000000
# TRACE t=7315000 pc=80000e70 ifid_pc=80000e6c idex_pc=80000e68 ifid_i=00008067 idex_v=1 exmem_v=1 mwb_v=1 stall=0 flush=0 br=0 j=00 rs1=8=80000608 rs2=0=00000000 a=80000608 b=00000000 alu=80000608 ra=80000e24 count=00000000
# COUNT t=7315000 data=00000001
# TRACE t=7325000 pc=80000e74 ifid_pc=80000e70 idex_pc=80000e6c ifid_i=000ff297 idex_v=1 exmem_v=1 mwb_v=1 stall=0 flush=1 br=0 j=10 rs1=1=80000608 rs2=0=00000000 a=80000608 b=00000000 alu=80000608 ra=80000e24 count=00000000
# TRACE t=7365000 pc=80000e1c ifid_pc=00000000 idex_pc=00000000 ifid_i=00000000 idex_v=0 exmem_v=1 mwb_v=0 stall=0 flush=0 br=0 j=00 rs1=0=00000000 rs2=0=00000000 a=00000000 b=00000000 alu=00000000 ra=80000608 count=00000000
# TRACE t=7375000 pc=80000e20 ifid_pc=80000e1c idex_pc=00000000 ifid_i=00008413 idex_v=0 exmem_v=0 mwb_v=1 stall=0 flush=0 br=0 j=00 rs1=0=00000000 rs2=0=00000000 a=00000000 b=00000000 alu=00000000 ra=80000608 count=00000000
# TRACE t=7385000 pc=80000e24 ifid_pc=80000e20 idex_pc=80000e1c ifid_i=010000ef idex_v=1 exmem_v=0 mwb_v=0 stall=0 flush=0 br=0 j=00 rs1=1=80000608 rs2=0=00000000 a=80000608 b=00000000 alu=80000608 ra=8000060c count=00000000
# TRACE t=7395000 pc=80000e28 ifid_pc=80000e24 idex_pc=80000e20 ifid_i=00000297 idex_v=1 exmem_v=1 mwb_v=0 stall=0 flush=1 br=0 j=01 rs1=0=00000000 rs2=16=00000000 a=00000000 b=00000000 alu=00000000 ra=8000060c count=00000000
# TRACE t=7405000 pc=80000e30 ifid_pc=00000000 idex_pc=00000000 ifid_i=00000000 idex_v=0 exmem_v=1 mwb_v=1 stall=0 flush=0 br=0 j=00 rs1=0=00000000 rs2=0=00000000 a=00000000 b=00000000 alu=00000000 ra=8000060c count=00000000
# TRACE t=7415000 pc=80000e34 ifid_pc=80000e30 idex_pc=00000000 ifid_i=00400313 idex_v=0 exmem_v=0 mwb_v=1 stall=0 flush=0 br=0 j=00 rs1=0=00000000 rs2=0=00000000 a=00000000 b=00000000 alu=00000000 ra=8000060c count=00000000
# TRACE t=7425000 pc=80000e38 ifid_pc=80000e34 idex_pc=80000e30 ifid_i=00008067 idex_v=1 exmem_v=0 mwb_v=0 stall=0 flush=0 br=0 j=00 rs1=0=00000000 rs2=4=00000000 a=00000000 b=00000004 alu=00000004 ra=80000e24 count=00000000
# TRACE t=7435000 pc=80000e3c ifid_pc=80000e38 idex_pc=80000e34 ifid_i=000ff297 idex_v=1 exmem_v=1 mwb_v=0 stall=0 flush=1 br=0 j=10 rs1=1=80000e24 rs2=0=00000000 a=80000e24 b=00000000 alu=80000e24 ra=80000e24 count=00000000
# TRACE t=7445000 pc=80000e24 ifid_pc=00000000 idex_pc=00000000 ifid_i=00000000 idex_v=0 exmem_v=1 mwb_v=1 stall=0 flush=0 br=0 j=00 rs1=0=00000000 rs2=0=00000000 a=00000000 b=00000000 alu=00000000 ra=80000e24 count=00000000
# TRACE t=7455000 pc=80000e28 ifid_pc=80000e24 idex_pc=00000000 ifid_i=00000297 idex_v=0 exmem_v=0 mwb_v=1 stall=0 flush=0 br=0 j=00 rs1=0=00000000 rs2=0=00000000 a=00000000 b=00000000 alu=00000000 ra=80000e24 count=00000000
# TRACE t=7465000 pc=80000e2c ifid_pc=80000e28 idex_pc=80000e24 ifid_i=00509863 idex_v=1 exmem_v=0 mwb_v=0 stall=0 flush=0 br=0 j=00 rs1=0=00000000 rs2=0=00000000 a=80000e24 b=00000000 alu=80000e24 ra=80000e24 count=00000000
# TRACE t=7475000 pc=80000e30 ifid_pc=80000e2c idex_pc=80000e28 ifid_i=0280006f idex_v=1 exmem_v=1 mwb_v=0 stall=0 flush=0 br=1 j=00 rs1=1=80000e24 rs2=5=80000e24 a=80000e24 b=80000e24 alu=00000000 ra=80000e24 count=00000000
# TRACE t=7485000 pc=80000e34 ifid_pc=80000e30 idex_pc=80000e2c ifid_i=00400313 idex_v=1 exmem_v=1 mwb_v=1 stall=0 flush=1 br=0 j=01 rs1=0=00000000 rs2=8=80000608 a=00000000 b=80000608 alu=80000608 ra=80000e24 count=00000000
# TRACE t=7495000 pc=80000e54 ifid_pc=00000000 idex_pc=00000000 ifid_i=00000000 idex_v=0 exmem_v=1 mwb_v=1 stall=0 flush=0 br=0 j=00 rs1=0=00000000 rs2=0=00000000 a=00000000 b=00000000 alu=00000000 ra=80000e24 count=00000000
# TRACE t=7505000 pc=80000e58 ifid_pc=80000e54 idex_pc=00000000 ifid_i=000ff297 idex_v=0 exmem_v=0 mwb_v=1 stall=0 flush=0 br=0 j=00 rs1=0=00000000 rs2=0=00000000 a=00000000 b=00000000 alu=00000000 ra=80000e24 count=00000000
# TRACE t=7515000 pc=80000e5c ifid_pc=80000e58 idex_pc=80000e54 ifid_i=1ac28293 idex_v=1 exmem_v=0 mwb_v=0 stall=0 flush=0 br=0 j=00 rs1=31=00000000 rs2=0=00000000 a=80000e54 b=000ff000 alu=800ffe54 ra=80000e24 count=00000000
# TRACE t=7525000 pc=80000e60 ifid_pc=80000e5c idex_pc=80000e58 ifid_i=0002a303 idex_v=1 exmem_v=1 mwb_v=0 stall=0 flush=0 br=0 j=00 rs1=5=800ffe54 rs2=12=00000000 a=800ffe54 b=000001ac alu=80100000 ra=80000e24 count=00000000
# TRACE t=7535000 pc=80000e64 ifid_pc=80000e60 idex_pc=80000e5c ifid_i=00130313 idex_v=1 exmem_v=1 mwb_v=1 stall=1 flush=0 br=0 j=00 rs1=5=80100000 rs2=0=00000000 a=80100000 b=00000000 alu=80100000 ra=80000e24 count=00000000
# TRACE t=7545000 pc=80000e64 ifid_pc=80000e60 idex_pc=00000000 ifid_i=00130313 idex_v=0 exmem_v=1 mwb_v=1 stall=0 flush=0 br=0 j=00 rs1=0=00000000 rs2=0=00000000 a=00000000 b=00000000 alu=00000000 ra=80000e24 count=00000000
# TRACE t=7555000 pc=80000e68 ifid_pc=80000e64 idex_pc=80000e60 ifid_i=0062a023 idex_v=1 exmem_v=0 mwb_v=1 stall=0 flush=0 br=0 j=00 rs1=6=00000000 rs2=1=80000e24 a=00000000 b=00000001 alu=00000001 ra=80000e24 count=00000000
# TRACE t=7565000 pc=80000e6c ifid_pc=80000e68 idex_pc=80000e64 ifid_i=00040093 idex_v=1 exmem_v=1 mwb_v=0 stall=0 flush=0 br=0 j=00 rs1=5=80100000 rs2=6=00000001 a=80100000 b=00000000 alu=80100000 ra=80000e24 count=00000000
# TRACE t=7575000 pc=80000e70 ifid_pc=80000e6c idex_pc=80000e68 ifid_i=00008067 idex_v=1 exmem_v=1 mwb_v=1 stall=0 flush=0 br=0 j=00 rs1=8=80000608 rs2=0=00000000 a=80000608 b=00000000 alu=80000608 ra=80000e24 count=00000000
# COUNT t=7575000 data=00000001
# TRACE t=7585000 pc=80000e74 ifid_pc=80000e70 idex_pc=80000e6c ifid_i=000ff297 idex_v=1 exmem_v=1 mwb_v=1 stall=0 flush=1 br=0 j=10 rs1=1=80000608 rs2=0=00000000 a=80000608 b=00000000 alu=80000608 ra=80000e24 count=00000000
# TRACE t=7625000 pc=80000e1c ifid_pc=00000000 idex_pc=00000000 ifid_i=00000000 idex_v=0 exmem_v=1 mwb_v=0 stall=0 flush=0 br=0 j=00 rs1=0=00000000 rs2=0=00000000 a=00000000 b=00000000 alu=00000000 ra=80000608 count=00000000
# TRACE t=7635000 pc=80000e20 ifid_pc=80000e1c idex_pc=00000000 ifid_i=00008413 idex_v=0 exmem_v=0 mwb_v=1 stall=0 flush=0 br=0 j=00 rs1=0=00000000 rs2=0=00000000 a=00000000 b=00000000 alu=00000000 ra=80000608 count=00000000
# TRACE t=7645000 pc=80000e24 ifid_pc=80000e20 idex_pc=80000e1c ifid_i=010000ef idex_v=1 exmem_v=0 mwb_v=0 stall=0 flush=0 br=0 j=00 rs1=1=80000608 rs2=0=00000000 a=80000608 b=00000000 alu=80000608 ra=8000060c count=00000000
# TRACE t=7655000 pc=80000e28 ifid_pc=80000e24 idex_pc=80000e20 ifid_i=00000297 idex_v=1 exmem_v=1 mwb_v=0 stall=0 flush=1 br=0 j=01 rs1=0=00000000 rs2=16=00000000 a=00000000 b=00000000 alu=00000000 ra=8000060c count=00000000
# TRACE t=7665000 pc=80000e30 ifid_pc=00000000 idex_pc=00000000 ifid_i=00000000 idex_v=0 exmem_v=1 mwb_v=1 stall=0 flush=0 br=0 j=00 rs1=0=00000000 rs2=0=00000000 a=00000000 b=00000000 alu=00000000 ra=8000060c count=00000000
# TRACE t=7675000 pc=80000e34 ifid_pc=80000e30 idex_pc=00000000 ifid_i=00400313 idex_v=0 exmem_v=0 mwb_v=1 stall=0 flush=0 br=0 j=00 rs1=0=00000000 rs2=0=00000000 a=00000000 b=00000000 alu=00000000 ra=8000060c count=00000000
# TRACE t=7685000 pc=80000e38 ifid_pc=80000e34 idex_pc=80000e30 ifid_i=00008067 idex_v=1 exmem_v=0 mwb_v=0 stall=0 flush=0 br=0 j=00 rs1=0=00000000 rs2=4=00000000 a=00000000 b=00000004 alu=00000004 ra=80000e24 count=00000000
# TRACE t=7695000 pc=80000e3c ifid_pc=80000e38 idex_pc=80000e34 ifid_i=000ff297 idex_v=1 exmem_v=1 mwb_v=0 stall=0 flush=1 br=0 j=10 rs1=1=80000e24 rs2=0=00000000 a=80000e24 b=00000000 alu=80000e24 ra=80000e24 count=00000000
# TRACE t=7705000 pc=80000e24 ifid_pc=00000000 idex_pc=00000000 ifid_i=00000000 idex_v=0 exmem_v=1 mwb_v=1 stall=0 flush=0 br=0 j=00 rs1=0=00000000 rs2=0=00000000 a=00000000 b=00000000 alu=00000000 ra=80000e24 count=00000000
# TRACE t=7715000 pc=80000e28 ifid_pc=80000e24 idex_pc=00000000 ifid_i=00000297 idex_v=0 exmem_v=0 mwb_v=1 stall=0 flush=0 br=0 j=00 rs1=0=00000000 rs2=0=00000000 a=00000000 b=00000000 alu=00000000 ra=80000e24 count=00000000
# TRACE t=7725000 pc=80000e2c ifid_pc=80000e28 idex_pc=80000e24 ifid_i=00509863 idex_v=1 exmem_v=0 mwb_v=0 stall=0 flush=0 br=0 j=00 rs1=0=00000000 rs2=0=00000000 a=80000e24 b=00000000 alu=80000e24 ra=80000e24 count=00000000
# TRACE t=7735000 pc=80000e30 ifid_pc=80000e2c idex_pc=80000e28 ifid_i=0280006f idex_v=1 exmem_v=1 mwb_v=0 stall=0 flush=0 br=1 j=00 rs1=1=80000e24 rs2=5=80000e24 a=80000e24 b=80000e24 alu=00000000 ra=80000e24 count=00000000
# TRACE t=7745000 pc=80000e34 ifid_pc=80000e30 idex_pc=80000e2c ifid_i=00400313 idex_v=1 exmem_v=1 mwb_v=1 stall=0 flush=1 br=0 j=01 rs1=0=00000000 rs2=8=80000608 a=00000000 b=80000608 alu=80000608 ra=80000e24 count=00000000
# TRACE t=7755000 pc=80000e54 ifid_pc=00000000 idex_pc=00000000 ifid_i=00000000 idex_v=0 exmem_v=1 mwb_v=1 stall=0 flush=0 br=0 j=00 rs1=0=00000000 rs2=0=00000000 a=00000000 b=00000000 alu=00000000 ra=80000e24 count=00000000
# TRACE t=7765000 pc=80000e58 ifid_pc=80000e54 idex_pc=00000000 ifid_i=000ff297 idex_v=0 exmem_v=0 mwb_v=1 stall=0 flush=0 br=0 j=00 rs1=0=00000000 rs2=0=00000000 a=00000000 b=00000000 alu=00000000 ra=80000e24 count=00000000
# TRACE t=7775000 pc=80000e5c ifid_pc=80000e58 idex_pc=80000e54 ifid_i=1ac28293 idex_v=1 exmem_v=0 mwb_v=0 stall=0 flush=0 br=0 j=00 rs1=31=00000000 rs2=0=00000000 a=80000e54 b=000ff000 alu=800ffe54 ra=80000e24 count=00000000
# TRACE t=7785000 pc=80000e60 ifid_pc=80000e5c idex_pc=80000e58 ifid_i=0002a303 idex_v=1 exmem_v=1 mwb_v=0 stall=0 flush=0 br=0 j=00 rs1=5=800ffe54 rs2=12=00000000 a=800ffe54 b=000001ac alu=80100000 ra=80000e24 count=00000000
# TRACE t=7795000 pc=80000e64 ifid_pc=80000e60 idex_pc=80000e5c ifid_i=00130313 idex_v=1 exmem_v=1 mwb_v=1 stall=1 flush=0 br=0 j=00 rs1=5=80100000 rs2=0=00000000 a=80100000 b=00000000 alu=80100000 ra=80000e24 count=00000000
# TRACE t=7805000 pc=80000e64 ifid_pc=80000e60 idex_pc=00000000 ifid_i=00130313 idex_v=0 exmem_v=1 mwb_v=1 stall=0 flush=0 br=0 j=00 rs1=0=00000000 rs2=0=00000000 a=00000000 b=00000000 alu=00000000 ra=80000e24 count=00000000
# TRACE t=7815000 pc=80000e68 ifid_pc=80000e64 idex_pc=80000e60 ifid_i=0062a023 idex_v=1 exmem_v=0 mwb_v=1 stall=0 flush=0 br=0 j=00 rs1=6=00000000 rs2=1=80000e24 a=00000000 b=00000001 alu=00000001 ra=80000e24 count=00000000
# TRACE t=7825000 pc=80000e6c ifid_pc=80000e68 idex_pc=80000e64 ifid_i=00040093 idex_v=1 exmem_v=1 mwb_v=0 stall=0 flush=0 br=0 j=00 rs1=5=80100000 rs2=6=00000001 a=80100000 b=00000000 alu=80100000 ra=80000e24 count=00000000
# TRACE t=7835000 pc=80000e70 ifid_pc=80000e6c idex_pc=80000e68 ifid_i=00008067 idex_v=1 exmem_v=1 mwb_v=1 stall=0 flush=0 br=0 j=00 rs1=8=80000608 rs2=0=00000000 a=80000608 b=00000000 alu=80000608 ra=80000e24 count=00000000
# COUNT t=7835000 data=00000001
# TRACE t=7845000 pc=80000e74 ifid_pc=80000e70 idex_pc=80000e6c ifid_i=000ff297 idex_v=1 exmem_v=1 mwb_v=1 stall=0 flush=1 br=0 j=10 rs1=1=80000608 rs2=0=00000000 a=80000608 b=00000000 alu=80000608 ra=80000e24 count=00000000
# TRACE t=7885000 pc=80000e1c ifid_pc=00000000 idex_pc=00000000 ifid_i=00000000 idex_v=0 exmem_v=1 mwb_v=0 stall=0 flush=0 br=0 j=00 rs1=0=00000000 rs2=0=00000000 a=00000000 b=00000000 alu=00000000 ra=80000608 count=00000000
# TRACE t=7895000 pc=80000e20 ifid_pc=80000e1c idex_pc=00000000 ifid_i=00008413 idex_v=0 exmem_v=0 mwb_v=1 stall=0 flush=0 br=0 j=00 rs1=0=00000000 rs2=0=00000000 a=00000000 b=00000000 alu=00000000 ra=80000608 count=00000000
# TRACE t=7905000 pc=80000e24 ifid_pc=80000e20 idex_pc=80000e1c ifid_i=010000ef idex_v=1 exmem_v=0 mwb_v=0 stall=0 flush=0 br=0 j=00 rs1=1=80000608 rs2=0=00000000 a=80000608 b=00000000 alu=80000608 ra=8000060c count=00000000
# TRACE t=7915000 pc=80000e28 ifid_pc=80000e24 idex_pc=80000e20 ifid_i=00000297 idex_v=1 exmem_v=1 mwb_v=0 stall=0 flush=1 br=0 j=01 rs1=0=00000000 rs2=16=00000000 a=00000000 b=00000000 alu=00000000 ra=8000060c count=00000000
# TRACE t=7925000 pc=80000e30 ifid_pc=00000000 idex_pc=00000000 ifid_i=00000000 idex_v=0 exmem_v=1 mwb_v=1 stall=0 flush=0 br=0 j=00 rs1=0=00000000 rs2=0=00000000 a=00000000 b=00000000 alu=00000000 ra=8000060c count=00000000
# TRACE t=7935000 pc=80000e34 ifid_pc=80000e30 idex_pc=00000000 ifid_i=00400313 idex_v=0 exmem_v=0 mwb_v=1 stall=0 flush=0 br=0 j=00 rs1=0=00000000 rs2=0=00000000 a=00000000 b=00000000 alu=00000000 ra=8000060c count=00000000
# TRACE t=7945000 pc=80000e38 ifid_pc=80000e34 idex_pc=80000e30 ifid_i=00008067 idex_v=1 exmem_v=0 mwb_v=0 stall=0 flush=0 br=0 j=00 rs1=0=00000000 rs2=4=00000000 a=00000000 b=00000004 alu=00000004 ra=80000e24 count=00000000
# TRACE t=7955000 pc=80000e3c ifid_pc=80000e38 idex_pc=80000e34 ifid_i=000ff297 idex_v=1 exmem_v=1 mwb_v=0 stall=0 flush=1 br=0 j=10 rs1=1=80000e24 rs2=0=00000000 a=80000e24 b=00000000 alu=80000e24 ra=80000e24 count=00000000
# TRACE t=7965000 pc=80000e24 ifid_pc=00000000 idex_pc=00000000 ifid_i=00000000 idex_v=0 exmem_v=1 mwb_v=1 stall=0 flush=0 br=0 j=00 rs1=0=00000000 rs2=0=00000000 a=00000000 b=00000000 alu=00000000 ra=80000e24 count=00000000
# TRACE t=7975000 pc=80000e28 ifid_pc=80000e24 idex_pc=00000000 ifid_i=00000297 idex_v=0 exmem_v=0 mwb_v=1 stall=0 flush=0 br=0 j=00 rs1=0=00000000 rs2=0=00000000 a=00000000 b=00000000 alu=00000000 ra=80000e24 count=00000000
# TRACE t=7985000 pc=80000e2c ifid_pc=80000e28 idex_pc=80000e24 ifid_i=00509863 idex_v=1 exmem_v=0 mwb_v=0 stall=0 flush=0 br=0 j=00 rs1=0=00000000 rs2=0=00000000 a=80000e24 b=00000000 alu=80000e24 ra=80000e24 count=00000000
# TRACE t=7995000 pc=80000e30 ifid_pc=80000e2c idex_pc=80000e28 ifid_i=0280006f idex_v=1 exmem_v=1 mwb_v=0 stall=0 flush=0 br=1 j=00 rs1=1=80000e24 rs2=5=80000e24 a=80000e24 b=80000e24 alu=00000000 ra=80000e24 count=00000000
# TRACE t=8005000 pc=80000e34 ifid_pc=80000e30 idex_pc=80000e2c ifid_i=00400313 idex_v=1 exmem_v=1 mwb_v=1 stall=0 flush=1 br=0 j=01 rs1=0=00000000 rs2=8=80000608 a=00000000 b=80000608 alu=80000608 ra=80000e24 count=00000000
# TRACE t=8015000 pc=80000e54 ifid_pc=00000000 idex_pc=00000000 ifid_i=00000000 idex_v=0 exmem_v=1 mwb_v=1 stall=0 flush=0 br=0 j=00 rs1=0=00000000 rs2=0=00000000 a=00000000 b=00000000 alu=00000000 ra=80000e24 count=00000000
# TRACE t=8025000 pc=80000e58 ifid_pc=80000e54 idex_pc=00000000 ifid_i=000ff297 idex_v=0 exmem_v=0 mwb_v=1 stall=0 flush=0 br=0 j=00 rs1=0=00000000 rs2=0=00000000 a=00000000 b=00000000 alu=00000000 ra=80000e24 count=00000000
# TRACE t=8035000 pc=80000e5c ifid_pc=80000e58 idex_pc=80000e54 ifid_i=1ac28293 idex_v=1 exmem_v=0 mwb_v=0 stall=0 flush=0 br=0 j=00 rs1=31=00000000 rs2=0=00000000 a=80000e54 b=000ff000 alu=800ffe54 ra=80000e24 count=00000000
# TRACE t=8045000 pc=80000e60 ifid_pc=80000e5c idex_pc=80000e58 ifid_i=0002a303 idex_v=1 exmem_v=1 mwb_v=0 stall=0 flush=0 br=0 j=00 rs1=5=800ffe54 rs2=12=00000000 a=800ffe54 b=000001ac alu=80100000 ra=80000e24 count=00000000
# TRACE t=8055000 pc=80000e64 ifid_pc=80000e60 idex_pc=80000e5c ifid_i=00130313 idex_v=1 exmem_v=1 mwb_v=1 stall=1 flush=0 br=0 j=00 rs1=5=80100000 rs2=0=00000000 a=80100000 b=00000000 alu=80100000 ra=80000e24 count=00000000
# TRACE t=8065000 pc=80000e64 ifid_pc=80000e60 idex_pc=00000000 ifid_i=00130313 idex_v=0 exmem_v=1 mwb_v=1 stall=0 flush=0 br=0 j=00 rs1=0=00000000 rs2=0=00000000 a=00000000 b=00000000 alu=00000000 ra=80000e24 count=00000000
# TRACE t=8075000 pc=80000e68 ifid_pc=80000e64 idex_pc=80000e60 ifid_i=0062a023 idex_v=1 exmem_v=0 mwb_v=1 stall=0 flush=0 br=0 j=00 rs1=6=00000000 rs2=1=80000e24 a=00000000 b=00000001 alu=00000001 ra=80000e24 count=00000000
# TRACE t=8085000 pc=80000e6c ifid_pc=80000e68 idex_pc=80000e64 ifid_i=00040093 idex_v=1 exmem_v=1 mwb_v=0 stall=0 flush=0 br=0 j=00 rs1=5=80100000 rs2=6=00000001 a=80100000 b=00000000 alu=80100000 ra=80000e24 count=00000000
# TRACE t=8095000 pc=80000e70 ifid_pc=80000e6c idex_pc=80000e68 ifid_i=00008067 idex_v=1 exmem_v=1 mwb_v=1 stall=0 flush=0 br=0 j=00 rs1=8=80000608 rs2=0=00000000 a=80000608 b=00000000 alu=80000608 ra=80000e24 count=00000000
# COUNT t=8095000 data=00000001
# TRACE t=8105000 pc=80000e74 ifid_pc=80000e70 idex_pc=80000e6c ifid_i=000ff297 idex_v=1 exmem_v=1 mwb_v=1 stall=0 flush=1 br=0 j=10 rs1=1=80000608 rs2=0=00000000 a=80000608 b=00000000 alu=80000608 ra=80000e24 count=00000000
# TRACE t=8145000 pc=80000e1c ifid_pc=00000000 idex_pc=00000000 ifid_i=00000000 idex_v=0 exmem_v=1 mwb_v=0 stall=0 flush=0 br=0 j=00 rs1=0=00000000 rs2=0=00000000 a=00000000 b=00000000 alu=00000000 ra=80000608 count=00000000
# TRACE t=8155000 pc=80000e20 ifid_pc=80000e1c idex_pc=00000000 ifid_i=00008413 idex_v=0 exmem_v=0 mwb_v=1 stall=0 flush=0 br=0 j=00 rs1=0=00000000 rs2=0=00000000 a=00000000 b=00000000 alu=00000000 ra=80000608 count=00000000
# TRACE t=8165000 pc=80000e24 ifid_pc=80000e20 idex_pc=80000e1c ifid_i=010000ef idex_v=1 exmem_v=0 mwb_v=0 stall=0 flush=0 br=0 j=00 rs1=1=80000608 rs2=0=00000000 a=80000608 b=00000000 alu=80000608 ra=8000060c count=00000000
# TRACE t=8175000 pc=80000e28 ifid_pc=80000e24 idex_pc=80000e20 ifid_i=00000297 idex_v=1 exmem_v=1 mwb_v=0 stall=0 flush=1 br=0 j=01 rs1=0=00000000 rs2=16=00000000 a=00000000 b=00000000 alu=00000000 ra=8000060c count=00000000
# TRACE t=8185000 pc=80000e30 ifid_pc=00000000 idex_pc=00000000 ifid_i=00000000 idex_v=0 exmem_v=1 mwb_v=1 stall=0 flush=0 br=0 j=00 rs1=0=00000000 rs2=0=00000000 a=00000000 b=00000000 alu=00000000 ra=8000060c count=00000000
# TRACE t=8195000 pc=80000e34 ifid_pc=80000e30 idex_pc=00000000 ifid_i=00400313 idex_v=0 exmem_v=0 mwb_v=1 stall=0 flush=0 br=0 j=00 rs1=0=00000000 rs2=0=00000000 a=00000000 b=00000000 alu=00000000 ra=8000060c count=00000000
# TRACE t=8205000 pc=80000e38 ifid_pc=80000e34 idex_pc=80000e30 ifid_i=00008067 idex_v=1 exmem_v=0 mwb_v=0 stall=0 flush=0 br=0 j=00 rs1=0=00000000 rs2=4=00000000 a=00000000 b=00000004 alu=00000004 ra=80000e24 count=00000000
# TRACE t=8215000 pc=80000e3c ifid_pc=80000e38 idex_pc=80000e34 ifid_i=000ff297 idex_v=1 exmem_v=1 mwb_v=0 stall=0 flush=1 br=0 j=10 rs1=1=80000e24 rs2=0=00000000 a=80000e24 b=00000000 alu=80000e24 ra=80000e24 count=00000000
# TRACE t=8225000 pc=80000e24 ifid_pc=00000000 idex_pc=00000000 ifid_i=00000000 idex_v=0 exmem_v=1 mwb_v=1 stall=0 flush=0 br=0 j=00 rs1=0=00000000 rs2=0=00000000 a=00000000 b=00000000 alu=00000000 ra=80000e24 count=00000000
# TRACE t=8235000 pc=80000e28 ifid_pc=80000e24 idex_pc=00000000 ifid_i=00000297 idex_v=0 exmem_v=0 mwb_v=1 stall=0 flush=0 br=0 j=00 rs1=0=00000000 rs2=0=00000000 a=00000000 b=00000000 alu=00000000 ra=80000e24 count=00000000
# TRACE t=8245000 pc=80000e2c ifid_pc=80000e28 idex_pc=80000e24 ifid_i=00509863 idex_v=1 exmem_v=0 mwb_v=0 stall=0 flush=0 br=0 j=00 rs1=0=00000000 rs2=0=00000000 a=80000e24 b=00000000 alu=80000e24 ra=80000e24 count=00000000
# TRACE t=8255000 pc=80000e30 ifid_pc=80000e2c idex_pc=80000e28 ifid_i=0280006f idex_v=1 exmem_v=1 mwb_v=0 stall=0 flush=0 br=1 j=00 rs1=1=80000e24 rs2=5=80000e24 a=80000e24 b=80000e24 alu=00000000 ra=80000e24 count=00000000
# TRACE t=8265000 pc=80000e34 ifid_pc=80000e30 idex_pc=80000e2c ifid_i=00400313 idex_v=1 exmem_v=1 mwb_v=1 stall=0 flush=1 br=0 j=01 rs1=0=00000000 rs2=8=80000608 a=00000000 b=80000608 alu=80000608 ra=80000e24 count=00000000
# TRACE t=8275000 pc=80000e54 ifid_pc=00000000 idex_pc=00000000 ifid_i=00000000 idex_v=0 exmem_v=1 mwb_v=1 stall=0 flush=0 br=0 j=00 rs1=0=00000000 rs2=0=00000000 a=00000000 b=00000000 alu=00000000 ra=80000e24 count=00000000
# TRACE t=8285000 pc=80000e58 ifid_pc=80000e54 idex_pc=00000000 ifid_i=000ff297 idex_v=0 exmem_v=0 mwb_v=1 stall=0 flush=0 br=0 j=00 rs1=0=00000000 rs2=0=00000000 a=00000000 b=00000000 alu=00000000 ra=80000e24 count=00000000
# TRACE t=8295000 pc=80000e5c ifid_pc=80000e58 idex_pc=80000e54 ifid_i=1ac28293 idex_v=1 exmem_v=0 mwb_v=0 stall=0 flush=0 br=0 j=00 rs1=31=00000000 rs2=0=00000000 a=80000e54 b=000ff000 alu=800ffe54 ra=80000e24 count=00000000
# TRACE t=8305000 pc=80000e60 ifid_pc=80000e5c idex_pc=80000e58 ifid_i=0002a303 idex_v=1 exmem_v=1 mwb_v=0 stall=0 flush=0 br=0 j=00 rs1=5=800ffe54 rs2=12=00000000 a=800ffe54 b=000001ac alu=80100000 ra=80000e24 count=00000000
# TRACE t=8315000 pc=80000e64 ifid_pc=80000e60 idex_pc=80000e5c ifid_i=00130313 idex_v=1 exmem_v=1 mwb_v=1 stall=1 flush=0 br=0 j=00 rs1=5=80100000 rs2=0=00000000 a=80100000 b=00000000 alu=80100000 ra=80000e24 count=00000000
# TRACE t=8325000 pc=80000e64 ifid_pc=80000e60 idex_pc=00000000 ifid_i=00130313 idex_v=0 exmem_v=1 mwb_v=1 stall=0 flush=0 br=0 j=00 rs1=0=00000000 rs2=0=00000000 a=00000000 b=00000000 alu=00000000 ra=80000e24 count=00000000
# TRACE t=8335000 pc=80000e68 ifid_pc=80000e64 idex_pc=80000e60 ifid_i=0062a023 idex_v=1 exmem_v=0 mwb_v=1 stall=0 flush=0 br=0 j=00 rs1=6=00000000 rs2=1=80000e24 a=00000000 b=00000001 alu=00000001 ra=80000e24 count=00000000
# TRACE t=8345000 pc=80000e6c ifid_pc=80000e68 idex_pc=80000e64 ifid_i=00040093 idex_v=1 exmem_v=1 mwb_v=0 stall=0 flush=0 br=0 j=00 rs1=5=80100000 rs2=6=00000001 a=80100000 b=00000000 alu=80100000 ra=80000e24 count=00000000
# TRACE t=8355000 pc=80000e70 ifid_pc=80000e6c idex_pc=80000e68 ifid_i=00008067 idex_v=1 exmem_v=1 mwb_v=1 stall=0 flush=0 br=0 j=00 rs1=8=80000608 rs2=0=00000000 a=80000608 b=00000000 alu=80000608 ra=80000e24 count=00000000
# COUNT t=8355000 data=00000001
# TRACE t=8365000 pc=80000e74 ifid_pc=80000e70 idex_pc=80000e6c ifid_i=000ff297 idex_v=1 exmem_v=1 mwb_v=1 stall=0 flush=1 br=0 j=10 rs1=1=80000608 rs2=0=00000000 a=80000608 b=00000000 alu=80000608 ra=80000e24 count=00000000
# TRACE t=8405000 pc=80000e1c ifid_pc=00000000 idex_pc=00000000 ifid_i=00000000 idex_v=0 exmem_v=1 mwb_v=0 stall=0 flush=0 br=0 j=00 rs1=0=00000000 rs2=0=00000000 a=00000000 b=00000000 alu=00000000 ra=80000608 count=00000000
# TRACE t=8415000 pc=80000e20 ifid_pc=80000e1c idex_pc=00000000 ifid_i=00008413 idex_v=0 exmem_v=0 mwb_v=1 stall=0 flush=0 br=0 j=00 rs1=0=00000000 rs2=0=00000000 a=00000000 b=00000000 alu=00000000 ra=80000608 count=00000000
# TRACE t=8425000 pc=80000e24 ifid_pc=80000e20 idex_pc=80000e1c ifid_i=010000ef idex_v=1 exmem_v=0 mwb_v=0 stall=0 flush=0 br=0 j=00 rs1=1=80000608 rs2=0=00000000 a=80000608 b=00000000 alu=80000608 ra=8000060c count=00000000
# TRACE t=8435000 pc=80000e28 ifid_pc=80000e24 idex_pc=80000e20 ifid_i=00000297 idex_v=1 exmem_v=1 mwb_v=0 stall=0 flush=1 br=0 j=01 rs1=0=00000000 rs2=16=00000000 a=00000000 b=00000000 alu=00000000 ra=8000060c count=00000000
# TRACE t=8445000 pc=80000e30 ifid_pc=00000000 idex_pc=00000000 ifid_i=00000000 idex_v=0 exmem_v=1 mwb_v=1 stall=0 flush=0 br=0 j=00 rs1=0=00000000 rs2=0=00000000 a=00000000 b=00000000 alu=00000000 ra=8000060c count=00000000
# TRACE t=8455000 pc=80000e34 ifid_pc=80000e30 idex_pc=00000000 ifid_i=00400313 idex_v=0 exmem_v=0 mwb_v=1 stall=0 flush=0 br=0 j=00 rs1=0=00000000 rs2=0=00000000 a=00000000 b=00000000 alu=00000000 ra=8000060c count=00000000
# TRACE t=8465000 pc=80000e38 ifid_pc=80000e34 idex_pc=80000e30 ifid_i=00008067 idex_v=1 exmem_v=0 mwb_v=0 stall=0 flush=0 br=0 j=00 rs1=0=00000000 rs2=4=00000000 a=00000000 b=00000004 alu=00000004 ra=80000e24 count=00000000
# TRACE t=8475000 pc=80000e3c ifid_pc=80000e38 idex_pc=80000e34 ifid_i=000ff297 idex_v=1 exmem_v=1 mwb_v=0 stall=0 flush=1 br=0 j=10 rs1=1=80000e24 rs2=0=00000000 a=80000e24 b=00000000 alu=80000e24 ra=80000e24 count=00000000
# TRACE t=8485000 pc=80000e24 ifid_pc=00000000 idex_pc=00000000 ifid_i=00000000 idex_v=0 exmem_v=1 mwb_v=1 stall=0 flush=0 br=0 j=00 rs1=0=00000000 rs2=0=00000000 a=00000000 b=00000000 alu=00000000 ra=80000e24 count=00000000
# TRACE t=8495000 pc=80000e28 ifid_pc=80000e24 idex_pc=00000000 ifid_i=00000297 idex_v=0 exmem_v=0 mwb_v=1 stall=0 flush=0 br=0 j=00 rs1=0=00000000 rs2=0=00000000 a=00000000 b=00000000 alu=00000000 ra=80000e24 count=00000000
# TRACE t=8505000 pc=80000e2c ifid_pc=80000e28 idex_pc=80000e24 ifid_i=00509863 idex_v=1 exmem_v=0 mwb_v=0 stall=0 flush=0 br=0 j=00 rs1=0=00000000 rs2=0=00000000 a=80000e24 b=00000000 alu=80000e24 ra=80000e24 count=00000000
# TRACE t=8515000 pc=80000e30 ifid_pc=80000e2c idex_pc=80000e28 ifid_i=0280006f idex_v=1 exmem_v=1 mwb_v=0 stall=0 flush=0 br=1 j=00 rs1=1=80000e24 rs2=5=80000e24 a=80000e24 b=80000e24 alu=00000000 ra=80000e24 count=00000000
# TRACE t=8525000 pc=80000e34 ifid_pc=80000e30 idex_pc=80000e2c ifid_i=00400313 idex_v=1 exmem_v=1 mwb_v=1 stall=0 flush=1 br=0 j=01 rs1=0=00000000 rs2=8=80000608 a=00000000 b=80000608 alu=80000608 ra=80000e24 count=00000000
# TRACE t=8535000 pc=80000e54 ifid_pc=00000000 idex_pc=00000000 ifid_i=00000000 idex_v=0 exmem_v=1 mwb_v=1 stall=0 flush=0 br=0 j=00 rs1=0=00000000 rs2=0=00000000 a=00000000 b=00000000 alu=00000000 ra=80000e24 count=00000000
# TRACE t=8545000 pc=80000e58 ifid_pc=80000e54 idex_pc=00000000 ifid_i=000ff297 idex_v=0 exmem_v=0 mwb_v=1 stall=0 flush=0 br=0 j=00 rs1=0=00000000 rs2=0=00000000 a=00000000 b=00000000 alu=00000000 ra=80000e24 count=00000000
# TRACE t=8555000 pc=80000e5c ifid_pc=80000e58 idex_pc=80000e54 ifid_i=1ac28293 idex_v=1 exmem_v=0 mwb_v=0 stall=0 flush=0 br=0 j=00 rs1=31=00000000 rs2=0=00000000 a=80000e54 b=000ff000 alu=800ffe54 ra=80000e24 count=00000000
# TRACE t=8565000 pc=80000e60 ifid_pc=80000e5c idex_pc=80000e58 ifid_i=0002a303 idex_v=1 exmem_v=1 mwb_v=0 stall=0 flush=0 br=0 j=00 rs1=5=800ffe54 rs2=12=00000000 a=800ffe54 b=000001ac alu=80100000 ra=80000e24 count=00000000
# TRACE t=8575000 pc=80000e64 ifid_pc=80000e60 idex_pc=80000e5c ifid_i=00130313 idex_v=1 exmem_v=1 mwb_v=1 stall=1 flush=0 br=0 j=00 rs1=5=80100000 rs2=0=00000000 a=80100000 b=00000000 alu=80100000 ra=80000e24 count=00000000
# TRACE t=8585000 pc=80000e64 ifid_pc=80000e60 idex_pc=00000000 ifid_i=00130313 idex_v=0 exmem_v=1 mwb_v=1 stall=0 flush=0 br=0 j=00 rs1=0=00000000 rs2=0=00000000 a=00000000 b=00000000 alu=00000000 ra=80000e24 count=00000000
# TRACE t=8595000 pc=80000e68 ifid_pc=80000e64 idex_pc=80000e60 ifid_i=0062a023 idex_v=1 exmem_v=0 mwb_v=1 stall=0 flush=0 br=0 j=00 rs1=6=00000000 rs2=1=80000e24 a=00000000 b=00000001 alu=00000001 ra=80000e24 count=00000000
# TRACE t=8605000 pc=80000e6c ifid_pc=80000e68 idex_pc=80000e64 ifid_i=00040093 idex_v=1 exmem_v=1 mwb_v=0 stall=0 flush=0 br=0 j=00 rs1=5=80100000 rs2=6=00000001 a=80100000 b=00000000 alu=80100000 ra=80000e24 count=00000000
# TRACE t=8615000 pc=80000e70 ifid_pc=80000e6c idex_pc=80000e68 ifid_i=00008067 idex_v=1 exmem_v=1 mwb_v=1 stall=0 flush=0 br=0 j=00 rs1=8=80000608 rs2=0=00000000 a=80000608 b=00000000 alu=80000608 ra=80000e24 count=00000000
# COUNT t=8615000 data=00000001
# TRACE t=8625000 pc=80000e74 ifid_pc=80000e70 idex_pc=80000e6c ifid_i=000ff297 idex_v=1 exmem_v=1 mwb_v=1 stall=0 flush=1 br=0 j=10 rs1=1=80000608 rs2=0=00000000 a=80000608 b=00000000 alu=80000608 ra=80000e24 count=00000000
# TRACE t=8665000 pc=80000e1c ifid_pc=00000000 idex_pc=00000000 ifid_i=00000000 idex_v=0 exmem_v=1 mwb_v=0 stall=0 flush=0 br=0 j=00 rs1=0=00000000 rs2=0=00000000 a=00000000 b=00000000 alu=00000000 ra=80000608 count=00000000
# TRACE t=8675000 pc=80000e20 ifid_pc=80000e1c idex_pc=00000000 ifid_i=00008413 idex_v=0 exmem_v=0 mwb_v=1 stall=0 flush=0 br=0 j=00 rs1=0=00000000 rs2=0=00000000 a=00000000 b=00000000 alu=00000000 ra=80000608 count=00000000
# TRACE t=8685000 pc=80000e24 ifid_pc=80000e20 idex_pc=80000e1c ifid_i=010000ef idex_v=1 exmem_v=0 mwb_v=0 stall=0 flush=0 br=0 j=00 rs1=1=80000608 rs2=0=00000000 a=80000608 b=00000000 alu=80000608 ra=8000060c count=00000000
# TRACE t=8695000 pc=80000e28 ifid_pc=80000e24 idex_pc=80000e20 ifid_i=00000297 idex_v=1 exmem_v=1 mwb_v=0 stall=0 flush=1 br=0 j=01 rs1=0=00000000 rs2=16=00000000 a=00000000 b=00000000 alu=00000000 ra=8000060c count=00000000
# TRACE t=8705000 pc=80000e30 ifid_pc=00000000 idex_pc=00000000 ifid_i=00000000 idex_v=0 exmem_v=1 mwb_v=1 stall=0 flush=0 br=0 j=00 rs1=0=00000000 rs2=0=00000000 a=00000000 b=00000000 alu=00000000 ra=8000060c count=00000000
# TRACE t=8715000 pc=80000e34 ifid_pc=80000e30 idex_pc=00000000 ifid_i=00400313 idex_v=0 exmem_v=0 mwb_v=1 stall=0 flush=0 br=0 j=00 rs1=0=00000000 rs2=0=00000000 a=00000000 b=00000000 alu=00000000 ra=8000060c count=00000000
# TRACE t=8725000 pc=80000e38 ifid_pc=80000e34 idex_pc=80000e30 ifid_i=00008067 idex_v=1 exmem_v=0 mwb_v=0 stall=0 flush=0 br=0 j=00 rs1=0=00000000 rs2=4=00000000 a=00000000 b=00000004 alu=00000004 ra=80000e24 count=00000000
# TRACE t=8735000 pc=80000e3c ifid_pc=80000e38 idex_pc=80000e34 ifid_i=000ff297 idex_v=1 exmem_v=1 mwb_v=0 stall=0 flush=1 br=0 j=10 rs1=1=80000e24 rs2=0=00000000 a=80000e24 b=00000000 alu=80000e24 ra=80000e24 count=00000000
# TRACE t=8745000 pc=80000e24 ifid_pc=00000000 idex_pc=00000000 ifid_i=00000000 idex_v=0 exmem_v=1 mwb_v=1 stall=0 flush=0 br=0 j=00 rs1=0=00000000 rs2=0=00000000 a=00000000 b=00000000 alu=00000000 ra=80000e24 count=00000000
# TRACE t=8755000 pc=80000e28 ifid_pc=80000e24 idex_pc=00000000 ifid_i=00000297 idex_v=0 exmem_v=0 mwb_v=1 stall=0 flush=0 br=0 j=00 rs1=0=00000000 rs2=0=00000000 a=00000000 b=00000000 alu=00000000 ra=80000e24 count=00000000
# TRACE t=8765000 pc=80000e2c ifid_pc=80000e28 idex_pc=80000e24 ifid_i=00509863 idex_v=1 exmem_v=0 mwb_v=0 stall=0 flush=0 br=0 j=00 rs1=0=00000000 rs2=0=00000000 a=80000e24 b=00000000 alu=80000e24 ra=80000e24 count=00000000
# TRACE t=8775000 pc=80000e30 ifid_pc=80000e2c idex_pc=80000e28 ifid_i=0280006f idex_v=1 exmem_v=1 mwb_v=0 stall=0 flush=0 br=1 j=00 rs1=1=80000e24 rs2=5=80000e24 a=80000e24 b=80000e24 alu=00000000 ra=80000e24 count=00000000
# TRACE t=8785000 pc=80000e34 ifid_pc=80000e30 idex_pc=80000e2c ifid_i=00400313 idex_v=1 exmem_v=1 mwb_v=1 stall=0 flush=1 br=0 j=01 rs1=0=00000000 rs2=8=80000608 a=00000000 b=80000608 alu=80000608 ra=80000e24 count=00000000
# TRACE t=8795000 pc=80000e54 ifid_pc=00000000 idex_pc=00000000 ifid_i=00000000 idex_v=0 exmem_v=1 mwb_v=1 stall=0 flush=0 br=0 j=00 rs1=0=00000000 rs2=0=00000000 a=00000000 b=00000000 alu=00000000 ra=80000e24 count=00000000
# TRACE t=8805000 pc=80000e58 ifid_pc=80000e54 idex_pc=00000000 ifid_i=000ff297 idex_v=0 exmem_v=0 mwb_v=1 stall=0 flush=0 br=0 j=00 rs1=0=00000000 rs2=0=00000000 a=00000000 b=00000000 alu=00000000 ra=80000e24 count=00000000
# TRACE t=8815000 pc=80000e5c ifid_pc=80000e58 idex_pc=80000e54 ifid_i=1ac28293 idex_v=1 exmem_v=0 mwb_v=0 stall=0 flush=0 br=0 j=00 rs1=31=00000000 rs2=0=00000000 a=80000e54 b=000ff000 alu=800ffe54 ra=80000e24 count=00000000
# TRACE t=8825000 pc=80000e60 ifid_pc=80000e5c idex_pc=80000e58 ifid_i=0002a303 idex_v=1 exmem_v=1 mwb_v=0 stall=0 flush=0 br=0 j=00 rs1=5=800ffe54 rs2=12=00000000 a=800ffe54 b=000001ac alu=80100000 ra=80000e24 count=00000000
# TRACE t=8835000 pc=80000e64 ifid_pc=80000e60 idex_pc=80000e5c ifid_i=00130313 idex_v=1 exmem_v=1 mwb_v=1 stall=1 flush=0 br=0 j=00 rs1=5=80100000 rs2=0=00000000 a=80100000 b=00000000 alu=80100000 ra=80000e24 count=00000000
# TRACE t=8845000 pc=80000e64 ifid_pc=80000e60 idex_pc=00000000 ifid_i=00130313 idex_v=0 exmem_v=1 mwb_v=1 stall=0 flush=0 br=0 j=00 rs1=0=00000000 rs2=0=00000000 a=00000000 b=00000000 alu=00000000 ra=80000e24 count=00000000
# TRACE t=8855000 pc=80000e68 ifid_pc=80000e64 idex_pc=80000e60 ifid_i=0062a023 idex_v=1 exmem_v=0 mwb_v=1 stall=0 flush=0 br=0 j=00 rs1=6=00000000 rs2=1=80000e24 a=00000000 b=00000001 alu=00000001 ra=80000e24 count=00000000
# TRACE t=8865000 pc=80000e6c ifid_pc=80000e68 idex_pc=80000e64 ifid_i=00040093 idex_v=1 exmem_v=1 mwb_v=0 stall=0 flush=0 br=0 j=00 rs1=5=80100000 rs2=6=00000001 a=80100000 b=00000000 alu=80100000 ra=80000e24 count=00000000
# TRACE t=8875000 pc=80000e70 ifid_pc=80000e6c idex_pc=80000e68 ifid_i=00008067 idex_v=1 exmem_v=1 mwb_v=1 stall=0 flush=0 br=0 j=00 rs1=8=80000608 rs2=0=00000000 a=80000608 b=00000000 alu=80000608 ra=80000e24 count=00000000
# COUNT t=8875000 data=00000001
# TRACE t=8885000 pc=80000e74 ifid_pc=80000e70 idex_pc=80000e6c ifid_i=000ff297 idex_v=1 exmem_v=1 mwb_v=1 stall=0 flush=1 br=0 j=10 rs1=1=80000608 rs2=0=00000000 a=80000608 b=00000000 alu=80000608 ra=80000e24 count=00000000
# TRACE t=8925000 pc=80000e1c ifid_pc=00000000 idex_pc=00000000 ifid_i=00000000 idex_v=0 exmem_v=1 mwb_v=0 stall=0 flush=0 br=0 j=00 rs1=0=00000000 rs2=0=00000000 a=00000000 b=00000000 alu=00000000 ra=80000608 count=00000000
# TRACE t=8935000 pc=80000e20 ifid_pc=80000e1c idex_pc=00000000 ifid_i=00008413 idex_v=0 exmem_v=0 mwb_v=1 stall=0 flush=0 br=0 j=00 rs1=0=00000000 rs2=0=00000000 a=00000000 b=00000000 alu=00000000 ra=80000608 count=00000000
# TRACE t=8945000 pc=80000e24 ifid_pc=80000e20 idex_pc=80000e1c ifid_i=010000ef idex_v=1 exmem_v=0 mwb_v=0 stall=0 flush=0 br=0 j=00 rs1=1=80000608 rs2=0=00000000 a=80000608 b=00000000 alu=80000608 ra=8000060c count=00000000
# TRACE t=8955000 pc=80000e28 ifid_pc=80000e24 idex_pc=80000e20 ifid_i=00000297 idex_v=1 exmem_v=1 mwb_v=0 stall=0 flush=1 br=0 j=01 rs1=0=00000000 rs2=16=00000000 a=00000000 b=00000000 alu=00000000 ra=8000060c count=00000000
# TRACE t=8965000 pc=80000e30 ifid_pc=00000000 idex_pc=00000000 ifid_i=00000000 idex_v=0 exmem_v=1 mwb_v=1 stall=0 flush=0 br=0 j=00 rs1=0=00000000 rs2=0=00000000 a=00000000 b=00000000 alu=00000000 ra=8000060c count=00000000
# TRACE t=8975000 pc=80000e34 ifid_pc=80000e30 idex_pc=00000000 ifid_i=00400313 idex_v=0 exmem_v=0 mwb_v=1 stall=0 flush=0 br=0 j=00 rs1=0=00000000 rs2=0=00000000 a=00000000 b=00000000 alu=00000000 ra=8000060c count=00000000
# TRACE t=8985000 pc=80000e38 ifid_pc=80000e34 idex_pc=80000e30 ifid_i=00008067 idex_v=1 exmem_v=0 mwb_v=0 stall=0 flush=0 br=0 j=00 rs1=0=00000000 rs2=4=00000000 a=00000000 b=00000004 alu=00000004 ra=80000e24 count=00000000
# TRACE t=8995000 pc=80000e3c ifid_pc=80000e38 idex_pc=80000e34 ifid_i=000ff297 idex_v=1 exmem_v=1 mwb_v=0 stall=0 flush=1 br=0 j=10 rs1=1=80000e24 rs2=0=00000000 a=80000e24 b=00000000 alu=80000e24 ra=80000e24 count=00000000
# TRACE t=9005000 pc=80000e24 ifid_pc=00000000 idex_pc=00000000 ifid_i=00000000 idex_v=0 exmem_v=1 mwb_v=1 stall=0 flush=0 br=0 j=00 rs1=0=00000000 rs2=0=00000000 a=00000000 b=00000000 alu=00000000 ra=80000e24 count=00000000
# TRACE t=9015000 pc=80000e28 ifid_pc=80000e24 idex_pc=00000000 ifid_i=00000297 idex_v=0 exmem_v=0 mwb_v=1 stall=0 flush=0 br=0 j=00 rs1=0=00000000 rs2=0=00000000 a=00000000 b=00000000 alu=00000000 ra=80000e24 count=00000000
# TRACE t=9025000 pc=80000e2c ifid_pc=80000e28 idex_pc=80000e24 ifid_i=00509863 idex_v=1 exmem_v=0 mwb_v=0 stall=0 flush=0 br=0 j=00 rs1=0=00000000 rs2=0=00000000 a=80000e24 b=00000000 alu=80000e24 ra=80000e24 count=00000000
# TRACE t=9035000 pc=80000e30 ifid_pc=80000e2c idex_pc=80000e28 ifid_i=0280006f idex_v=1 exmem_v=1 mwb_v=0 stall=0 flush=0 br=1 j=00 rs1=1=80000e24 rs2=5=80000e24 a=80000e24 b=80000e24 alu=00000000 ra=80000e24 count=00000000
# TRACE t=9045000 pc=80000e34 ifid_pc=80000e30 idex_pc=80000e2c ifid_i=00400313 idex_v=1 exmem_v=1 mwb_v=1 stall=0 flush=1 br=0 j=01 rs1=0=00000000 rs2=8=80000608 a=00000000 b=80000608 alu=80000608 ra=80000e24 count=00000000
# TRACE t=9055000 pc=80000e54 ifid_pc=00000000 idex_pc=00000000 ifid_i=00000000 idex_v=0 exmem_v=1 mwb_v=1 stall=0 flush=0 br=0 j=00 rs1=0=00000000 rs2=0=00000000 a=00000000 b=00000000 alu=00000000 ra=80000e24 count=00000000
# TRACE t=9065000 pc=80000e58 ifid_pc=80000e54 idex_pc=00000000 ifid_i=000ff297 idex_v=0 exmem_v=0 mwb_v=1 stall=0 flush=0 br=0 j=00 rs1=0=00000000 rs2=0=00000000 a=00000000 b=00000000 alu=00000000 ra=80000e24 count=00000000
# TRACE t=9075000 pc=80000e5c ifid_pc=80000e58 idex_pc=80000e54 ifid_i=1ac28293 idex_v=1 exmem_v=0 mwb_v=0 stall=0 flush=0 br=0 j=00 rs1=31=00000000 rs2=0=00000000 a=80000e54 b=000ff000 alu=800ffe54 ra=80000e24 count=00000000
# TRACE t=9085000 pc=80000e60 ifid_pc=80000e5c idex_pc=80000e58 ifid_i=0002a303 idex_v=1 exmem_v=1 mwb_v=0 stall=0 flush=0 br=0 j=00 rs1=5=800ffe54 rs2=12=00000000 a=800ffe54 b=000001ac alu=80100000 ra=80000e24 count=00000000
# TRACE t=9095000 pc=80000e64 ifid_pc=80000e60 idex_pc=80000e5c ifid_i=00130313 idex_v=1 exmem_v=1 mwb_v=1 stall=1 flush=0 br=0 j=00 rs1=5=80100000 rs2=0=00000000 a=80100000 b=00000000 alu=80100000 ra=80000e24 count=00000000
# TRACE t=9105000 pc=80000e64 ifid_pc=80000e60 idex_pc=00000000 ifid_i=00130313 idex_v=0 exmem_v=1 mwb_v=1 stall=0 flush=0 br=0 j=00 rs1=0=00000000 rs2=0=00000000 a=00000000 b=00000000 alu=00000000 ra=80000e24 count=00000000
# TRACE t=9115000 pc=80000e68 ifid_pc=80000e64 idex_pc=80000e60 ifid_i=0062a023 idex_v=1 exmem_v=0 mwb_v=1 stall=0 flush=0 br=0 j=00 rs1=6=00000000 rs2=1=80000e24 a=00000000 b=00000001 alu=00000001 ra=80000e24 count=00000000
# TRACE t=9125000 pc=80000e6c ifid_pc=80000e68 idex_pc=80000e64 ifid_i=00040093 idex_v=1 exmem_v=1 mwb_v=0 stall=0 flush=0 br=0 j=00 rs1=5=80100000 rs2=6=00000001 a=80100000 b=00000000 alu=80100000 ra=80000e24 count=00000000
# TRACE t=9135000 pc=80000e70 ifid_pc=80000e6c idex_pc=80000e68 ifid_i=00008067 idex_v=1 exmem_v=1 mwb_v=1 stall=0 flush=0 br=0 j=00 rs1=8=80000608 rs2=0=00000000 a=80000608 b=00000000 alu=80000608 ra=80000e24 count=00000000
# COUNT t=9135000 data=00000001
# TRACE t=9145000 pc=80000e74 ifid_pc=80000e70 idex_pc=80000e6c ifid_i=000ff297 idex_v=1 exmem_v=1 mwb_v=1 stall=0 flush=1 br=0 j=10 rs1=1=80000608 rs2=0=00000000 a=80000608 b=00000000 alu=80000608 ra=80000e24 count=00000000
# TRACE t=9185000 pc=80000e1c ifid_pc=00000000 idex_pc=00000000 ifid_i=00000000 idex_v=0 exmem_v=1 mwb_v=0 stall=0 flush=0 br=0 j=00 rs1=0=00000000 rs2=0=00000000 a=00000000 b=00000000 alu=00000000 ra=80000608 count=00000000
# TRACE t=9195000 pc=80000e20 ifid_pc=80000e1c idex_pc=00000000 ifid_i=00008413 idex_v=0 exmem_v=0 mwb_v=1 stall=0 flush=0 br=0 j=00 rs1=0=00000000 rs2=0=00000000 a=00000000 b=00000000 alu=00000000 ra=80000608 count=00000000
# TRACE t=9205000 pc=80000e24 ifid_pc=80000e20 idex_pc=80000e1c ifid_i=010000ef idex_v=1 exmem_v=0 mwb_v=0 stall=0 flush=0 br=0 j=00 rs1=1=80000608 rs2=0=00000000 a=80000608 b=00000000 alu=80000608 ra=8000060c count=00000000
# TRACE t=9215000 pc=80000e28 ifid_pc=80000e24 idex_pc=80000e20 ifid_i=00000297 idex_v=1 exmem_v=1 mwb_v=0 stall=0 flush=1 br=0 j=01 rs1=0=00000000 rs2=16=00000000 a=00000000 b=00000000 alu=00000000 ra=8000060c count=00000000
# TRACE t=9225000 pc=80000e30 ifid_pc=00000000 idex_pc=00000000 ifid_i=00000000 idex_v=0 exmem_v=1 mwb_v=1 stall=0 flush=0 br=0 j=00 rs1=0=00000000 rs2=0=00000000 a=00000000 b=00000000 alu=00000000 ra=8000060c count=00000000
# TRACE t=9235000 pc=80000e34 ifid_pc=80000e30 idex_pc=00000000 ifid_i=00400313 idex_v=0 exmem_v=0 mwb_v=1 stall=0 flush=0 br=0 j=00 rs1=0=00000000 rs2=0=00000000 a=00000000 b=00000000 alu=00000000 ra=8000060c count=00000000
# TRACE t=9245000 pc=80000e38 ifid_pc=80000e34 idex_pc=80000e30 ifid_i=00008067 idex_v=1 exmem_v=0 mwb_v=0 stall=0 flush=0 br=0 j=00 rs1=0=00000000 rs2=4=00000000 a=00000000 b=00000004 alu=00000004 ra=80000e24 count=00000000
# TRACE t=9255000 pc=80000e3c ifid_pc=80000e38 idex_pc=80000e34 ifid_i=000ff297 idex_v=1 exmem_v=1 mwb_v=0 stall=0 flush=1 br=0 j=10 rs1=1=80000e24 rs2=0=00000000 a=80000e24 b=00000000 alu=80000e24 ra=80000e24 count=00000000
# TRACE t=9265000 pc=80000e24 ifid_pc=00000000 idex_pc=00000000 ifid_i=00000000 idex_v=0 exmem_v=1 mwb_v=1 stall=0 flush=0 br=0 j=00 rs1=0=00000000 rs2=0=00000000 a=00000000 b=00000000 alu=00000000 ra=80000e24 count=00000000
# TRACE t=9275000 pc=80000e28 ifid_pc=80000e24 idex_pc=00000000 ifid_i=00000297 idex_v=0 exmem_v=0 mwb_v=1 stall=0 flush=0 br=0 j=00 rs1=0=00000000 rs2=0=00000000 a=00000000 b=00000000 alu=00000000 ra=80000e24 count=00000000
# TRACE t=9285000 pc=80000e2c ifid_pc=80000e28 idex_pc=80000e24 ifid_i=00509863 idex_v=1 exmem_v=0 mwb_v=0 stall=0 flush=0 br=0 j=00 rs1=0=00000000 rs2=0=00000000 a=80000e24 b=00000000 alu=80000e24 ra=80000e24 count=00000000
# TRACE t=9295000 pc=80000e30 ifid_pc=80000e2c idex_pc=80000e28 ifid_i=0280006f idex_v=1 exmem_v=1 mwb_v=0 stall=0 flush=0 br=1 j=00 rs1=1=80000e24 rs2=5=80000e24 a=80000e24 b=80000e24 alu=00000000 ra=80000e24 count=00000000
# TRACE t=9305000 pc=80000e34 ifid_pc=80000e30 idex_pc=80000e2c ifid_i=00400313 idex_v=1 exmem_v=1 mwb_v=1 stall=0 flush=1 br=0 j=01 rs1=0=00000000 rs2=8=80000608 a=00000000 b=80000608 alu=80000608 ra=80000e24 count=00000000
# TRACE t=9315000 pc=80000e54 ifid_pc=00000000 idex_pc=00000000 ifid_i=00000000 idex_v=0 exmem_v=1 mwb_v=1 stall=0 flush=0 br=0 j=00 rs1=0=00000000 rs2=0=00000000 a=00000000 b=00000000 alu=00000000 ra=80000e24 count=00000000
# TRACE t=9325000 pc=80000e58 ifid_pc=80000e54 idex_pc=00000000 ifid_i=000ff297 idex_v=0 exmem_v=0 mwb_v=1 stall=0 flush=0 br=0 j=00 rs1=0=00000000 rs2=0=00000000 a=00000000 b=00000000 alu=00000000 ra=80000e24 count=00000000
# TRACE t=9335000 pc=80000e5c ifid_pc=80000e58 idex_pc=80000e54 ifid_i=1ac28293 idex_v=1 exmem_v=0 mwb_v=0 stall=0 flush=0 br=0 j=00 rs1=31=00000000 rs2=0=00000000 a=80000e54 b=000ff000 alu=800ffe54 ra=80000e24 count=00000000
# TRACE t=9345000 pc=80000e60 ifid_pc=80000e5c idex_pc=80000e58 ifid_i=0002a303 idex_v=1 exmem_v=1 mwb_v=0 stall=0 flush=0 br=0 j=00 rs1=5=800ffe54 rs2=12=00000000 a=800ffe54 b=000001ac alu=80100000 ra=80000e24 count=00000000
# TRACE t=9355000 pc=80000e64 ifid_pc=80000e60 idex_pc=80000e5c ifid_i=00130313 idex_v=1 exmem_v=1 mwb_v=1 stall=1 flush=0 br=0 j=00 rs1=5=80100000 rs2=0=00000000 a=80100000 b=00000000 alu=80100000 ra=80000e24 count=00000000
# TRACE t=9365000 pc=80000e64 ifid_pc=80000e60 idex_pc=00000000 ifid_i=00130313 idex_v=0 exmem_v=1 mwb_v=1 stall=0 flush=0 br=0 j=00 rs1=0=00000000 rs2=0=00000000 a=00000000 b=00000000 alu=00000000 ra=80000e24 count=00000000
# TRACE t=9375000 pc=80000e68 ifid_pc=80000e64 idex_pc=80000e60 ifid_i=0062a023 idex_v=1 exmem_v=0 mwb_v=1 stall=0 flush=0 br=0 j=00 rs1=6=00000000 rs2=1=80000e24 a=00000000 b=00000001 alu=00000001 ra=80000e24 count=00000000
# TRACE t=9385000 pc=80000e6c ifid_pc=80000e68 idex_pc=80000e64 ifid_i=00040093 idex_v=1 exmem_v=1 mwb_v=0 stall=0 flush=0 br=0 j=00 rs1=5=80100000 rs2=6=00000001 a=80100000 b=00000000 alu=80100000 ra=80000e24 count=00000000
# TRACE t=9395000 pc=80000e70 ifid_pc=80000e6c idex_pc=80000e68 ifid_i=00008067 idex_v=1 exmem_v=1 mwb_v=1 stall=0 flush=0 br=0 j=00 rs1=8=80000608 rs2=0=00000000 a=80000608 b=00000000 alu=80000608 ra=80000e24 count=00000000
# COUNT t=9395000 data=00000001
# TRACE t=9405000 pc=80000e74 ifid_pc=80000e70 idex_pc=80000e6c ifid_i=000ff297 idex_v=1 exmem_v=1 mwb_v=1 stall=0 flush=1 br=0 j=10 rs1=1=80000608 rs2=0=00000000 a=80000608 b=00000000 alu=80000608 ra=80000e24 count=00000000
# TRACE t=9445000 pc=80000e1c ifid_pc=00000000 idex_pc=00000000 ifid_i=00000000 idex_v=0 exmem_v=1 mwb_v=0 stall=0 flush=0 br=0 j=00 rs1=0=00000000 rs2=0=00000000 a=00000000 b=00000000 alu=00000000 ra=80000608 count=00000000
# TRACE t=9455000 pc=80000e20 ifid_pc=80000e1c idex_pc=00000000 ifid_i=00008413 idex_v=0 exmem_v=0 mwb_v=1 stall=0 flush=0 br=0 j=00 rs1=0=00000000 rs2=0=00000000 a=00000000 b=00000000 alu=00000000 ra=80000608 count=00000000
# TRACE t=9465000 pc=80000e24 ifid_pc=80000e20 idex_pc=80000e1c ifid_i=010000ef idex_v=1 exmem_v=0 mwb_v=0 stall=0 flush=0 br=0 j=00 rs1=1=80000608 rs2=0=00000000 a=80000608 b=00000000 alu=80000608 ra=8000060c count=00000000
# TRACE t=9475000 pc=80000e28 ifid_pc=80000e24 idex_pc=80000e20 ifid_i=00000297 idex_v=1 exmem_v=1 mwb_v=0 stall=0 flush=1 br=0 j=01 rs1=0=00000000 rs2=16=00000000 a=00000000 b=00000000 alu=00000000 ra=8000060c count=00000000
# TRACE t=9485000 pc=80000e30 ifid_pc=00000000 idex_pc=00000000 ifid_i=00000000 idex_v=0 exmem_v=1 mwb_v=1 stall=0 flush=0 br=0 j=00 rs1=0=00000000 rs2=0=00000000 a=00000000 b=00000000 alu=00000000 ra=8000060c count=00000000
# TRACE t=9495000 pc=80000e34 ifid_pc=80000e30 idex_pc=00000000 ifid_i=00400313 idex_v=0 exmem_v=0 mwb_v=1 stall=0 flush=0 br=0 j=00 rs1=0=00000000 rs2=0=00000000 a=00000000 b=00000000 alu=00000000 ra=8000060c count=00000000
# TRACE t=9505000 pc=80000e38 ifid_pc=80000e34 idex_pc=80000e30 ifid_i=00008067 idex_v=1 exmem_v=0 mwb_v=0 stall=0 flush=0 br=0 j=00 rs1=0=00000000 rs2=4=00000000 a=00000000 b=00000004 alu=00000004 ra=80000e24 count=00000000
# TRACE t=9515000 pc=80000e3c ifid_pc=80000e38 idex_pc=80000e34 ifid_i=000ff297 idex_v=1 exmem_v=1 mwb_v=0 stall=0 flush=1 br=0 j=10 rs1=1=80000e24 rs2=0=00000000 a=80000e24 b=00000000 alu=80000e24 ra=80000e24 count=00000000
# TRACE t=9525000 pc=80000e24 ifid_pc=00000000 idex_pc=00000000 ifid_i=00000000 idex_v=0 exmem_v=1 mwb_v=1 stall=0 flush=0 br=0 j=00 rs1=0=00000000 rs2=0=00000000 a=00000000 b=00000000 alu=00000000 ra=80000e24 count=00000000
# TRACE t=9535000 pc=80000e28 ifid_pc=80000e24 idex_pc=00000000 ifid_i=00000297 idex_v=0 exmem_v=0 mwb_v=1 stall=0 flush=0 br=0 j=00 rs1=0=00000000 rs2=0=00000000 a=00000000 b=00000000 alu=00000000 ra=80000e24 count=00000000
# TRACE t=9545000 pc=80000e2c ifid_pc=80000e28 idex_pc=80000e24 ifid_i=00509863 idex_v=1 exmem_v=0 mwb_v=0 stall=0 flush=0 br=0 j=00 rs1=0=00000000 rs2=0=00000000 a=80000e24 b=00000000 alu=80000e24 ra=80000e24 count=00000000
# TRACE t=9555000 pc=80000e30 ifid_pc=80000e2c idex_pc=80000e28 ifid_i=0280006f idex_v=1 exmem_v=1 mwb_v=0 stall=0 flush=0 br=1 j=00 rs1=1=80000e24 rs2=5=80000e24 a=80000e24 b=80000e24 alu=00000000 ra=80000e24 count=00000000
# TRACE t=9565000 pc=80000e34 ifid_pc=80000e30 idex_pc=80000e2c ifid_i=00400313 idex_v=1 exmem_v=1 mwb_v=1 stall=0 flush=1 br=0 j=01 rs1=0=00000000 rs2=8=80000608 a=00000000 b=80000608 alu=80000608 ra=80000e24 count=00000000
# TRACE t=9575000 pc=80000e54 ifid_pc=00000000 idex_pc=00000000 ifid_i=00000000 idex_v=0 exmem_v=1 mwb_v=1 stall=0 flush=0 br=0 j=00 rs1=0=00000000 rs2=0=00000000 a=00000000 b=00000000 alu=00000000 ra=80000e24 count=00000000
# TRACE t=9585000 pc=80000e58 ifid_pc=80000e54 idex_pc=00000000 ifid_i=000ff297 idex_v=0 exmem_v=0 mwb_v=1 stall=0 flush=0 br=0 j=00 rs1=0=00000000 rs2=0=00000000 a=00000000 b=00000000 alu=00000000 ra=80000e24 count=00000000
# TRACE t=9595000 pc=80000e5c ifid_pc=80000e58 idex_pc=80000e54 ifid_i=1ac28293 idex_v=1 exmem_v=0 mwb_v=0 stall=0 flush=0 br=0 j=00 rs1=31=00000000 rs2=0=00000000 a=80000e54 b=000ff000 alu=800ffe54 ra=80000e24 count=00000000
# TRACE t=9605000 pc=80000e60 ifid_pc=80000e5c idex_pc=80000e58 ifid_i=0002a303 idex_v=1 exmem_v=1 mwb_v=0 stall=0 flush=0 br=0 j=00 rs1=5=800ffe54 rs2=12=00000000 a=800ffe54 b=000001ac alu=80100000 ra=80000e24 count=00000000
# TRACE t=9615000 pc=80000e64 ifid_pc=80000e60 idex_pc=80000e5c ifid_i=00130313 idex_v=1 exmem_v=1 mwb_v=1 stall=1 flush=0 br=0 j=00 rs1=5=80100000 rs2=0=00000000 a=80100000 b=00000000 alu=80100000 ra=80000e24 count=00000000
# TRACE t=9625000 pc=80000e64 ifid_pc=80000e60 idex_pc=00000000 ifid_i=00130313 idex_v=0 exmem_v=1 mwb_v=1 stall=0 flush=0 br=0 j=00 rs1=0=00000000 rs2=0=00000000 a=00000000 b=00000000 alu=00000000 ra=80000e24 count=00000000
# TRACE t=9635000 pc=80000e68 ifid_pc=80000e64 idex_pc=80000e60 ifid_i=0062a023 idex_v=1 exmem_v=0 mwb_v=1 stall=0 flush=0 br=0 j=00 rs1=6=00000000 rs2=1=80000e24 a=00000000 b=00000001 alu=00000001 ra=80000e24 count=00000000
# TRACE t=9645000 pc=80000e6c ifid_pc=80000e68 idex_pc=80000e64 ifid_i=00040093 idex_v=1 exmem_v=1 mwb_v=0 stall=0 flush=0 br=0 j=00 rs1=5=80100000 rs2=6=00000001 a=80100000 b=00000000 alu=80100000 ra=80000e24 count=00000000
# TRACE t=9655000 pc=80000e70 ifid_pc=80000e6c idex_pc=80000e68 ifid_i=00008067 idex_v=1 exmem_v=1 mwb_v=1 stall=0 flush=0 br=0 j=00 rs1=8=80000608 rs2=0=00000000 a=80000608 b=00000000 alu=80000608 ra=80000e24 count=00000000
# COUNT t=9655000 data=00000001
# TRACE t=9665000 pc=80000e74 ifid_pc=80000e70 idex_pc=80000e6c ifid_i=000ff297 idex_v=1 exmem_v=1 mwb_v=1 stall=0 flush=1 br=0 j=10 rs1=1=80000608 rs2=0=00000000 a=80000608 b=00000000 alu=80000608 ra=80000e24 count=00000000
# TRACE t=9705000 pc=80000e1c ifid_pc=00000000 idex_pc=00000000 ifid_i=00000000 idex_v=0 exmem_v=1 mwb_v=0 stall=0 flush=0 br=0 j=00 rs1=0=00000000 rs2=0=00000000 a=00000000 b=00000000 alu=00000000 ra=80000608 count=00000000
# TRACE t=9715000 pc=80000e20 ifid_pc=80000e1c idex_pc=00000000 ifid_i=00008413 idex_v=0 exmem_v=0 mwb_v=1 stall=0 flush=0 br=0 j=00 rs1=0=00000000 rs2=0=00000000 a=00000000 b=00000000 alu=00000000 ra=80000608 count=00000000
# TRACE t=9725000 pc=80000e24 ifid_pc=80000e20 idex_pc=80000e1c ifid_i=010000ef idex_v=1 exmem_v=0 mwb_v=0 stall=0 flush=0 br=0 j=00 rs1=1=80000608 rs2=0=00000000 a=80000608 b=00000000 alu=80000608 ra=8000060c count=00000000
# TRACE t=9735000 pc=80000e28 ifid_pc=80000e24 idex_pc=80000e20 ifid_i=00000297 idex_v=1 exmem_v=1 mwb_v=0 stall=0 flush=1 br=0 j=01 rs1=0=00000000 rs2=16=00000000 a=00000000 b=00000000 alu=00000000 ra=8000060c count=00000000
# TRACE t=9745000 pc=80000e30 ifid_pc=00000000 idex_pc=00000000 ifid_i=00000000 idex_v=0 exmem_v=1 mwb_v=1 stall=0 flush=0 br=0 j=00 rs1=0=00000000 rs2=0=00000000 a=00000000 b=00000000 alu=00000000 ra=8000060c count=00000000
# TRACE t=9755000 pc=80000e34 ifid_pc=80000e30 idex_pc=00000000 ifid_i=00400313 idex_v=0 exmem_v=0 mwb_v=1 stall=0 flush=0 br=0 j=00 rs1=0=00000000 rs2=0=00000000 a=00000000 b=00000000 alu=00000000 ra=8000060c count=00000000
# TRACE t=9765000 pc=80000e38 ifid_pc=80000e34 idex_pc=80000e30 ifid_i=00008067 idex_v=1 exmem_v=0 mwb_v=0 stall=0 flush=0 br=0 j=00 rs1=0=00000000 rs2=4=00000000 a=00000000 b=00000004 alu=00000004 ra=80000e24 count=00000000
# TRACE t=9775000 pc=80000e3c ifid_pc=80000e38 idex_pc=80000e34 ifid_i=000ff297 idex_v=1 exmem_v=1 mwb_v=0 stall=0 flush=1 br=0 j=10 rs1=1=80000e24 rs2=0=00000000 a=80000e24 b=00000000 alu=80000e24 ra=80000e24 count=00000000
# TRACE t=9785000 pc=80000e24 ifid_pc=00000000 idex_pc=00000000 ifid_i=00000000 idex_v=0 exmem_v=1 mwb_v=1 stall=0 flush=0 br=0 j=00 rs1=0=00000000 rs2=0=00000000 a=00000000 b=00000000 alu=00000000 ra=80000e24 count=00000000
# TRACE t=9795000 pc=80000e28 ifid_pc=80000e24 idex_pc=00000000 ifid_i=00000297 idex_v=0 exmem_v=0 mwb_v=1 stall=0 flush=0 br=0 j=00 rs1=0=00000000 rs2=0=00000000 a=00000000 b=00000000 alu=00000000 ra=80000e24 count=00000000
# TRACE t=9805000 pc=80000e2c ifid_pc=80000e28 idex_pc=80000e24 ifid_i=00509863 idex_v=1 exmem_v=0 mwb_v=0 stall=0 flush=0 br=0 j=00 rs1=0=00000000 rs2=0=00000000 a=80000e24 b=00000000 alu=80000e24 ra=80000e24 count=00000000
# TRACE t=9815000 pc=80000e30 ifid_pc=80000e2c idex_pc=80000e28 ifid_i=0280006f idex_v=1 exmem_v=1 mwb_v=0 stall=0 flush=0 br=1 j=00 rs1=1=80000e24 rs2=5=80000e24 a=80000e24 b=80000e24 alu=00000000 ra=80000e24 count=00000000
# TRACE t=9825000 pc=80000e34 ifid_pc=80000e30 idex_pc=80000e2c ifid_i=00400313 idex_v=1 exmem_v=1 mwb_v=1 stall=0 flush=1 br=0 j=01 rs1=0=00000000 rs2=8=80000608 a=00000000 b=80000608 alu=80000608 ra=80000e24 count=00000000
# TRACE t=9835000 pc=80000e54 ifid_pc=00000000 idex_pc=00000000 ifid_i=00000000 idex_v=0 exmem_v=1 mwb_v=1 stall=0 flush=0 br=0 j=00 rs1=0=00000000 rs2=0=00000000 a=00000000 b=00000000 alu=00000000 ra=80000e24 count=00000000
# TRACE t=9845000 pc=80000e58 ifid_pc=80000e54 idex_pc=00000000 ifid_i=000ff297 idex_v=0 exmem_v=0 mwb_v=1 stall=0 flush=0 br=0 j=00 rs1=0=00000000 rs2=0=00000000 a=00000000 b=00000000 alu=00000000 ra=80000e24 count=00000000
# TRACE t=9855000 pc=80000e5c ifid_pc=80000e58 idex_pc=80000e54 ifid_i=1ac28293 idex_v=1 exmem_v=0 mwb_v=0 stall=0 flush=0 br=0 j=00 rs1=31=00000000 rs2=0=00000000 a=80000e54 b=000ff000 alu=800ffe54 ra=80000e24 count=00000000
# TRACE t=9865000 pc=80000e60 ifid_pc=80000e5c idex_pc=80000e58 ifid_i=0002a303 idex_v=1 exmem_v=1 mwb_v=0 stall=0 flush=0 br=0 j=00 rs1=5=800ffe54 rs2=12=00000000 a=800ffe54 b=000001ac alu=80100000 ra=80000e24 count=00000000
# TRACE t=9875000 pc=80000e64 ifid_pc=80000e60 idex_pc=80000e5c ifid_i=00130313 idex_v=1 exmem_v=1 mwb_v=1 stall=1 flush=0 br=0 j=00 rs1=5=80100000 rs2=0=00000000 a=80100000 b=00000000 alu=80100000 ra=80000e24 count=00000000
# TRACE t=9885000 pc=80000e64 ifid_pc=80000e60 idex_pc=00000000 ifid_i=00130313 idex_v=0 exmem_v=1 mwb_v=1 stall=0 flush=0 br=0 j=00 rs1=0=00000000 rs2=0=00000000 a=00000000 b=00000000 alu=00000000 ra=80000e24 count=00000000
# TRACE t=9895000 pc=80000e68 ifid_pc=80000e64 idex_pc=80000e60 ifid_i=0062a023 idex_v=1 exmem_v=0 mwb_v=1 stall=0 flush=0 br=0 j=00 rs1=6=00000000 rs2=1=80000e24 a=00000000 b=00000001 alu=00000001 ra=80000e24 count=00000000
# TRACE t=9905000 pc=80000e6c ifid_pc=80000e68 idex_pc=80000e64 ifid_i=00040093 idex_v=1 exmem_v=1 mwb_v=0 stall=0 flush=0 br=0 j=00 rs1=5=80100000 rs2=6=00000001 a=80100000 b=00000000 alu=80100000 ra=80000e24 count=00000000
# TRACE t=9915000 pc=80000e70 ifid_pc=80000e6c idex_pc=80000e68 ifid_i=00008067 idex_v=1 exmem_v=1 mwb_v=1 stall=0 flush=0 br=0 j=00 rs1=8=80000608 rs2=0=00000000 a=80000608 b=00000000 alu=80000608 ra=80000e24 count=00000000
# COUNT t=9915000 data=00000001
# TRACE t=9925000 pc=80000e74 ifid_pc=80000e70 idex_pc=80000e6c ifid_i=000ff297 idex_v=1 exmem_v=1 mwb_v=1 stall=0 flush=1 br=0 j=10 rs1=1=80000608 rs2=0=00000000 a=80000608 b=00000000 alu=80000608 ra=80000e24 count=00000000
# TRACE t=9965000 pc=80000e1c ifid_pc=00000000 idex_pc=00000000 ifid_i=00000000 idex_v=0 exmem_v=1 mwb_v=0 stall=0 flush=0 br=0 j=00 rs1=0=00000000 rs2=0=00000000 a=00000000 b=00000000 alu=00000000 ra=80000608 count=00000000
# TRACE t=9975000 pc=80000e20 ifid_pc=80000e1c idex_pc=00000000 ifid_i=00008413 idex_v=0 exmem_v=0 mwb_v=1 stall=0 flush=0 br=0 j=00 rs1=0=00000000 rs2=0=00000000 a=00000000 b=00000000 alu=00000000 ra=80000608 count=00000000
# TRACE t=9985000 pc=80000e24 ifid_pc=80000e20 idex_pc=80000e1c ifid_i=010000ef idex_v=1 exmem_v=0 mwb_v=0 stall=0 flush=0 br=0 j=00 rs1=1=80000608 rs2=0=00000000 a=80000608 b=00000000 alu=80000608 ra=8000060c count=00000000
# TRACE t=9995000 pc=80000e28 ifid_pc=80000e24 idex_pc=80000e20 ifid_i=00000297 idex_v=1 exmem_v=1 mwb_v=0 stall=0 flush=1 br=0 j=01 rs1=0=00000000 rs2=16=00000000 a=00000000 b=00000000 alu=00000000 ra=8000060c count=00000000
# TRACE t=10005000 pc=80000e30 ifid_pc=00000000 idex_pc=00000000 ifid_i=00000000 idex_v=0 exmem_v=1 mwb_v=1 stall=0 flush=0 br=0 j=00 rs1=0=00000000 rs2=0=00000000 a=00000000 b=00000000 alu=00000000 ra=8000060c count=00000000
# TRACE t=10015000 pc=80000e34 ifid_pc=80000e30 idex_pc=00000000 ifid_i=00400313 idex_v=0 exmem_v=0 mwb_v=1 stall=0 flush=0 br=0 j=00 rs1=0=00000000 rs2=0=00000000 a=00000000 b=00000000 alu=00000000 ra=8000060c count=00000000
# TRACE t=10025000 pc=80000e38 ifid_pc=80000e34 idex_pc=80000e30 ifid_i=00008067 idex_v=1 exmem_v=0 mwb_v=0 stall=0 flush=0 br=0 j=00 rs1=0=00000000 rs2=4=00000000 a=00000000 b=00000004 alu=00000004 ra=80000e24 count=00000000
# TRACE t=10035000 pc=80000e3c ifid_pc=80000e38 idex_pc=80000e34 ifid_i=000ff297 idex_v=1 exmem_v=1 mwb_v=0 stall=0 flush=1 br=0 j=10 rs1=1=80000e24 rs2=0=00000000 a=80000e24 b=00000000 alu=80000e24 ra=80000e24 count=00000000
# TRACE t=10045000 pc=80000e24 ifid_pc=00000000 idex_pc=00000000 ifid_i=00000000 idex_v=0 exmem_v=1 mwb_v=1 stall=0 flush=0 br=0 j=00 rs1=0=00000000 rs2=0=00000000 a=00000000 b=00000000 alu=00000000 ra=80000e24 count=00000000
# TRACE t=10055000 pc=80000e28 ifid_pc=80000e24 idex_pc=00000000 ifid_i=00000297 idex_v=0 exmem_v=0 mwb_v=1 stall=0 flush=0 br=0 j=00 rs1=0=00000000 rs2=0=00000000 a=00000000 b=00000000 alu=00000000 ra=80000e24 count=00000000
# TRACE t=10065000 pc=80000e2c ifid_pc=80000e28 idex_pc=80000e24 ifid_i=00509863 idex_v=1 exmem_v=0 mwb_v=0 stall=0 flush=0 br=0 j=00 rs1=0=00000000 rs2=0=00000000 a=80000e24 b=00000000 alu=80000e24 ra=80000e24 count=00000000
# TRACE t=10075000 pc=80000e30 ifid_pc=80000e2c idex_pc=80000e28 ifid_i=0280006f idex_v=1 exmem_v=1 mwb_v=0 stall=0 flush=0 br=1 j=00 rs1=1=80000e24 rs2=5=80000e24 a=80000e24 b=80000e24 alu=00000000 ra=80000e24 count=00000000
# TRACE t=10085000 pc=80000e34 ifid_pc=80000e30 idex_pc=80000e2c ifid_i=00400313 idex_v=1 exmem_v=1 mwb_v=1 stall=0 flush=1 br=0 j=01 rs1=0=00000000 rs2=8=80000608 a=00000000 b=80000608 alu=80000608 ra=80000e24 count=00000000
# TRACE t=10095000 pc=80000e54 ifid_pc=00000000 idex_pc=00000000 ifid_i=00000000 idex_v=0 exmem_v=1 mwb_v=1 stall=0 flush=0 br=0 j=00 rs1=0=00000000 rs2=0=00000000 a=00000000 b=00000000 alu=00000000 ra=80000e24 count=00000000
# TRACE t=10105000 pc=80000e58 ifid_pc=80000e54 idex_pc=00000000 ifid_i=000ff297 idex_v=0 exmem_v=0 mwb_v=1 stall=0 flush=0 br=0 j=00 rs1=0=00000000 rs2=0=00000000 a=00000000 b=00000000 alu=00000000 ra=80000e24 count=00000000
# TRACE t=10115000 pc=80000e5c ifid_pc=80000e58 idex_pc=80000e54 ifid_i=1ac28293 idex_v=1 exmem_v=0 mwb_v=0 stall=0 flush=0 br=0 j=00 rs1=31=00000000 rs2=0=00000000 a=80000e54 b=000ff000 alu=800ffe54 ra=80000e24 count=00000000
# TRACE t=10125000 pc=80000e60 ifid_pc=80000e5c idex_pc=80000e58 ifid_i=0002a303 idex_v=1 exmem_v=1 mwb_v=0 stall=0 flush=0 br=0 j=00 rs1=5=800ffe54 rs2=12=00000000 a=800ffe54 b=000001ac alu=80100000 ra=80000e24 count=00000000
# TRACE t=10135000 pc=80000e64 ifid_pc=80000e60 idex_pc=80000e5c ifid_i=00130313 idex_v=1 exmem_v=1 mwb_v=1 stall=1 flush=0 br=0 j=00 rs1=5=80100000 rs2=0=00000000 a=80100000 b=00000000 alu=80100000 ra=80000e24 count=00000000
# TRACE t=10145000 pc=80000e64 ifid_pc=80000e60 idex_pc=00000000 ifid_i=00130313 idex_v=0 exmem_v=1 mwb_v=1 stall=0 flush=0 br=0 j=00 rs1=0=00000000 rs2=0=00000000 a=00000000 b=00000000 alu=00000000 ra=80000e24 count=00000000
# TRACE t=10155000 pc=80000e68 ifid_pc=80000e64 idex_pc=80000e60 ifid_i=0062a023 idex_v=1 exmem_v=0 mwb_v=1 stall=0 flush=0 br=0 j=00 rs1=6=00000000 rs2=1=80000e24 a=00000000 b=00000001 alu=00000001 ra=80000e24 count=00000000
# TRACE t=10165000 pc=80000e6c ifid_pc=80000e68 idex_pc=80000e64 ifid_i=00040093 idex_v=1 exmem_v=1 mwb_v=0 stall=0 flush=0 br=0 j=00 rs1=5=80100000 rs2=6=00000001 a=80100000 b=00000000 alu=80100000 ra=80000e24 count=00000000
# TRACE t=10175000 pc=80000e70 ifid_pc=80000e6c idex_pc=80000e68 ifid_i=00008067 idex_v=1 exmem_v=1 mwb_v=1 stall=0 flush=0 br=0 j=00 rs1=8=80000608 rs2=0=00000000 a=80000608 b=00000000 alu=80000608 ra=80000e24 count=00000000
# COUNT t=10175000 data=00000001
# TRACE t=10185000 pc=80000e74 ifid_pc=80000e70 idex_pc=80000e6c ifid_i=000ff297 idex_v=1 exmem_v=1 mwb_v=1 stall=0 flush=1 br=0 j=10 rs1=1=80000608 rs2=0=00000000 a=80000608 b=00000000 alu=80000608 ra=80000e24 count=00000000
# TRACE t=10225000 pc=80000e1c ifid_pc=00000000 idex_pc=00000000 ifid_i=00000000 idex_v=0 exmem_v=1 mwb_v=0 stall=0 flush=0 br=0 j=00 rs1=0=00000000 rs2=0=00000000 a=00000000 b=00000000 alu=00000000 ra=80000608 count=00000000
# TRACE t=10235000 pc=80000e20 ifid_pc=80000e1c idex_pc=00000000 ifid_i=00008413 idex_v=0 exmem_v=0 mwb_v=1 stall=0 flush=0 br=0 j=00 rs1=0=00000000 rs2=0=00000000 a=00000000 b=00000000 alu=00000000 ra=80000608 count=00000000
# TRACE t=10245000 pc=80000e24 ifid_pc=80000e20 idex_pc=80000e1c ifid_i=010000ef idex_v=1 exmem_v=0 mwb_v=0 stall=0 flush=0 br=0 j=00 rs1=1=80000608 rs2=0=00000000 a=80000608 b=00000000 alu=80000608 ra=8000060c count=00000000
# TRACE t=10255000 pc=80000e28 ifid_pc=80000e24 idex_pc=80000e20 ifid_i=00000297 idex_v=1 exmem_v=1 mwb_v=0 stall=0 flush=1 br=0 j=01 rs1=0=00000000 rs2=16=00000000 a=00000000 b=00000000 alu=00000000 ra=8000060c count=00000000
# TRACE t=10265000 pc=80000e30 ifid_pc=00000000 idex_pc=00000000 ifid_i=00000000 idex_v=0 exmem_v=1 mwb_v=1 stall=0 flush=0 br=0 j=00 rs1=0=00000000 rs2=0=00000000 a=00000000 b=00000000 alu=00000000 ra=8000060c count=00000000
# TRACE t=10275000 pc=80000e34 ifid_pc=80000e30 idex_pc=00000000 ifid_i=00400313 idex_v=0 exmem_v=0 mwb_v=1 stall=0 flush=0 br=0 j=00 rs1=0=00000000 rs2=0=00000000 a=00000000 b=00000000 alu=00000000 ra=8000060c count=00000000
# TRACE t=10285000 pc=80000e38 ifid_pc=80000e34 idex_pc=80000e30 ifid_i=00008067 idex_v=1 exmem_v=0 mwb_v=0 stall=0 flush=0 br=0 j=00 rs1=0=00000000 rs2=4=00000000 a=00000000 b=00000004 alu=00000004 ra=80000e24 count=00000000
# TRACE t=10295000 pc=80000e3c ifid_pc=80000e38 idex_pc=80000e34 ifid_i=000ff297 idex_v=1 exmem_v=1 mwb_v=0 stall=0 flush=1 br=0 j=10 rs1=1=80000e24 rs2=0=00000000 a=80000e24 b=00000000 alu=80000e24 ra=80000e24 count=00000000
# TRACE t=10305000 pc=80000e24 ifid_pc=00000000 idex_pc=00000000 ifid_i=00000000 idex_v=0 exmem_v=1 mwb_v=1 stall=0 flush=0 br=0 j=00 rs1=0=00000000 rs2=0=00000000 a=00000000 b=00000000 alu=00000000 ra=80000e24 count=00000000
# TRACE t=10315000 pc=80000e28 ifid_pc=80000e24 idex_pc=00000000 ifid_i=00000297 idex_v=0 exmem_v=0 mwb_v=1 stall=0 flush=0 br=0 j=00 rs1=0=00000000 rs2=0=00000000 a=00000000 b=00000000 alu=00000000 ra=80000e24 count=00000000
# TRACE t=10325000 pc=80000e2c ifid_pc=80000e28 idex_pc=80000e24 ifid_i=00509863 idex_v=1 exmem_v=0 mwb_v=0 stall=0 flush=0 br=0 j=00 rs1=0=00000000 rs2=0=00000000 a=80000e24 b=00000000 alu=80000e24 ra=80000e24 count=00000000
# TRACE t=10335000 pc=80000e30 ifid_pc=80000e2c idex_pc=80000e28 ifid_i=0280006f idex_v=1 exmem_v=1 mwb_v=0 stall=0 flush=0 br=1 j=00 rs1=1=80000e24 rs2=5=80000e24 a=80000e24 b=80000e24 alu=00000000 ra=80000e24 count=00000000
# TRACE t=10345000 pc=80000e34 ifid_pc=80000e30 idex_pc=80000e2c ifid_i=00400313 idex_v=1 exmem_v=1 mwb_v=1 stall=0 flush=1 br=0 j=01 rs1=0=00000000 rs2=8=80000608 a=00000000 b=80000608 alu=80000608 ra=80000e24 count=00000000
# TRACE t=10355000 pc=80000e54 ifid_pc=00000000 idex_pc=00000000 ifid_i=00000000 idex_v=0 exmem_v=1 mwb_v=1 stall=0 flush=0 br=0 j=00 rs1=0=00000000 rs2=0=00000000 a=00000000 b=00000000 alu=00000000 ra=80000e24 count=00000000
# TRACE t=10365000 pc=80000e58 ifid_pc=80000e54 idex_pc=00000000 ifid_i=000ff297 idex_v=0 exmem_v=0 mwb_v=1 stall=0 flush=0 br=0 j=00 rs1=0=00000000 rs2=0=00000000 a=00000000 b=00000000 alu=00000000 ra=80000e24 count=00000000
# TRACE t=10375000 pc=80000e5c ifid_pc=80000e58 idex_pc=80000e54 ifid_i=1ac28293 idex_v=1 exmem_v=0 mwb_v=0 stall=0 flush=0 br=0 j=00 rs1=31=00000000 rs2=0=00000000 a=80000e54 b=000ff000 alu=800ffe54 ra=80000e24 count=00000000
# TRACE t=10385000 pc=80000e60 ifid_pc=80000e5c idex_pc=80000e58 ifid_i=0002a303 idex_v=1 exmem_v=1 mwb_v=0 stall=0 flush=0 br=0 j=00 rs1=5=800ffe54 rs2=12=00000000 a=800ffe54 b=000001ac alu=80100000 ra=80000e24 count=00000000
# TRACE t=10395000 pc=80000e64 ifid_pc=80000e60 idex_pc=80000e5c ifid_i=00130313 idex_v=1 exmem_v=1 mwb_v=1 stall=1 flush=0 br=0 j=00 rs1=5=80100000 rs2=0=00000000 a=80100000 b=00000000 alu=80100000 ra=80000e24 count=00000000
# TRACE t=10405000 pc=80000e64 ifid_pc=80000e60 idex_pc=00000000 ifid_i=00130313 idex_v=0 exmem_v=1 mwb_v=1 stall=0 flush=0 br=0 j=00 rs1=0=00000000 rs2=0=00000000 a=00000000 b=00000000 alu=00000000 ra=80000e24 count=00000000
# TRACE t=10415000 pc=80000e68 ifid_pc=80000e64 idex_pc=80000e60 ifid_i=0062a023 idex_v=1 exmem_v=0 mwb_v=1 stall=0 flush=0 br=0 j=00 rs1=6=00000000 rs2=1=80000e24 a=00000000 b=00000001 alu=00000001 ra=80000e24 count=00000000
# TRACE t=10425000 pc=80000e6c ifid_pc=80000e68 idex_pc=80000e64 ifid_i=00040093 idex_v=1 exmem_v=1 mwb_v=0 stall=0 flush=0 br=0 j=00 rs1=5=80100000 rs2=6=00000001 a=80100000 b=00000000 alu=80100000 ra=80000e24 count=00000000
# TRACE t=10435000 pc=80000e70 ifid_pc=80000e6c idex_pc=80000e68 ifid_i=00008067 idex_v=1 exmem_v=1 mwb_v=1 stall=0 flush=0 br=0 j=00 rs1=8=80000608 rs2=0=00000000 a=80000608 b=00000000 alu=80000608 ra=80000e24 count=00000000
# COUNT t=10435000 data=00000001
# TRACE t=10445000 pc=80000e74 ifid_pc=80000e70 idex_pc=80000e6c ifid_i=000ff297 idex_v=1 exmem_v=1 mwb_v=1 stall=0 flush=1 br=0 j=10 rs1=1=80000608 rs2=0=00000000 a=80000608 b=00000000 alu=80000608 ra=80000e24 count=00000000
# TRACE t=10485000 pc=80000e1c ifid_pc=00000000 idex_pc=00000000 ifid_i=00000000 idex_v=0 exmem_v=1 mwb_v=0 stall=0 flush=0 br=0 j=00 rs1=0=00000000 rs2=0=00000000 a=00000000 b=00000000 alu=00000000 ra=80000608 count=00000000
# TRACE t=10495000 pc=80000e20 ifid_pc=80000e1c idex_pc=00000000 ifid_i=00008413 idex_v=0 exmem_v=0 mwb_v=1 stall=0 flush=0 br=0 j=00 rs1=0=00000000 rs2=0=00000000 a=00000000 b=00000000 alu=00000000 ra=80000608 count=00000000
# TRACE t=10505000 pc=80000e24 ifid_pc=80000e20 idex_pc=80000e1c ifid_i=010000ef idex_v=1 exmem_v=0 mwb_v=0 stall=0 flush=0 br=0 j=00 rs1=1=80000608 rs2=0=00000000 a=80000608 b=00000000 alu=80000608 ra=8000060c count=00000000
# TRACE t=10515000 pc=80000e28 ifid_pc=80000e24 idex_pc=80000e20 ifid_i=00000297 idex_v=1 exmem_v=1 mwb_v=0 stall=0 flush=1 br=0 j=01 rs1=0=00000000 rs2=16=00000000 a=00000000 b=00000000 alu=00000000 ra=8000060c count=00000000
# TRACE t=10525000 pc=80000e30 ifid_pc=00000000 idex_pc=00000000 ifid_i=00000000 idex_v=0 exmem_v=1 mwb_v=1 stall=0 flush=0 br=0 j=00 rs1=0=00000000 rs2=0=00000000 a=00000000 b=00000000 alu=00000000 ra=8000060c count=00000000
# TRACE t=10535000 pc=80000e34 ifid_pc=80000e30 idex_pc=00000000 ifid_i=00400313 idex_v=0 exmem_v=0 mwb_v=1 stall=0 flush=0 br=0 j=00 rs1=0=00000000 rs2=0=00000000 a=00000000 b=00000000 alu=00000000 ra=8000060c count=00000000
# TRACE t=10545000 pc=80000e38 ifid_pc=80000e34 idex_pc=80000e30 ifid_i=00008067 idex_v=1 exmem_v=0 mwb_v=0 stall=0 flush=0 br=0 j=00 rs1=0=00000000 rs2=4=00000000 a=00000000 b=00000004 alu=00000004 ra=80000e24 count=00000000
# TRACE t=10555000 pc=80000e3c ifid_pc=80000e38 idex_pc=80000e34 ifid_i=000ff297 idex_v=1 exmem_v=1 mwb_v=0 stall=0 flush=1 br=0 j=10 rs1=1=80000e24 rs2=0=00000000 a=80000e24 b=00000000 alu=80000e24 ra=80000e24 count=00000000
# TRACE t=10565000 pc=80000e24 ifid_pc=00000000 idex_pc=00000000 ifid_i=00000000 idex_v=0 exmem_v=1 mwb_v=1 stall=0 flush=0 br=0 j=00 rs1=0=00000000 rs2=0=00000000 a=00000000 b=00000000 alu=00000000 ra=80000e24 count=00000000
# TRACE t=10575000 pc=80000e28 ifid_pc=80000e24 idex_pc=00000000 ifid_i=00000297 idex_v=0 exmem_v=0 mwb_v=1 stall=0 flush=0 br=0 j=00 rs1=0=00000000 rs2=0=00000000 a=00000000 b=00000000 alu=00000000 ra=80000e24 count=00000000
# TRACE t=10585000 pc=80000e2c ifid_pc=80000e28 idex_pc=80000e24 ifid_i=00509863 idex_v=1 exmem_v=0 mwb_v=0 stall=0 flush=0 br=0 j=00 rs1=0=00000000 rs2=0=00000000 a=80000e24 b=00000000 alu=80000e24 ra=80000e24 count=00000000
# TRACE t=10595000 pc=80000e30 ifid_pc=80000e2c idex_pc=80000e28 ifid_i=0280006f idex_v=1 exmem_v=1 mwb_v=0 stall=0 flush=0 br=1 j=00 rs1=1=80000e24 rs2=5=80000e24 a=80000e24 b=80000e24 alu=00000000 ra=80000e24 count=00000000
# TRACE t=10605000 pc=80000e34 ifid_pc=80000e30 idex_pc=80000e2c ifid_i=00400313 idex_v=1 exmem_v=1 mwb_v=1 stall=0 flush=1 br=0 j=01 rs1=0=00000000 rs2=8=80000608 a=00000000 b=80000608 alu=80000608 ra=80000e24 count=00000000
# TRACE t=10615000 pc=80000e54 ifid_pc=00000000 idex_pc=00000000 ifid_i=00000000 idex_v=0 exmem_v=1 mwb_v=1 stall=0 flush=0 br=0 j=00 rs1=0=00000000 rs2=0=00000000 a=00000000 b=00000000 alu=00000000 ra=80000e24 count=00000000
# TRACE t=10625000 pc=80000e58 ifid_pc=80000e54 idex_pc=00000000 ifid_i=000ff297 idex_v=0 exmem_v=0 mwb_v=1 stall=0 flush=0 br=0 j=00 rs1=0=00000000 rs2=0=00000000 a=00000000 b=00000000 alu=00000000 ra=80000e24 count=00000000
# TRACE t=10635000 pc=80000e5c ifid_pc=80000e58 idex_pc=80000e54 ifid_i=1ac28293 idex_v=1 exmem_v=0 mwb_v=0 stall=0 flush=0 br=0 j=00 rs1=31=00000000 rs2=0=00000000 a=80000e54 b=000ff000 alu=800ffe54 ra=80000e24 count=00000000
# TRACE t=10645000 pc=80000e60 ifid_pc=80000e5c idex_pc=80000e58 ifid_i=0002a303 idex_v=1 exmem_v=1 mwb_v=0 stall=0 flush=0 br=0 j=00 rs1=5=800ffe54 rs2=12=00000000 a=800ffe54 b=000001ac alu=80100000 ra=80000e24 count=00000000
# TRACE t=10655000 pc=80000e64 ifid_pc=80000e60 idex_pc=80000e5c ifid_i=00130313 idex_v=1 exmem_v=1 mwb_v=1 stall=1 flush=0 br=0 j=00 rs1=5=80100000 rs2=0=00000000 a=80100000 b=00000000 alu=80100000 ra=80000e24 count=00000000
# TRACE t=10665000 pc=80000e64 ifid_pc=80000e60 idex_pc=00000000 ifid_i=00130313 idex_v=0 exmem_v=1 mwb_v=1 stall=0 flush=0 br=0 j=00 rs1=0=00000000 rs2=0=00000000 a=00000000 b=00000000 alu=00000000 ra=80000e24 count=00000000
# TRACE t=10675000 pc=80000e68 ifid_pc=80000e64 idex_pc=80000e60 ifid_i=0062a023 idex_v=1 exmem_v=0 mwb_v=1 stall=0 flush=0 br=0 j=00 rs1=6=00000000 rs2=1=80000e24 a=00000000 b=00000001 alu=00000001 ra=80000e24 count=00000000
# TRACE t=10685000 pc=80000e6c ifid_pc=80000e68 idex_pc=80000e64 ifid_i=00040093 idex_v=1 exmem_v=1 mwb_v=0 stall=0 flush=0 br=0 j=00 rs1=5=80100000 rs2=6=00000001 a=80100000 b=00000000 alu=80100000 ra=80000e24 count=00000000
# TRACE t=10695000 pc=80000e70 ifid_pc=80000e6c idex_pc=80000e68 ifid_i=00008067 idex_v=1 exmem_v=1 mwb_v=1 stall=0 flush=0 br=0 j=00 rs1=8=80000608 rs2=0=00000000 a=80000608 b=00000000 alu=80000608 ra=80000e24 count=00000000
# COUNT t=10695000 data=00000001
# TRACE t=10705000 pc=80000e74 ifid_pc=80000e70 idex_pc=80000e6c ifid_i=000ff297 idex_v=1 exmem_v=1 mwb_v=1 stall=0 flush=1 br=0 j=10 rs1=1=80000608 rs2=0=00000000 a=80000608 b=00000000 alu=80000608 ra=80000e24 count=00000000
# TRACE t=10745000 pc=80000e1c ifid_pc=00000000 idex_pc=00000000 ifid_i=00000000 idex_v=0 exmem_v=1 mwb_v=0 stall=0 flush=0 br=0 j=00 rs1=0=00000000 rs2=0=00000000 a=00000000 b=00000000 alu=00000000 ra=80000608 count=00000000
# TRACE t=10755000 pc=80000e20 ifid_pc=80000e1c idex_pc=00000000 ifid_i=00008413 idex_v=0 exmem_v=0 mwb_v=1 stall=0 flush=0 br=0 j=00 rs1=0=00000000 rs2=0=00000000 a=00000000 b=00000000 alu=00000000 ra=80000608 count=00000000
# TRACE t=10765000 pc=80000e24 ifid_pc=80000e20 idex_pc=80000e1c ifid_i=010000ef idex_v=1 exmem_v=0 mwb_v=0 stall=0 flush=0 br=0 j=00 rs1=1=80000608 rs2=0=00000000 a=80000608 b=00000000 alu=80000608 ra=8000060c count=00000000
# TRACE t=10775000 pc=80000e28 ifid_pc=80000e24 idex_pc=80000e20 ifid_i=00000297 idex_v=1 exmem_v=1 mwb_v=0 stall=0 flush=1 br=0 j=01 rs1=0=00000000 rs2=16=00000000 a=00000000 b=00000000 alu=00000000 ra=8000060c count=00000000
# TRACE t=10785000 pc=80000e30 ifid_pc=00000000 idex_pc=00000000 ifid_i=00000000 idex_v=0 exmem_v=1 mwb_v=1 stall=0 flush=0 br=0 j=00 rs1=0=00000000 rs2=0=00000000 a=00000000 b=00000000 alu=00000000 ra=8000060c count=00000000
# TRACE t=10795000 pc=80000e34 ifid_pc=80000e30 idex_pc=00000000 ifid_i=00400313 idex_v=0 exmem_v=0 mwb_v=1 stall=0 flush=0 br=0 j=00 rs1=0=00000000 rs2=0=00000000 a=00000000 b=00000000 alu=00000000 ra=8000060c count=00000000
# TRACE t=10805000 pc=80000e38 ifid_pc=80000e34 idex_pc=80000e30 ifid_i=00008067 idex_v=1 exmem_v=0 mwb_v=0 stall=0 flush=0 br=0 j=00 rs1=0=00000000 rs2=4=00000000 a=00000000 b=00000004 alu=00000004 ra=80000e24 count=00000000
# TRACE t=10815000 pc=80000e3c ifid_pc=80000e38 idex_pc=80000e34 ifid_i=000ff297 idex_v=1 exmem_v=1 mwb_v=0 stall=0 flush=1 br=0 j=10 rs1=1=80000e24 rs2=0=00000000 a=80000e24 b=00000000 alu=80000e24 ra=80000e24 count=00000000
# TRACE t=10825000 pc=80000e24 ifid_pc=00000000 idex_pc=00000000 ifid_i=00000000 idex_v=0 exmem_v=1 mwb_v=1 stall=0 flush=0 br=0 j=00 rs1=0=00000000 rs2=0=00000000 a=00000000 b=00000000 alu=00000000 ra=80000e24 count=00000000
# TRACE t=10835000 pc=80000e28 ifid_pc=80000e24 idex_pc=00000000 ifid_i=00000297 idex_v=0 exmem_v=0 mwb_v=1 stall=0 flush=0 br=0 j=00 rs1=0=00000000 rs2=0=00000000 a=00000000 b=00000000 alu=00000000 ra=80000e24 count=00000000
# TRACE t=10845000 pc=80000e2c ifid_pc=80000e28 idex_pc=80000e24 ifid_i=00509863 idex_v=1 exmem_v=0 mwb_v=0 stall=0 flush=0 br=0 j=00 rs1=0=00000000 rs2=0=00000000 a=80000e24 b=00000000 alu=80000e24 ra=80000e24 count=00000000
# TRACE t=10855000 pc=80000e30 ifid_pc=80000e2c idex_pc=80000e28 ifid_i=0280006f idex_v=1 exmem_v=1 mwb_v=0 stall=0 flush=0 br=1 j=00 rs1=1=80000e24 rs2=5=80000e24 a=80000e24 b=80000e24 alu=00000000 ra=80000e24 count=00000000
# TRACE t=10865000 pc=80000e34 ifid_pc=80000e30 idex_pc=80000e2c ifid_i=00400313 idex_v=1 exmem_v=1 mwb_v=1 stall=0 flush=1 br=0 j=01 rs1=0=00000000 rs2=8=80000608 a=00000000 b=80000608 alu=80000608 ra=80000e24 count=00000000
# TRACE t=10875000 pc=80000e54 ifid_pc=00000000 idex_pc=00000000 ifid_i=00000000 idex_v=0 exmem_v=1 mwb_v=1 stall=0 flush=0 br=0 j=00 rs1=0=00000000 rs2=0=00000000 a=00000000 b=00000000 alu=00000000 ra=80000e24 count=00000000
# TRACE t=10885000 pc=80000e58 ifid_pc=80000e54 idex_pc=00000000 ifid_i=000ff297 idex_v=0 exmem_v=0 mwb_v=1 stall=0 flush=0 br=0 j=00 rs1=0=00000000 rs2=0=00000000 a=00000000 b=00000000 alu=00000000 ra=80000e24 count=00000000
# TRACE t=10895000 pc=80000e5c ifid_pc=80000e58 idex_pc=80000e54 ifid_i=1ac28293 idex_v=1 exmem_v=0 mwb_v=0 stall=0 flush=0 br=0 j=00 rs1=31=00000000 rs2=0=00000000 a=80000e54 b=000ff000 alu=800ffe54 ra=80000e24 count=00000000
# TRACE t=10905000 pc=80000e60 ifid_pc=80000e5c idex_pc=80000e58 ifid_i=0002a303 idex_v=1 exmem_v=1 mwb_v=0 stall=0 flush=0 br=0 j=00 rs1=5=800ffe54 rs2=12=00000000 a=800ffe54 b=000001ac alu=80100000 ra=80000e24 count=00000000
# TRACE t=10915000 pc=80000e64 ifid_pc=80000e60 idex_pc=80000e5c ifid_i=00130313 idex_v=1 exmem_v=1 mwb_v=1 stall=1 flush=0 br=0 j=00 rs1=5=80100000 rs2=0=00000000 a=80100000 b=00000000 alu=80100000 ra=80000e24 count=00000000
# TRACE t=10925000 pc=80000e64 ifid_pc=80000e60 idex_pc=00000000 ifid_i=00130313 idex_v=0 exmem_v=1 mwb_v=1 stall=0 flush=0 br=0 j=00 rs1=0=00000000 rs2=0=00000000 a=00000000 b=00000000 alu=00000000 ra=80000e24 count=00000000
# TRACE t=10935000 pc=80000e68 ifid_pc=80000e64 idex_pc=80000e60 ifid_i=0062a023 idex_v=1 exmem_v=0 mwb_v=1 stall=0 flush=0 br=0 j=00 rs1=6=00000000 rs2=1=80000e24 a=00000000 b=00000001 alu=00000001 ra=80000e24 count=00000000
# TRACE t=10945000 pc=80000e6c ifid_pc=80000e68 idex_pc=80000e64 ifid_i=00040093 idex_v=1 exmem_v=1 mwb_v=0 stall=0 flush=0 br=0 j=00 rs1=5=80100000 rs2=6=00000001 a=80100000 b=00000000 alu=80100000 ra=80000e24 count=00000000
# TRACE t=10955000 pc=80000e70 ifid_pc=80000e6c idex_pc=80000e68 ifid_i=00008067 idex_v=1 exmem_v=1 mwb_v=1 stall=0 flush=0 br=0 j=00 rs1=8=80000608 rs2=0=00000000 a=80000608 b=00000000 alu=80000608 ra=80000e24 count=00000000
# COUNT t=10955000 data=00000001
# TRACE t=10965000 pc=80000e74 ifid_pc=80000e70 idex_pc=80000e6c ifid_i=000ff297 idex_v=1 exmem_v=1 mwb_v=1 stall=0 flush=1 br=0 j=10 rs1=1=80000608 rs2=0=00000000 a=80000608 b=00000000 alu=80000608 ra=80000e24 count=00000000
# TRACE t=11005000 pc=80000e1c ifid_pc=00000000 idex_pc=00000000 ifid_i=00000000 idex_v=0 exmem_v=1 mwb_v=0 stall=0 flush=0 br=0 j=00 rs1=0=00000000 rs2=0=00000000 a=00000000 b=00000000 alu=00000000 ra=80000608 count=00000000
# TRACE t=11015000 pc=80000e20 ifid_pc=80000e1c idex_pc=00000000 ifid_i=00008413 idex_v=0 exmem_v=0 mwb_v=1 stall=0 flush=0 br=0 j=00 rs1=0=00000000 rs2=0=00000000 a=00000000 b=00000000 alu=00000000 ra=80000608 count=00000000
# TRACE t=11025000 pc=80000e24 ifid_pc=80000e20 idex_pc=80000e1c ifid_i=010000ef idex_v=1 exmem_v=0 mwb_v=0 stall=0 flush=0 br=0 j=00 rs1=1=80000608 rs2=0=00000000 a=80000608 b=00000000 alu=80000608 ra=8000060c count=00000000
# TRACE t=11035000 pc=80000e28 ifid_pc=80000e24 idex_pc=80000e20 ifid_i=00000297 idex_v=1 exmem_v=1 mwb_v=0 stall=0 flush=1 br=0 j=01 rs1=0=00000000 rs2=16=00000000 a=00000000 b=00000000 alu=00000000 ra=8000060c count=00000000
# TRACE t=11045000 pc=80000e30 ifid_pc=00000000 idex_pc=00000000 ifid_i=00000000 idex_v=0 exmem_v=1 mwb_v=1 stall=0 flush=0 br=0 j=00 rs1=0=00000000 rs2=0=00000000 a=00000000 b=00000000 alu=00000000 ra=8000060c count=00000000
# TRACE t=11055000 pc=80000e34 ifid_pc=80000e30 idex_pc=00000000 ifid_i=00400313 idex_v=0 exmem_v=0 mwb_v=1 stall=0 flush=0 br=0 j=00 rs1=0=00000000 rs2=0=00000000 a=00000000 b=00000000 alu=00000000 ra=8000060c count=00000000
# TRACE t=11065000 pc=80000e38 ifid_pc=80000e34 idex_pc=80000e30 ifid_i=00008067 idex_v=1 exmem_v=0 mwb_v=0 stall=0 flush=0 br=0 j=00 rs1=0=00000000 rs2=4=00000000 a=00000000 b=00000004 alu=00000004 ra=80000e24 count=00000000
# TRACE t=11075000 pc=80000e3c ifid_pc=80000e38 idex_pc=80000e34 ifid_i=000ff297 idex_v=1 exmem_v=1 mwb_v=0 stall=0 flush=1 br=0 j=10 rs1=1=80000e24 rs2=0=00000000 a=80000e24 b=00000000 alu=80000e24 ra=80000e24 count=00000000
# TRACE t=11085000 pc=80000e24 ifid_pc=00000000 idex_pc=00000000 ifid_i=00000000 idex_v=0 exmem_v=1 mwb_v=1 stall=0 flush=0 br=0 j=00 rs1=0=00000000 rs2=0=00000000 a=00000000 b=00000000 alu=00000000 ra=80000e24 count=00000000
# TRACE t=11095000 pc=80000e28 ifid_pc=80000e24 idex_pc=00000000 ifid_i=00000297 idex_v=0 exmem_v=0 mwb_v=1 stall=0 flush=0 br=0 j=00 rs1=0=00000000 rs2=0=00000000 a=00000000 b=00000000 alu=00000000 ra=80000e24 count=00000000
# TRACE t=11105000 pc=80000e2c ifid_pc=80000e28 idex_pc=80000e24 ifid_i=00509863 idex_v=1 exmem_v=0 mwb_v=0 stall=0 flush=0 br=0 j=00 rs1=0=00000000 rs2=0=00000000 a=80000e24 b=00000000 alu=80000e24 ra=80000e24 count=00000000
# TRACE t=11115000 pc=80000e30 ifid_pc=80000e2c idex_pc=80000e28 ifid_i=0280006f idex_v=1 exmem_v=1 mwb_v=0 stall=0 flush=0 br=1 j=00 rs1=1=80000e24 rs2=5=80000e24 a=80000e24 b=80000e24 alu=00000000 ra=80000e24 count=00000000
# TRACE t=11125000 pc=80000e34 ifid_pc=80000e30 idex_pc=80000e2c ifid_i=00400313 idex_v=1 exmem_v=1 mwb_v=1 stall=0 flush=1 br=0 j=01 rs1=0=00000000 rs2=8=80000608 a=00000000 b=80000608 alu=80000608 ra=80000e24 count=00000000
# TRACE t=11135000 pc=80000e54 ifid_pc=00000000 idex_pc=00000000 ifid_i=00000000 idex_v=0 exmem_v=1 mwb_v=1 stall=0 flush=0 br=0 j=00 rs1=0=00000000 rs2=0=00000000 a=00000000 b=00000000 alu=00000000 ra=80000e24 count=00000000
# TRACE t=11145000 pc=80000e58 ifid_pc=80000e54 idex_pc=00000000 ifid_i=000ff297 idex_v=0 exmem_v=0 mwb_v=1 stall=0 flush=0 br=0 j=00 rs1=0=00000000 rs2=0=00000000 a=00000000 b=00000000 alu=00000000 ra=80000e24 count=00000000
# TRACE t=11155000 pc=80000e5c ifid_pc=80000e58 idex_pc=80000e54 ifid_i=1ac28293 idex_v=1 exmem_v=0 mwb_v=0 stall=0 flush=0 br=0 j=00 rs1=31=00000000 rs2=0=00000000 a=80000e54 b=000ff000 alu=800ffe54 ra=80000e24 count=00000000
# TRACE t=11165000 pc=80000e60 ifid_pc=80000e5c idex_pc=80000e58 ifid_i=0002a303 idex_v=1 exmem_v=1 mwb_v=0 stall=0 flush=0 br=0 j=00 rs1=5=800ffe54 rs2=12=00000000 a=800ffe54 b=000001ac alu=80100000 ra=80000e24 count=00000000
# TRACE t=11175000 pc=80000e64 ifid_pc=80000e60 idex_pc=80000e5c ifid_i=00130313 idex_v=1 exmem_v=1 mwb_v=1 stall=1 flush=0 br=0 j=00 rs1=5=80100000 rs2=0=00000000 a=80100000 b=00000000 alu=80100000 ra=80000e24 count=00000000
# TRACE t=11185000 pc=80000e64 ifid_pc=80000e60 idex_pc=00000000 ifid_i=00130313 idex_v=0 exmem_v=1 mwb_v=1 stall=0 flush=0 br=0 j=00 rs1=0=00000000 rs2=0=00000000 a=00000000 b=00000000 alu=00000000 ra=80000e24 count=00000000
# TRACE t=11195000 pc=80000e68 ifid_pc=80000e64 idex_pc=80000e60 ifid_i=0062a023 idex_v=1 exmem_v=0 mwb_v=1 stall=0 flush=0 br=0 j=00 rs1=6=00000000 rs2=1=80000e24 a=00000000 b=00000001 alu=00000001 ra=80000e24 count=00000000
# TRACE t=11205000 pc=80000e6c ifid_pc=80000e68 idex_pc=80000e64 ifid_i=00040093 idex_v=1 exmem_v=1 mwb_v=0 stall=0 flush=0 br=0 j=00 rs1=5=80100000 rs2=6=00000001 a=80100000 b=00000000 alu=80100000 ra=80000e24 count=00000000
# TRACE t=11215000 pc=80000e70 ifid_pc=80000e6c idex_pc=80000e68 ifid_i=00008067 idex_v=1 exmem_v=1 mwb_v=1 stall=0 flush=0 br=0 j=00 rs1=8=80000608 rs2=0=00000000 a=80000608 b=00000000 alu=80000608 ra=80000e24 count=00000000
# COUNT t=11215000 data=00000001
# TRACE t=11225000 pc=80000e74 ifid_pc=80000e70 idex_pc=80000e6c ifid_i=000ff297 idex_v=1 exmem_v=1 mwb_v=1 stall=0 flush=1 br=0 j=10 rs1=1=80000608 rs2=0=00000000 a=80000608 b=00000000 alu=80000608 ra=80000e24 count=00000000
# TRACE t=11265000 pc=80000e1c ifid_pc=00000000 idex_pc=00000000 ifid_i=00000000 idex_v=0 exmem_v=1 mwb_v=0 stall=0 flush=0 br=0 j=00 rs1=0=00000000 rs2=0=00000000 a=00000000 b=00000000 alu=00000000 ra=80000608 count=00000000
# TRACE t=11275000 pc=80000e20 ifid_pc=80000e1c idex_pc=00000000 ifid_i=00008413 idex_v=0 exmem_v=0 mwb_v=1 stall=0 flush=0 br=0 j=00 rs1=0=00000000 rs2=0=00000000 a=00000000 b=00000000 alu=00000000 ra=80000608 count=00000000
# TRACE t=11285000 pc=80000e24 ifid_pc=80000e20 idex_pc=80000e1c ifid_i=010000ef idex_v=1 exmem_v=0 mwb_v=0 stall=0 flush=0 br=0 j=00 rs1=1=80000608 rs2=0=00000000 a=80000608 b=00000000 alu=80000608 ra=8000060c count=00000000
# TRACE t=11295000 pc=80000e28 ifid_pc=80000e24 idex_pc=80000e20 ifid_i=00000297 idex_v=1 exmem_v=1 mwb_v=0 stall=0 flush=1 br=0 j=01 rs1=0=00000000 rs2=16=00000000 a=00000000 b=00000000 alu=00000000 ra=8000060c count=00000000
# TRACE t=11305000 pc=80000e30 ifid_pc=00000000 idex_pc=00000000 ifid_i=00000000 idex_v=0 exmem_v=1 mwb_v=1 stall=0 flush=0 br=0 j=00 rs1=0=00000000 rs2=0=00000000 a=00000000 b=00000000 alu=00000000 ra=8000060c count=00000000
# TRACE t=11315000 pc=80000e34 ifid_pc=80000e30 idex_pc=00000000 ifid_i=00400313 idex_v=0 exmem_v=0 mwb_v=1 stall=0 flush=0 br=0 j=00 rs1=0=00000000 rs2=0=00000000 a=00000000 b=00000000 alu=00000000 ra=8000060c count=00000000
# TRACE t=11325000 pc=80000e38 ifid_pc=80000e34 idex_pc=80000e30 ifid_i=00008067 idex_v=1 exmem_v=0 mwb_v=0 stall=0 flush=0 br=0 j=00 rs1=0=00000000 rs2=4=00000000 a=00000000 b=00000004 alu=00000004 ra=80000e24 count=00000000
# TRACE t=11335000 pc=80000e3c ifid_pc=80000e38 idex_pc=80000e34 ifid_i=000ff297 idex_v=1 exmem_v=1 mwb_v=0 stall=0 flush=1 br=0 j=10 rs1=1=80000e24 rs2=0=00000000 a=80000e24 b=00000000 alu=80000e24 ra=80000e24 count=00000000
# TRACE t=11345000 pc=80000e24 ifid_pc=00000000 idex_pc=00000000 ifid_i=00000000 idex_v=0 exmem_v=1 mwb_v=1 stall=0 flush=0 br=0 j=00 rs1=0=00000000 rs2=0=00000000 a=00000000 b=00000000 alu=00000000 ra=80000e24 count=00000000
# TRACE t=11355000 pc=80000e28 ifid_pc=80000e24 idex_pc=00000000 ifid_i=00000297 idex_v=0 exmem_v=0 mwb_v=1 stall=0 flush=0 br=0 j=00 rs1=0=00000000 rs2=0=00000000 a=00000000 b=00000000 alu=00000000 ra=80000e24 count=00000000
# TRACE t=11365000 pc=80000e2c ifid_pc=80000e28 idex_pc=80000e24 ifid_i=00509863 idex_v=1 exmem_v=0 mwb_v=0 stall=0 flush=0 br=0 j=00 rs1=0=00000000 rs2=0=00000000 a=80000e24 b=00000000 alu=80000e24 ra=80000e24 count=00000000
# TRACE t=11375000 pc=80000e30 ifid_pc=80000e2c idex_pc=80000e28 ifid_i=0280006f idex_v=1 exmem_v=1 mwb_v=0 stall=0 flush=0 br=1 j=00 rs1=1=80000e24 rs2=5=80000e24 a=80000e24 b=80000e24 alu=00000000 ra=80000e24 count=00000000
# TRACE t=11385000 pc=80000e34 ifid_pc=80000e30 idex_pc=80000e2c ifid_i=00400313 idex_v=1 exmem_v=1 mwb_v=1 stall=0 flush=1 br=0 j=01 rs1=0=00000000 rs2=8=80000608 a=00000000 b=80000608 alu=80000608 ra=80000e24 count=00000000
# TRACE t=11395000 pc=80000e54 ifid_pc=00000000 idex_pc=00000000 ifid_i=00000000 idex_v=0 exmem_v=1 mwb_v=1 stall=0 flush=0 br=0 j=00 rs1=0=00000000 rs2=0=00000000 a=00000000 b=00000000 alu=00000000 ra=80000e24 count=00000000
# TRACE t=11405000 pc=80000e58 ifid_pc=80000e54 idex_pc=00000000 ifid_i=000ff297 idex_v=0 exmem_v=0 mwb_v=1 stall=0 flush=0 br=0 j=00 rs1=0=00000000 rs2=0=00000000 a=00000000 b=00000000 alu=00000000 ra=80000e24 count=00000000
# TRACE t=11415000 pc=80000e5c ifid_pc=80000e58 idex_pc=80000e54 ifid_i=1ac28293 idex_v=1 exmem_v=0 mwb_v=0 stall=0 flush=0 br=0 j=00 rs1=31=00000000 rs2=0=00000000 a=80000e54 b=000ff000 alu=800ffe54 ra=80000e24 count=00000000
# TRACE t=11425000 pc=80000e60 ifid_pc=80000e5c idex_pc=80000e58 ifid_i=0002a303 idex_v=1 exmem_v=1 mwb_v=0 stall=0 flush=0 br=0 j=00 rs1=5=800ffe54 rs2=12=00000000 a=800ffe54 b=000001ac alu=80100000 ra=80000e24 count=00000000
# TRACE t=11435000 pc=80000e64 ifid_pc=80000e60 idex_pc=80000e5c ifid_i=00130313 idex_v=1 exmem_v=1 mwb_v=1 stall=1 flush=0 br=0 j=00 rs1=5=80100000 rs2=0=00000000 a=80100000 b=00000000 alu=80100000 ra=80000e24 count=00000000
# TRACE t=11445000 pc=80000e64 ifid_pc=80000e60 idex_pc=00000000 ifid_i=00130313 idex_v=0 exmem_v=1 mwb_v=1 stall=0 flush=0 br=0 j=00 rs1=0=00000000 rs2=0=00000000 a=00000000 b=00000000 alu=00000000 ra=80000e24 count=00000000
# TRACE t=11455000 pc=80000e68 ifid_pc=80000e64 idex_pc=80000e60 ifid_i=0062a023 idex_v=1 exmem_v=0 mwb_v=1 stall=0 flush=0 br=0 j=00 rs1=6=00000000 rs2=1=80000e24 a=00000000 b=00000001 alu=00000001 ra=80000e24 count=00000000
# TRACE t=11465000 pc=80000e6c ifid_pc=80000e68 idex_pc=80000e64 ifid_i=00040093 idex_v=1 exmem_v=1 mwb_v=0 stall=0 flush=0 br=0 j=00 rs1=5=80100000 rs2=6=00000001 a=80100000 b=00000000 alu=80100000 ra=80000e24 count=00000000
# TRACE t=11475000 pc=80000e70 ifid_pc=80000e6c idex_pc=80000e68 ifid_i=00008067 idex_v=1 exmem_v=1 mwb_v=1 stall=0 flush=0 br=0 j=00 rs1=8=80000608 rs2=0=00000000 a=80000608 b=00000000 alu=80000608 ra=80000e24 count=00000000
# COUNT t=11475000 data=00000001
# TRACE t=11485000 pc=80000e74 ifid_pc=80000e70 idex_pc=80000e6c ifid_i=000ff297 idex_v=1 exmem_v=1 mwb_v=1 stall=0 flush=1 br=0 j=10 rs1=1=80000608 rs2=0=00000000 a=80000608 b=00000000 alu=80000608 ra=80000e24 count=00000000
# TRACE t=11525000 pc=80000e1c ifid_pc=00000000 idex_pc=00000000 ifid_i=00000000 idex_v=0 exmem_v=1 mwb_v=0 stall=0 flush=0 br=0 j=00 rs1=0=00000000 rs2=0=00000000 a=00000000 b=00000000 alu=00000000 ra=80000608 count=00000000
# TRACE t=11535000 pc=80000e20 ifid_pc=80000e1c idex_pc=00000000 ifid_i=00008413 idex_v=0 exmem_v=0 mwb_v=1 stall=0 flush=0 br=0 j=00 rs1=0=00000000 rs2=0=00000000 a=00000000 b=00000000 alu=00000000 ra=80000608 count=00000000
# TRACE t=11545000 pc=80000e24 ifid_pc=80000e20 idex_pc=80000e1c ifid_i=010000ef idex_v=1 exmem_v=0 mwb_v=0 stall=0 flush=0 br=0 j=00 rs1=1=80000608 rs2=0=00000000 a=80000608 b=00000000 alu=80000608 ra=8000060c count=00000000
# TRACE t=11555000 pc=80000e28 ifid_pc=80000e24 idex_pc=80000e20 ifid_i=00000297 idex_v=1 exmem_v=1 mwb_v=0 stall=0 flush=1 br=0 j=01 rs1=0=00000000 rs2=16=00000000 a=00000000 b=00000000 alu=00000000 ra=8000060c count=00000000
# TRACE t=11565000 pc=80000e30 ifid_pc=00000000 idex_pc=00000000 ifid_i=00000000 idex_v=0 exmem_v=1 mwb_v=1 stall=0 flush=0 br=0 j=00 rs1=0=00000000 rs2=0=00000000 a=00000000 b=00000000 alu=00000000 ra=8000060c count=00000000
# TRACE t=11575000 pc=80000e34 ifid_pc=80000e30 idex_pc=00000000 ifid_i=00400313 idex_v=0 exmem_v=0 mwb_v=1 stall=0 flush=0 br=0 j=00 rs1=0=00000000 rs2=0=00000000 a=00000000 b=00000000 alu=00000000 ra=8000060c count=00000000
# TRACE t=11585000 pc=80000e38 ifid_pc=80000e34 idex_pc=80000e30 ifid_i=00008067 idex_v=1 exmem_v=0 mwb_v=0 stall=0 flush=0 br=0 j=00 rs1=0=00000000 rs2=4=00000000 a=00000000 b=00000004 alu=00000004 ra=80000e24 count=00000000
# TRACE t=11595000 pc=80000e3c ifid_pc=80000e38 idex_pc=80000e34 ifid_i=000ff297 idex_v=1 exmem_v=1 mwb_v=0 stall=0 flush=1 br=0 j=10 rs1=1=80000e24 rs2=0=00000000 a=80000e24 b=00000000 alu=80000e24 ra=80000e24 count=00000000
# TRACE t=11605000 pc=80000e24 ifid_pc=00000000 idex_pc=00000000 ifid_i=00000000 idex_v=0 exmem_v=1 mwb_v=1 stall=0 flush=0 br=0 j=00 rs1=0=00000000 rs2=0=00000000 a=00000000 b=00000000 alu=00000000 ra=80000e24 count=00000000
# TRACE t=11615000 pc=80000e28 ifid_pc=80000e24 idex_pc=00000000 ifid_i=00000297 idex_v=0 exmem_v=0 mwb_v=1 stall=0 flush=0 br=0 j=00 rs1=0=00000000 rs2=0=00000000 a=00000000 b=00000000 alu=00000000 ra=80000e24 count=00000000
# TRACE t=11625000 pc=80000e2c ifid_pc=80000e28 idex_pc=80000e24 ifid_i=00509863 idex_v=1 exmem_v=0 mwb_v=0 stall=0 flush=0 br=0 j=00 rs1=0=00000000 rs2=0=00000000 a=80000e24 b=00000000 alu=80000e24 ra=80000e24 count=00000000
# TRACE t=11635000 pc=80000e30 ifid_pc=80000e2c idex_pc=80000e28 ifid_i=0280006f idex_v=1 exmem_v=1 mwb_v=0 stall=0 flush=0 br=1 j=00 rs1=1=80000e24 rs2=5=80000e24 a=80000e24 b=80000e24 alu=00000000 ra=80000e24 count=00000000
# TRACE t=11645000 pc=80000e34 ifid_pc=80000e30 idex_pc=80000e2c ifid_i=00400313 idex_v=1 exmem_v=1 mwb_v=1 stall=0 flush=1 br=0 j=01 rs1=0=00000000 rs2=8=80000608 a=00000000 b=80000608 alu=80000608 ra=80000e24 count=00000000
# TRACE t=11655000 pc=80000e54 ifid_pc=00000000 idex_pc=00000000 ifid_i=00000000 idex_v=0 exmem_v=1 mwb_v=1 stall=0 flush=0 br=0 j=00 rs1=0=00000000 rs2=0=00000000 a=00000000 b=00000000 alu=00000000 ra=80000e24 count=00000000
# TRACE t=11665000 pc=80000e58 ifid_pc=80000e54 idex_pc=00000000 ifid_i=000ff297 idex_v=0 exmem_v=0 mwb_v=1 stall=0 flush=0 br=0 j=00 rs1=0=00000000 rs2=0=00000000 a=00000000 b=00000000 alu=00000000 ra=80000e24 count=00000000
# TRACE t=11675000 pc=80000e5c ifid_pc=80000e58 idex_pc=80000e54 ifid_i=1ac28293 idex_v=1 exmem_v=0 mwb_v=0 stall=0 flush=0 br=0 j=00 rs1=31=00000000 rs2=0=00000000 a=80000e54 b=000ff000 alu=800ffe54 ra=80000e24 count=00000000
# TRACE t=11685000 pc=80000e60 ifid_pc=80000e5c idex_pc=80000e58 ifid_i=0002a303 idex_v=1 exmem_v=1 mwb_v=0 stall=0 flush=0 br=0 j=00 rs1=5=800ffe54 rs2=12=00000000 a=800ffe54 b=000001ac alu=80100000 ra=80000e24 count=00000000
# TRACE t=11695000 pc=80000e64 ifid_pc=80000e60 idex_pc=80000e5c ifid_i=00130313 idex_v=1 exmem_v=1 mwb_v=1 stall=1 flush=0 br=0 j=00 rs1=5=80100000 rs2=0=00000000 a=80100000 b=00000000 alu=80100000 ra=80000e24 count=00000000
# TRACE t=11705000 pc=80000e64 ifid_pc=80000e60 idex_pc=00000000 ifid_i=00130313 idex_v=0 exmem_v=1 mwb_v=1 stall=0 flush=0 br=0 j=00 rs1=0=00000000 rs2=0=00000000 a=00000000 b=00000000 alu=00000000 ra=80000e24 count=00000000
# TRACE t=11715000 pc=80000e68 ifid_pc=80000e64 idex_pc=80000e60 ifid_i=0062a023 idex_v=1 exmem_v=0 mwb_v=1 stall=0 flush=0 br=0 j=00 rs1=6=00000000 rs2=1=80000e24 a=00000000 b=00000001 alu=00000001 ra=80000e24 count=00000000
# TRACE t=11725000 pc=80000e6c ifid_pc=80000e68 idex_pc=80000e64 ifid_i=00040093 idex_v=1 exmem_v=1 mwb_v=0 stall=0 flush=0 br=0 j=00 rs1=5=80100000 rs2=6=00000001 a=80100000 b=00000000 alu=80100000 ra=80000e24 count=00000000
# TRACE t=11735000 pc=80000e70 ifid_pc=80000e6c idex_pc=80000e68 ifid_i=00008067 idex_v=1 exmem_v=1 mwb_v=1 stall=0 flush=0 br=0 j=00 rs1=8=80000608 rs2=0=00000000 a=80000608 b=00000000 alu=80000608 ra=80000e24 count=00000000
# COUNT t=11735000 data=00000001
# TRACE t=11745000 pc=80000e74 ifid_pc=80000e70 idex_pc=80000e6c ifid_i=000ff297 idex_v=1 exmem_v=1 mwb_v=1 stall=0 flush=1 br=0 j=10 rs1=1=80000608 rs2=0=00000000 a=80000608 b=00000000 alu=80000608 ra=80000e24 count=00000000
# TRACE t=11785000 pc=80000e1c ifid_pc=00000000 idex_pc=00000000 ifid_i=00000000 idex_v=0 exmem_v=1 mwb_v=0 stall=0 flush=0 br=0 j=00 rs1=0=00000000 rs2=0=00000000 a=00000000 b=00000000 alu=00000000 ra=80000608 count=00000000
# TRACE t=11795000 pc=80000e20 ifid_pc=80000e1c idex_pc=00000000 ifid_i=00008413 idex_v=0 exmem_v=0 mwb_v=1 stall=0 flush=0 br=0 j=00 rs1=0=00000000 rs2=0=00000000 a=00000000 b=00000000 alu=00000000 ra=80000608 count=00000000
# TRACE t=11805000 pc=80000e24 ifid_pc=80000e20 idex_pc=80000e1c ifid_i=010000ef idex_v=1 exmem_v=0 mwb_v=0 stall=0 flush=0 br=0 j=00 rs1=1=80000608 rs2=0=00000000 a=80000608 b=00000000 alu=80000608 ra=8000060c count=00000000
# TRACE t=11815000 pc=80000e28 ifid_pc=80000e24 idex_pc=80000e20 ifid_i=00000297 idex_v=1 exmem_v=1 mwb_v=0 stall=0 flush=1 br=0 j=01 rs1=0=00000000 rs2=16=00000000 a=00000000 b=00000000 alu=00000000 ra=8000060c count=00000000
# TRACE t=11825000 pc=80000e30 ifid_pc=00000000 idex_pc=00000000 ifid_i=00000000 idex_v=0 exmem_v=1 mwb_v=1 stall=0 flush=0 br=0 j=00 rs1=0=00000000 rs2=0=00000000 a=00000000 b=00000000 alu=00000000 ra=8000060c count=00000000
# TRACE t=11835000 pc=80000e34 ifid_pc=80000e30 idex_pc=00000000 ifid_i=00400313 idex_v=0 exmem_v=0 mwb_v=1 stall=0 flush=0 br=0 j=00 rs1=0=00000000 rs2=0=00000000 a=00000000 b=00000000 alu=00000000 ra=8000060c count=00000000
# TRACE t=11845000 pc=80000e38 ifid_pc=80000e34 idex_pc=80000e30 ifid_i=00008067 idex_v=1 exmem_v=0 mwb_v=0 stall=0 flush=0 br=0 j=00 rs1=0=00000000 rs2=4=00000000 a=00000000 b=00000004 alu=00000004 ra=80000e24 count=00000000
# TRACE t=11855000 pc=80000e3c ifid_pc=80000e38 idex_pc=80000e34 ifid_i=000ff297 idex_v=1 exmem_v=1 mwb_v=0 stall=0 flush=1 br=0 j=10 rs1=1=80000e24 rs2=0=00000000 a=80000e24 b=00000000 alu=80000e24 ra=80000e24 count=00000000
# TRACE t=11865000 pc=80000e24 ifid_pc=00000000 idex_pc=00000000 ifid_i=00000000 idex_v=0 exmem_v=1 mwb_v=1 stall=0 flush=0 br=0 j=00 rs1=0=00000000 rs2=0=00000000 a=00000000 b=00000000 alu=00000000 ra=80000e24 count=00000000
# TRACE t=11875000 pc=80000e28 ifid_pc=80000e24 idex_pc=00000000 ifid_i=00000297 idex_v=0 exmem_v=0 mwb_v=1 stall=0 flush=0 br=0 j=00 rs1=0=00000000 rs2=0=00000000 a=00000000 b=00000000 alu=00000000 ra=80000e24 count=00000000
# TRACE t=11885000 pc=80000e2c ifid_pc=80000e28 idex_pc=80000e24 ifid_i=00509863 idex_v=1 exmem_v=0 mwb_v=0 stall=0 flush=0 br=0 j=00 rs1=0=00000000 rs2=0=00000000 a=80000e24 b=00000000 alu=80000e24 ra=80000e24 count=00000000
# TRACE t=11895000 pc=80000e30 ifid_pc=80000e2c idex_pc=80000e28 ifid_i=0280006f idex_v=1 exmem_v=1 mwb_v=0 stall=0 flush=0 br=1 j=00 rs1=1=80000e24 rs2=5=80000e24 a=80000e24 b=80000e24 alu=00000000 ra=80000e24 count=00000000
# TRACE t=11905000 pc=80000e34 ifid_pc=80000e30 idex_pc=80000e2c ifid_i=00400313 idex_v=1 exmem_v=1 mwb_v=1 stall=0 flush=1 br=0 j=01 rs1=0=00000000 rs2=8=80000608 a=00000000 b=80000608 alu=80000608 ra=80000e24 count=00000000
# TRACE t=11915000 pc=80000e54 ifid_pc=00000000 idex_pc=00000000 ifid_i=00000000 idex_v=0 exmem_v=1 mwb_v=1 stall=0 flush=0 br=0 j=00 rs1=0=00000000 rs2=0=00000000 a=00000000 b=00000000 alu=00000000 ra=80000e24 count=00000000
# TRACE t=11925000 pc=80000e58 ifid_pc=80000e54 idex_pc=00000000 ifid_i=000ff297 idex_v=0 exmem_v=0 mwb_v=1 stall=0 flush=0 br=0 j=00 rs1=0=00000000 rs2=0=00000000 a=00000000 b=00000000 alu=00000000 ra=80000e24 count=00000000
# TRACE t=11935000 pc=80000e5c ifid_pc=80000e58 idex_pc=80000e54 ifid_i=1ac28293 idex_v=1 exmem_v=0 mwb_v=0 stall=0 flush=0 br=0 j=00 rs1=31=00000000 rs2=0=00000000 a=80000e54 b=000ff000 alu=800ffe54 ra=80000e24 count=00000000
# TRACE t=11945000 pc=80000e60 ifid_pc=80000e5c idex_pc=80000e58 ifid_i=0002a303 idex_v=1 exmem_v=1 mwb_v=0 stall=0 flush=0 br=0 j=00 rs1=5=800ffe54 rs2=12=00000000 a=800ffe54 b=000001ac alu=80100000 ra=80000e24 count=00000000
# TRACE t=11955000 pc=80000e64 ifid_pc=80000e60 idex_pc=80000e5c ifid_i=00130313 idex_v=1 exmem_v=1 mwb_v=1 stall=1 flush=0 br=0 j=00 rs1=5=80100000 rs2=0=00000000 a=80100000 b=00000000 alu=80100000 ra=80000e24 count=00000000
# TRACE t=11965000 pc=80000e64 ifid_pc=80000e60 idex_pc=00000000 ifid_i=00130313 idex_v=0 exmem_v=1 mwb_v=1 stall=0 flush=0 br=0 j=00 rs1=0=00000000 rs2=0=00000000 a=00000000 b=00000000 alu=00000000 ra=80000e24 count=00000000
# TRACE t=11975000 pc=80000e68 ifid_pc=80000e64 idex_pc=80000e60 ifid_i=0062a023 idex_v=1 exmem_v=0 mwb_v=1 stall=0 flush=0 br=0 j=00 rs1=6=00000000 rs2=1=80000e24 a=00000000 b=00000001 alu=00000001 ra=80000e24 count=00000000
# TRACE t=11985000 pc=80000e6c ifid_pc=80000e68 idex_pc=80000e64 ifid_i=00040093 idex_v=1 exmem_v=1 mwb_v=0 stall=0 flush=0 br=0 j=00 rs1=5=80100000 rs2=6=00000001 a=80100000 b=00000000 alu=80100000 ra=80000e24 count=00000000
# TRACE t=11995000 pc=80000e70 ifid_pc=80000e6c idex_pc=80000e68 ifid_i=00008067 idex_v=1 exmem_v=1 mwb_v=1 stall=0 flush=0 br=0 j=00 rs1=8=80000608 rs2=0=00000000 a=80000608 b=00000000 alu=80000608 ra=80000e24 count=00000000
# COUNT t=11995000 data=00000001
# TRACE t=12005000 pc=80000e74 ifid_pc=80000e70 idex_pc=80000e6c ifid_i=000ff297 idex_v=1 exmem_v=1 mwb_v=1 stall=0 flush=1 br=0 j=10 rs1=1=80000608 rs2=0=00000000 a=80000608 b=00000000 alu=80000608 ra=80000e24 count=00000000
# TRACE t=12045000 pc=80000e1c ifid_pc=00000000 idex_pc=00000000 ifid_i=00000000 idex_v=0 exmem_v=1 mwb_v=0 stall=0 flush=0 br=0 j=00 rs1=0=00000000 rs2=0=00000000 a=00000000 b=00000000 alu=00000000 ra=80000608 count=00000000
# TRACE t=12055000 pc=80000e20 ifid_pc=80000e1c idex_pc=00000000 ifid_i=00008413 idex_v=0 exmem_v=0 mwb_v=1 stall=0 flush=0 br=0 j=00 rs1=0=00000000 rs2=0=00000000 a=00000000 b=00000000 alu=00000000 ra=80000608 count=00000000
# TRACE t=12065000 pc=80000e24 ifid_pc=80000e20 idex_pc=80000e1c ifid_i=010000ef idex_v=1 exmem_v=0 mwb_v=0 stall=0 flush=0 br=0 j=00 rs1=1=80000608 rs2=0=00000000 a=80000608 b=00000000 alu=80000608 ra=8000060c count=00000000
# TRACE t=12075000 pc=80000e28 ifid_pc=80000e24 idex_pc=80000e20 ifid_i=00000297 idex_v=1 exmem_v=1 mwb_v=0 stall=0 flush=1 br=0 j=01 rs1=0=00000000 rs2=16=00000000 a=00000000 b=00000000 alu=00000000 ra=8000060c count=00000000
# TRACE t=12085000 pc=80000e30 ifid_pc=00000000 idex_pc=00000000 ifid_i=00000000 idex_v=0 exmem_v=1 mwb_v=1 stall=0 flush=0 br=0 j=00 rs1=0=00000000 rs2=0=00000000 a=00000000 b=00000000 alu=00000000 ra=8000060c count=00000000
# TRACE t=12095000 pc=80000e34 ifid_pc=80000e30 idex_pc=00000000 ifid_i=00400313 idex_v=0 exmem_v=0 mwb_v=1 stall=0 flush=0 br=0 j=00 rs1=0=00000000 rs2=0=00000000 a=00000000 b=00000000 alu=00000000 ra=8000060c count=00000000
# TRACE t=12105000 pc=80000e38 ifid_pc=80000e34 idex_pc=80000e30 ifid_i=00008067 idex_v=1 exmem_v=0 mwb_v=0 stall=0 flush=0 br=0 j=00 rs1=0=00000000 rs2=4=00000000 a=00000000 b=00000004 alu=00000004 ra=80000e24 count=00000000
# TRACE t=12115000 pc=80000e3c ifid_pc=80000e38 idex_pc=80000e34 ifid_i=000ff297 idex_v=1 exmem_v=1 mwb_v=0 stall=0 flush=1 br=0 j=10 rs1=1=80000e24 rs2=0=00000000 a=80000e24 b=00000000 alu=80000e24 ra=80000e24 count=00000000
# TRACE t=12125000 pc=80000e24 ifid_pc=00000000 idex_pc=00000000 ifid_i=00000000 idex_v=0 exmem_v=1 mwb_v=1 stall=0 flush=0 br=0 j=00 rs1=0=00000000 rs2=0=00000000 a=00000000 b=00000000 alu=00000000 ra=80000e24 count=00000000
# TRACE t=12135000 pc=80000e28 ifid_pc=80000e24 idex_pc=00000000 ifid_i=00000297 idex_v=0 exmem_v=0 mwb_v=1 stall=0 flush=0 br=0 j=00 rs1=0=00000000 rs2=0=00000000 a=00000000 b=00000000 alu=00000000 ra=80000e24 count=00000000
# TRACE t=12145000 pc=80000e2c ifid_pc=80000e28 idex_pc=80000e24 ifid_i=00509863 idex_v=1 exmem_v=0 mwb_v=0 stall=0 flush=0 br=0 j=00 rs1=0=00000000 rs2=0=00000000 a=80000e24 b=00000000 alu=80000e24 ra=80000e24 count=00000000
# TRACE t=12155000 pc=80000e30 ifid_pc=80000e2c idex_pc=80000e28 ifid_i=0280006f idex_v=1 exmem_v=1 mwb_v=0 stall=0 flush=0 br=1 j=00 rs1=1=80000e24 rs2=5=80000e24 a=80000e24 b=80000e24 alu=00000000 ra=80000e24 count=00000000
# TRACE t=12165000 pc=80000e34 ifid_pc=80000e30 idex_pc=80000e2c ifid_i=00400313 idex_v=1 exmem_v=1 mwb_v=1 stall=0 flush=1 br=0 j=01 rs1=0=00000000 rs2=8=80000608 a=00000000 b=80000608 alu=80000608 ra=80000e24 count=00000000
# TRACE t=12175000 pc=80000e54 ifid_pc=00000000 idex_pc=00000000 ifid_i=00000000 idex_v=0 exmem_v=1 mwb_v=1 stall=0 flush=0 br=0 j=00 rs1=0=00000000 rs2=0=00000000 a=00000000 b=00000000 alu=00000000 ra=80000e24 count=00000000
# TRACE t=12185000 pc=80000e58 ifid_pc=80000e54 idex_pc=00000000 ifid_i=000ff297 idex_v=0 exmem_v=0 mwb_v=1 stall=0 flush=0 br=0 j=00 rs1=0=00000000 rs2=0=00000000 a=00000000 b=00000000 alu=00000000 ra=80000e24 count=00000000
# TRACE t=12195000 pc=80000e5c ifid_pc=80000e58 idex_pc=80000e54 ifid_i=1ac28293 idex_v=1 exmem_v=0 mwb_v=0 stall=0 flush=0 br=0 j=00 rs1=31=00000000 rs2=0=00000000 a=80000e54 b=000ff000 alu=800ffe54 ra=80000e24 count=00000000
# TRACE t=12205000 pc=80000e60 ifid_pc=80000e5c idex_pc=80000e58 ifid_i=0002a303 idex_v=1 exmem_v=1 mwb_v=0 stall=0 flush=0 br=0 j=00 rs1=5=800ffe54 rs2=12=00000000 a=800ffe54 b=000001ac alu=80100000 ra=80000e24 count=00000000
# TRACE t=12215000 pc=80000e64 ifid_pc=80000e60 idex_pc=80000e5c ifid_i=00130313 idex_v=1 exmem_v=1 mwb_v=1 stall=1 flush=0 br=0 j=00 rs1=5=80100000 rs2=0=00000000 a=80100000 b=00000000 alu=80100000 ra=80000e24 count=00000000
# TRACE t=12225000 pc=80000e64 ifid_pc=80000e60 idex_pc=00000000 ifid_i=00130313 idex_v=0 exmem_v=1 mwb_v=1 stall=0 flush=0 br=0 j=00 rs1=0=00000000 rs2=0=00000000 a=00000000 b=00000000 alu=00000000 ra=80000e24 count=00000000
# TRACE t=12235000 pc=80000e68 ifid_pc=80000e64 idex_pc=80000e60 ifid_i=0062a023 idex_v=1 exmem_v=0 mwb_v=1 stall=0 flush=0 br=0 j=00 rs1=6=00000000 rs2=1=80000e24 a=00000000 b=00000001 alu=00000001 ra=80000e24 count=00000000
# TRACE t=12245000 pc=80000e6c ifid_pc=80000e68 idex_pc=80000e64 ifid_i=00040093 idex_v=1 exmem_v=1 mwb_v=0 stall=0 flush=0 br=0 j=00 rs1=5=80100000 rs2=6=00000001 a=80100000 b=00000000 alu=80100000 ra=80000e24 count=00000000
# TRACE t=12255000 pc=80000e70 ifid_pc=80000e6c idex_pc=80000e68 ifid_i=00008067 idex_v=1 exmem_v=1 mwb_v=1 stall=0 flush=0 br=0 j=00 rs1=8=80000608 rs2=0=00000000 a=80000608 b=00000000 alu=80000608 ra=80000e24 count=00000000
# COUNT t=12255000 data=00000001
# TRACE t=12265000 pc=80000e74 ifid_pc=80000e70 idex_pc=80000e6c ifid_i=000ff297 idex_v=1 exmem_v=1 mwb_v=1 stall=0 flush=1 br=0 j=10 rs1=1=80000608 rs2=0=00000000 a=80000608 b=00000000 alu=80000608 ra=80000e24 count=00000000
# TRACE t=12305000 pc=80000e1c ifid_pc=00000000 idex_pc=00000000 ifid_i=00000000 idex_v=0 exmem_v=1 mwb_v=0 stall=0 flush=0 br=0 j=00 rs1=0=00000000 rs2=0=00000000 a=00000000 b=00000000 alu=00000000 ra=80000608 count=00000000
# TRACE t=12315000 pc=80000e20 ifid_pc=80000e1c idex_pc=00000000 ifid_i=00008413 idex_v=0 exmem_v=0 mwb_v=1 stall=0 flush=0 br=0 j=00 rs1=0=00000000 rs2=0=00000000 a=00000000 b=00000000 alu=00000000 ra=80000608 count=00000000
# TRACE t=12325000 pc=80000e24 ifid_pc=80000e20 idex_pc=80000e1c ifid_i=010000ef idex_v=1 exmem_v=0 mwb_v=0 stall=0 flush=0 br=0 j=00 rs1=1=80000608 rs2=0=00000000 a=80000608 b=00000000 alu=80000608 ra=8000060c count=00000000
# TRACE t=12335000 pc=80000e28 ifid_pc=80000e24 idex_pc=80000e20 ifid_i=00000297 idex_v=1 exmem_v=1 mwb_v=0 stall=0 flush=1 br=0 j=01 rs1=0=00000000 rs2=16=00000000 a=00000000 b=00000000 alu=00000000 ra=8000060c count=00000000
# TRACE t=12345000 pc=80000e30 ifid_pc=00000000 idex_pc=00000000 ifid_i=00000000 idex_v=0 exmem_v=1 mwb_v=1 stall=0 flush=0 br=0 j=00 rs1=0=00000000 rs2=0=00000000 a=00000000 b=00000000 alu=00000000 ra=8000060c count=00000000
# TRACE t=12355000 pc=80000e34 ifid_pc=80000e30 idex_pc=00000000 ifid_i=00400313 idex_v=0 exmem_v=0 mwb_v=1 stall=0 flush=0 br=0 j=00 rs1=0=00000000 rs2=0=00000000 a=00000000 b=00000000 alu=00000000 ra=8000060c count=00000000
# TRACE t=12365000 pc=80000e38 ifid_pc=80000e34 idex_pc=80000e30 ifid_i=00008067 idex_v=1 exmem_v=0 mwb_v=0 stall=0 flush=0 br=0 j=00 rs1=0=00000000 rs2=4=00000000 a=00000000 b=00000004 alu=00000004 ra=80000e24 count=00000000
# TRACE t=12375000 pc=80000e3c ifid_pc=80000e38 idex_pc=80000e34 ifid_i=000ff297 idex_v=1 exmem_v=1 mwb_v=0 stall=0 flush=1 br=0 j=10 rs1=1=80000e24 rs2=0=00000000 a=80000e24 b=00000000 alu=80000e24 ra=80000e24 count=00000000
# TRACE t=12385000 pc=80000e24 ifid_pc=00000000 idex_pc=00000000 ifid_i=00000000 idex_v=0 exmem_v=1 mwb_v=1 stall=0 flush=0 br=0 j=00 rs1=0=00000000 rs2=0=00000000 a=00000000 b=00000000 alu=00000000 ra=80000e24 count=00000000
# TRACE t=12395000 pc=80000e28 ifid_pc=80000e24 idex_pc=00000000 ifid_i=00000297 idex_v=0 exmem_v=0 mwb_v=1 stall=0 flush=0 br=0 j=00 rs1=0=00000000 rs2=0=00000000 a=00000000 b=00000000 alu=00000000 ra=80000e24 count=00000000
# TRACE t=12405000 pc=80000e2c ifid_pc=80000e28 idex_pc=80000e24 ifid_i=00509863 idex_v=1 exmem_v=0 mwb_v=0 stall=0 flush=0 br=0 j=00 rs1=0=00000000 rs2=0=00000000 a=80000e24 b=00000000 alu=80000e24 ra=80000e24 count=00000000
# TRACE t=12415000 pc=80000e30 ifid_pc=80000e2c idex_pc=80000e28 ifid_i=0280006f idex_v=1 exmem_v=1 mwb_v=0 stall=0 flush=0 br=1 j=00 rs1=1=80000e24 rs2=5=80000e24 a=80000e24 b=80000e24 alu=00000000 ra=80000e24 count=00000000
# TRACE t=12425000 pc=80000e34 ifid_pc=80000e30 idex_pc=80000e2c ifid_i=00400313 idex_v=1 exmem_v=1 mwb_v=1 stall=0 flush=1 br=0 j=01 rs1=0=00000000 rs2=8=80000608 a=00000000 b=80000608 alu=80000608 ra=80000e24 count=00000000
# TRACE t=12435000 pc=80000e54 ifid_pc=00000000 idex_pc=00000000 ifid_i=00000000 idex_v=0 exmem_v=1 mwb_v=1 stall=0 flush=0 br=0 j=00 rs1=0=00000000 rs2=0=00000000 a=00000000 b=00000000 alu=00000000 ra=80000e24 count=00000000
# TRACE t=12445000 pc=80000e58 ifid_pc=80000e54 idex_pc=00000000 ifid_i=000ff297 idex_v=0 exmem_v=0 mwb_v=1 stall=0 flush=0 br=0 j=00 rs1=0=00000000 rs2=0=00000000 a=00000000 b=00000000 alu=00000000 ra=80000e24 count=00000000
# TRACE t=12455000 pc=80000e5c ifid_pc=80000e58 idex_pc=80000e54 ifid_i=1ac28293 idex_v=1 exmem_v=0 mwb_v=0 stall=0 flush=0 br=0 j=00 rs1=31=00000000 rs2=0=00000000 a=80000e54 b=000ff000 alu=800ffe54 ra=80000e24 count=00000000
# TRACE t=12465000 pc=80000e60 ifid_pc=80000e5c idex_pc=80000e58 ifid_i=0002a303 idex_v=1 exmem_v=1 mwb_v=0 stall=0 flush=0 br=0 j=00 rs1=5=800ffe54 rs2=12=00000000 a=800ffe54 b=000001ac alu=80100000 ra=80000e24 count=00000000
# TRACE t=12475000 pc=80000e64 ifid_pc=80000e60 idex_pc=80000e5c ifid_i=00130313 idex_v=1 exmem_v=1 mwb_v=1 stall=1 flush=0 br=0 j=00 rs1=5=80100000 rs2=0=00000000 a=80100000 b=00000000 alu=80100000 ra=80000e24 count=00000000
# TRACE t=12485000 pc=80000e64 ifid_pc=80000e60 idex_pc=00000000 ifid_i=00130313 idex_v=0 exmem_v=1 mwb_v=1 stall=0 flush=0 br=0 j=00 rs1=0=00000000 rs2=0=00000000 a=00000000 b=00000000 alu=00000000 ra=80000e24 count=00000000
# TRACE t=12495000 pc=80000e68 ifid_pc=80000e64 idex_pc=80000e60 ifid_i=0062a023 idex_v=1 exmem_v=0 mwb_v=1 stall=0 flush=0 br=0 j=00 rs1=6=00000000 rs2=1=80000e24 a=00000000 b=00000001 alu=00000001 ra=80000e24 count=00000000
# TRACE t=12505000 pc=80000e6c ifid_pc=80000e68 idex_pc=80000e64 ifid_i=00040093 idex_v=1 exmem_v=1 mwb_v=0 stall=0 flush=0 br=0 j=00 rs1=5=80100000 rs2=6=00000001 a=80100000 b=00000000 alu=80100000 ra=80000e24 count=00000000
# TRACE t=12515000 pc=80000e70 ifid_pc=80000e6c idex_pc=80000e68 ifid_i=00008067 idex_v=1 exmem_v=1 mwb_v=1 stall=0 flush=0 br=0 j=00 rs1=8=80000608 rs2=0=00000000 a=80000608 b=00000000 alu=80000608 ra=80000e24 count=00000000
# COUNT t=12515000 data=00000001
# TRACE t=12525000 pc=80000e74 ifid_pc=80000e70 idex_pc=80000e6c ifid_i=000ff297 idex_v=1 exmem_v=1 mwb_v=1 stall=0 flush=1 br=0 j=10 rs1=1=80000608 rs2=0=00000000 a=80000608 b=00000000 alu=80000608 ra=80000e24 count=00000000
# TRACE t=12565000 pc=80000e1c ifid_pc=00000000 idex_pc=00000000 ifid_i=00000000 idex_v=0 exmem_v=1 mwb_v=0 stall=0 flush=0 br=0 j=00 rs1=0=00000000 rs2=0=00000000 a=00000000 b=00000000 alu=00000000 ra=80000608 count=00000000
# TRACE t=12575000 pc=80000e20 ifid_pc=80000e1c idex_pc=00000000 ifid_i=00008413 idex_v=0 exmem_v=0 mwb_v=1 stall=0 flush=0 br=0 j=00 rs1=0=00000000 rs2=0=00000000 a=00000000 b=00000000 alu=00000000 ra=80000608 count=00000000
# TRACE t=12585000 pc=80000e24 ifid_pc=80000e20 idex_pc=80000e1c ifid_i=010000ef idex_v=1 exmem_v=0 mwb_v=0 stall=0 flush=0 br=0 j=00 rs1=1=80000608 rs2=0=00000000 a=80000608 b=00000000 alu=80000608 ra=8000060c count=00000000
# TRACE t=12595000 pc=80000e28 ifid_pc=80000e24 idex_pc=80000e20 ifid_i=00000297 idex_v=1 exmem_v=1 mwb_v=0 stall=0 flush=1 br=0 j=01 rs1=0=00000000 rs2=16=00000000 a=00000000 b=00000000 alu=00000000 ra=8000060c count=00000000
# TRACE t=12605000 pc=80000e30 ifid_pc=00000000 idex_pc=00000000 ifid_i=00000000 idex_v=0 exmem_v=1 mwb_v=1 stall=0 flush=0 br=0 j=00 rs1=0=00000000 rs2=0=00000000 a=00000000 b=00000000 alu=00000000 ra=8000060c count=00000000
# TRACE t=12615000 pc=80000e34 ifid_pc=80000e30 idex_pc=00000000 ifid_i=00400313 idex_v=0 exmem_v=0 mwb_v=1 stall=0 flush=0 br=0 j=00 rs1=0=00000000 rs2=0=00000000 a=00000000 b=00000000 alu=00000000 ra=8000060c count=00000000
# TRACE t=12625000 pc=80000e38 ifid_pc=80000e34 idex_pc=80000e30 ifid_i=00008067 idex_v=1 exmem_v=0 mwb_v=0 stall=0 flush=0 br=0 j=00 rs1=0=00000000 rs2=4=00000000 a=00000000 b=00000004 alu=00000004 ra=80000e24 count=00000000
# TRACE t=12635000 pc=80000e3c ifid_pc=80000e38 idex_pc=80000e34 ifid_i=000ff297 idex_v=1 exmem_v=1 mwb_v=0 stall=0 flush=1 br=0 j=10 rs1=1=80000e24 rs2=0=00000000 a=80000e24 b=00000000 alu=80000e24 ra=80000e24 count=00000000
# TRACE t=12645000 pc=80000e24 ifid_pc=00000000 idex_pc=00000000 ifid_i=00000000 idex_v=0 exmem_v=1 mwb_v=1 stall=0 flush=0 br=0 j=00 rs1=0=00000000 rs2=0=00000000 a=00000000 b=00000000 alu=00000000 ra=80000e24 count=00000000
# TRACE t=12655000 pc=80000e28 ifid_pc=80000e24 idex_pc=00000000 ifid_i=00000297 idex_v=0 exmem_v=0 mwb_v=1 stall=0 flush=0 br=0 j=00 rs1=0=00000000 rs2=0=00000000 a=00000000 b=00000000 alu=00000000 ra=80000e24 count=00000000
# TRACE t=12665000 pc=80000e2c ifid_pc=80000e28 idex_pc=80000e24 ifid_i=00509863 idex_v=1 exmem_v=0 mwb_v=0 stall=0 flush=0 br=0 j=00 rs1=0=00000000 rs2=0=00000000 a=80000e24 b=00000000 alu=80000e24 ra=80000e24 count=00000000
# TRACE t=12675000 pc=80000e30 ifid_pc=80000e2c idex_pc=80000e28 ifid_i=0280006f idex_v=1 exmem_v=1 mwb_v=0 stall=0 flush=0 br=1 j=00 rs1=1=80000e24 rs2=5=80000e24 a=80000e24 b=80000e24 alu=00000000 ra=80000e24 count=00000000
# TRACE t=12685000 pc=80000e34 ifid_pc=80000e30 idex_pc=80000e2c ifid_i=00400313 idex_v=1 exmem_v=1 mwb_v=1 stall=0 flush=1 br=0 j=01 rs1=0=00000000 rs2=8=80000608 a=00000000 b=80000608 alu=80000608 ra=80000e24 count=00000000
# TRACE t=12695000 pc=80000e54 ifid_pc=00000000 idex_pc=00000000 ifid_i=00000000 idex_v=0 exmem_v=1 mwb_v=1 stall=0 flush=0 br=0 j=00 rs1=0=00000000 rs2=0=00000000 a=00000000 b=00000000 alu=00000000 ra=80000e24 count=00000000
# TRACE t=12705000 pc=80000e58 ifid_pc=80000e54 idex_pc=00000000 ifid_i=000ff297 idex_v=0 exmem_v=0 mwb_v=1 stall=0 flush=0 br=0 j=00 rs1=0=00000000 rs2=0=00000000 a=00000000 b=00000000 alu=00000000 ra=80000e24 count=00000000
# TRACE t=12715000 pc=80000e5c ifid_pc=80000e58 idex_pc=80000e54 ifid_i=1ac28293 idex_v=1 exmem_v=0 mwb_v=0 stall=0 flush=0 br=0 j=00 rs1=31=00000000 rs2=0=00000000 a=80000e54 b=000ff000 alu=800ffe54 ra=80000e24 count=00000000
# TRACE t=12725000 pc=80000e60 ifid_pc=80000e5c idex_pc=80000e58 ifid_i=0002a303 idex_v=1 exmem_v=1 mwb_v=0 stall=0 flush=0 br=0 j=00 rs1=5=800ffe54 rs2=12=00000000 a=800ffe54 b=000001ac alu=80100000 ra=80000e24 count=00000000
# TRACE t=12735000 pc=80000e64 ifid_pc=80000e60 idex_pc=80000e5c ifid_i=00130313 idex_v=1 exmem_v=1 mwb_v=1 stall=1 flush=0 br=0 j=00 rs1=5=80100000 rs2=0=00000000 a=80100000 b=00000000 alu=80100000 ra=80000e24 count=00000000
# TRACE t=12745000 pc=80000e64 ifid_pc=80000e60 idex_pc=00000000 ifid_i=00130313 idex_v=0 exmem_v=1 mwb_v=1 stall=0 flush=0 br=0 j=00 rs1=0=00000000 rs2=0=00000000 a=00000000 b=00000000 alu=00000000 ra=80000e24 count=00000000
# TRACE t=12755000 pc=80000e68 ifid_pc=80000e64 idex_pc=80000e60 ifid_i=0062a023 idex_v=1 exmem_v=0 mwb_v=1 stall=0 flush=0 br=0 j=00 rs1=6=00000000 rs2=1=80000e24 a=00000000 b=00000001 alu=00000001 ra=80000e24 count=00000000
# TRACE t=12765000 pc=80000e6c ifid_pc=80000e68 idex_pc=80000e64 ifid_i=00040093 idex_v=1 exmem_v=1 mwb_v=0 stall=0 flush=0 br=0 j=00 rs1=5=80100000 rs2=6=00000001 a=80100000 b=00000000 alu=80100000 ra=80000e24 count=00000000
# TRACE t=12775000 pc=80000e70 ifid_pc=80000e6c idex_pc=80000e68 ifid_i=00008067 idex_v=1 exmem_v=1 mwb_v=1 stall=0 flush=0 br=0 j=00 rs1=8=80000608 rs2=0=00000000 a=80000608 b=00000000 alu=80000608 ra=80000e24 count=00000000
# COUNT t=12775000 data=00000001
# TRACE t=12785000 pc=80000e74 ifid_pc=80000e70 idex_pc=80000e6c ifid_i=000ff297 idex_v=1 exmem_v=1 mwb_v=1 stall=0 flush=1 br=0 j=10 rs1=1=80000608 rs2=0=00000000 a=80000608 b=00000000 alu=80000608 ra=80000e24 count=00000000
# TRACE t=12825000 pc=80000e1c ifid_pc=00000000 idex_pc=00000000 ifid_i=00000000 idex_v=0 exmem_v=1 mwb_v=0 stall=0 flush=0 br=0 j=00 rs1=0=00000000 rs2=0=00000000 a=00000000 b=00000000 alu=00000000 ra=80000608 count=00000000
# TRACE t=12835000 pc=80000e20 ifid_pc=80000e1c idex_pc=00000000 ifid_i=00008413 idex_v=0 exmem_v=0 mwb_v=1 stall=0 flush=0 br=0 j=00 rs1=0=00000000 rs2=0=00000000 a=00000000 b=00000000 alu=00000000 ra=80000608 count=00000000
# TRACE t=12845000 pc=80000e24 ifid_pc=80000e20 idex_pc=80000e1c ifid_i=010000ef idex_v=1 exmem_v=0 mwb_v=0 stall=0 flush=0 br=0 j=00 rs1=1=80000608 rs2=0=00000000 a=80000608 b=00000000 alu=80000608 ra=8000060c count=00000000
# TRACE t=12855000 pc=80000e28 ifid_pc=80000e24 idex_pc=80000e20 ifid_i=00000297 idex_v=1 exmem_v=1 mwb_v=0 stall=0 flush=1 br=0 j=01 rs1=0=00000000 rs2=16=00000000 a=00000000 b=00000000 alu=00000000 ra=8000060c count=00000000
# TRACE t=12865000 pc=80000e30 ifid_pc=00000000 idex_pc=00000000 ifid_i=00000000 idex_v=0 exmem_v=1 mwb_v=1 stall=0 flush=0 br=0 j=00 rs1=0=00000000 rs2=0=00000000 a=00000000 b=00000000 alu=00000000 ra=8000060c count=00000000
# TRACE t=12875000 pc=80000e34 ifid_pc=80000e30 idex_pc=00000000 ifid_i=00400313 idex_v=0 exmem_v=0 mwb_v=1 stall=0 flush=0 br=0 j=00 rs1=0=00000000 rs2=0=00000000 a=00000000 b=00000000 alu=00000000 ra=8000060c count=00000000
# TRACE t=12885000 pc=80000e38 ifid_pc=80000e34 idex_pc=80000e30 ifid_i=00008067 idex_v=1 exmem_v=0 mwb_v=0 stall=0 flush=0 br=0 j=00 rs1=0=00000000 rs2=4=00000000 a=00000000 b=00000004 alu=00000004 ra=80000e24 count=00000000
# TRACE t=12895000 pc=80000e3c ifid_pc=80000e38 idex_pc=80000e34 ifid_i=000ff297 idex_v=1 exmem_v=1 mwb_v=0 stall=0 flush=1 br=0 j=10 rs1=1=80000e24 rs2=0=00000000 a=80000e24 b=00000000 alu=80000e24 ra=80000e24 count=00000000
# TRACE t=12905000 pc=80000e24 ifid_pc=00000000 idex_pc=00000000 ifid_i=00000000 idex_v=0 exmem_v=1 mwb_v=1 stall=0 flush=0 br=0 j=00 rs1=0=00000000 rs2=0=00000000 a=00000000 b=00000000 alu=00000000 ra=80000e24 count=00000000
# TRACE t=12915000 pc=80000e28 ifid_pc=80000e24 idex_pc=00000000 ifid_i=00000297 idex_v=0 exmem_v=0 mwb_v=1 stall=0 flush=0 br=0 j=00 rs1=0=00000000 rs2=0=00000000 a=00000000 b=00000000 alu=00000000 ra=80000e24 count=00000000
# TRACE t=12925000 pc=80000e2c ifid_pc=80000e28 idex_pc=80000e24 ifid_i=00509863 idex_v=1 exmem_v=0 mwb_v=0 stall=0 flush=0 br=0 j=00 rs1=0=00000000 rs2=0=00000000 a=80000e24 b=00000000 alu=80000e24 ra=80000e24 count=00000000
# TRACE t=12935000 pc=80000e30 ifid_pc=80000e2c idex_pc=80000e28 ifid_i=0280006f idex_v=1 exmem_v=1 mwb_v=0 stall=0 flush=0 br=1 j=00 rs1=1=80000e24 rs2=5=80000e24 a=80000e24 b=80000e24 alu=00000000 ra=80000e24 count=00000000
# TRACE t=12945000 pc=80000e34 ifid_pc=80000e30 idex_pc=80000e2c ifid_i=00400313 idex_v=1 exmem_v=1 mwb_v=1 stall=0 flush=1 br=0 j=01 rs1=0=00000000 rs2=8=80000608 a=00000000 b=80000608 alu=80000608 ra=80000e24 count=00000000
# TRACE t=12955000 pc=80000e54 ifid_pc=00000000 idex_pc=00000000 ifid_i=00000000 idex_v=0 exmem_v=1 mwb_v=1 stall=0 flush=0 br=0 j=00 rs1=0=00000000 rs2=0=00000000 a=00000000 b=00000000 alu=00000000 ra=80000e24 count=00000000
# TRACE t=12965000 pc=80000e58 ifid_pc=80000e54 idex_pc=00000000 ifid_i=000ff297 idex_v=0 exmem_v=0 mwb_v=1 stall=0 flush=0 br=0 j=00 rs1=0=00000000 rs2=0=00000000 a=00000000 b=00000000 alu=00000000 ra=80000e24 count=00000000
# TRACE t=12975000 pc=80000e5c ifid_pc=80000e58 idex_pc=80000e54 ifid_i=1ac28293 idex_v=1 exmem_v=0 mwb_v=0 stall=0 flush=0 br=0 j=00 rs1=31=00000000 rs2=0=00000000 a=80000e54 b=000ff000 alu=800ffe54 ra=80000e24 count=00000000
# TRACE t=12985000 pc=80000e60 ifid_pc=80000e5c idex_pc=80000e58 ifid_i=0002a303 idex_v=1 exmem_v=1 mwb_v=0 stall=0 flush=0 br=0 j=00 rs1=5=800ffe54 rs2=12=00000000 a=800ffe54 b=000001ac alu=80100000 ra=80000e24 count=00000000
# TRACE t=12995000 pc=80000e64 ifid_pc=80000e60 idex_pc=80000e5c ifid_i=00130313 idex_v=1 exmem_v=1 mwb_v=1 stall=1 flush=0 br=0 j=00 rs1=5=80100000 rs2=0=00000000 a=80100000 b=00000000 alu=80100000 ra=80000e24 count=00000000
# TRACE t=13005000 pc=80000e64 ifid_pc=80000e60 idex_pc=00000000 ifid_i=00130313 idex_v=0 exmem_v=1 mwb_v=1 stall=0 flush=0 br=0 j=00 rs1=0=00000000 rs2=0=00000000 a=00000000 b=00000000 alu=00000000 ra=80000e24 count=00000000
# TRACE t=13015000 pc=80000e68 ifid_pc=80000e64 idex_pc=80000e60 ifid_i=0062a023 idex_v=1 exmem_v=0 mwb_v=1 stall=0 flush=0 br=0 j=00 rs1=6=00000000 rs2=1=80000e24 a=00000000 b=00000001 alu=00000001 ra=80000e24 count=00000000
# TRACE t=13025000 pc=80000e6c ifid_pc=80000e68 idex_pc=80000e64 ifid_i=00040093 idex_v=1 exmem_v=1 mwb_v=0 stall=0 flush=0 br=0 j=00 rs1=5=80100000 rs2=6=00000001 a=80100000 b=00000000 alu=80100000 ra=80000e24 count=00000000
# TRACE t=13035000 pc=80000e70 ifid_pc=80000e6c idex_pc=80000e68 ifid_i=00008067 idex_v=1 exmem_v=1 mwb_v=1 stall=0 flush=0 br=0 j=00 rs1=8=80000608 rs2=0=00000000 a=80000608 b=00000000 alu=80000608 ra=80000e24 count=00000000
# COUNT t=13035000 data=00000001
# TRACE t=13045000 pc=80000e74 ifid_pc=80000e70 idex_pc=80000e6c ifid_i=000ff297 idex_v=1 exmem_v=1 mwb_v=1 stall=0 flush=1 br=0 j=10 rs1=1=80000608 rs2=0=00000000 a=80000608 b=00000000 alu=80000608 ra=80000e24 count=00000000
# TRACE t=13085000 pc=80000e1c ifid_pc=00000000 idex_pc=00000000 ifid_i=00000000 idex_v=0 exmem_v=1 mwb_v=0 stall=0 flush=0 br=0 j=00 rs1=0=00000000 rs2=0=00000000 a=00000000 b=00000000 alu=00000000 ra=80000608 count=00000000
# TRACE t=13095000 pc=80000e20 ifid_pc=80000e1c idex_pc=00000000 ifid_i=00008413 idex_v=0 exmem_v=0 mwb_v=1 stall=0 flush=0 br=0 j=00 rs1=0=00000000 rs2=0=00000000 a=00000000 b=00000000 alu=00000000 ra=80000608 count=00000000
# TRACE t=13105000 pc=80000e24 ifid_pc=80000e20 idex_pc=80000e1c ifid_i=010000ef idex_v=1 exmem_v=0 mwb_v=0 stall=0 flush=0 br=0 j=00 rs1=1=80000608 rs2=0=00000000 a=80000608 b=00000000 alu=80000608 ra=8000060c count=00000000
# TRACE t=13115000 pc=80000e28 ifid_pc=80000e24 idex_pc=80000e20 ifid_i=00000297 idex_v=1 exmem_v=1 mwb_v=0 stall=0 flush=1 br=0 j=01 rs1=0=00000000 rs2=16=00000000 a=00000000 b=00000000 alu=00000000 ra=8000060c count=00000000
# TRACE t=13125000 pc=80000e30 ifid_pc=00000000 idex_pc=00000000 ifid_i=00000000 idex_v=0 exmem_v=1 mwb_v=1 stall=0 flush=0 br=0 j=00 rs1=0=00000000 rs2=0=00000000 a=00000000 b=00000000 alu=00000000 ra=8000060c count=00000000
# TRACE t=13135000 pc=80000e34 ifid_pc=80000e30 idex_pc=00000000 ifid_i=00400313 idex_v=0 exmem_v=0 mwb_v=1 stall=0 flush=0 br=0 j=00 rs1=0=00000000 rs2=0=00000000 a=00000000 b=00000000 alu=00000000 ra=8000060c count=00000000
# TRACE t=13145000 pc=80000e38 ifid_pc=80000e34 idex_pc=80000e30 ifid_i=00008067 idex_v=1 exmem_v=0 mwb_v=0 stall=0 flush=0 br=0 j=00 rs1=0=00000000 rs2=4=00000000 a=00000000 b=00000004 alu=00000004 ra=80000e24 count=00000000
# TRACE t=13155000 pc=80000e3c ifid_pc=80000e38 idex_pc=80000e34 ifid_i=000ff297 idex_v=1 exmem_v=1 mwb_v=0 stall=0 flush=1 br=0 j=10 rs1=1=80000e24 rs2=0=00000000 a=80000e24 b=00000000 alu=80000e24 ra=80000e24 count=00000000
# TRACE t=13165000 pc=80000e24 ifid_pc=00000000 idex_pc=00000000 ifid_i=00000000 idex_v=0 exmem_v=1 mwb_v=1 stall=0 flush=0 br=0 j=00 rs1=0=00000000 rs2=0=00000000 a=00000000 b=00000000 alu=00000000 ra=80000e24 count=00000000
# TRACE t=13175000 pc=80000e28 ifid_pc=80000e24 idex_pc=00000000 ifid_i=00000297 idex_v=0 exmem_v=0 mwb_v=1 stall=0 flush=0 br=0 j=00 rs1=0=00000000 rs2=0=00000000 a=00000000 b=00000000 alu=00000000 ra=80000e24 count=00000000
# TRACE t=13185000 pc=80000e2c ifid_pc=80000e28 idex_pc=80000e24 ifid_i=00509863 idex_v=1 exmem_v=0 mwb_v=0 stall=0 flush=0 br=0 j=00 rs1=0=00000000 rs2=0=00000000 a=80000e24 b=00000000 alu=80000e24 ra=80000e24 count=00000000
# TRACE t=13195000 pc=80000e30 ifid_pc=80000e2c idex_pc=80000e28 ifid_i=0280006f idex_v=1 exmem_v=1 mwb_v=0 stall=0 flush=0 br=1 j=00 rs1=1=80000e24 rs2=5=80000e24 a=80000e24 b=80000e24 alu=00000000 ra=80000e24 count=00000000
# TRACE t=13205000 pc=80000e34 ifid_pc=80000e30 idex_pc=80000e2c ifid_i=00400313 idex_v=1 exmem_v=1 mwb_v=1 stall=0 flush=1 br=0 j=01 rs1=0=00000000 rs2=8=80000608 a=00000000 b=80000608 alu=80000608 ra=80000e24 count=00000000
# TRACE t=13215000 pc=80000e54 ifid_pc=00000000 idex_pc=00000000 ifid_i=00000000 idex_v=0 exmem_v=1 mwb_v=1 stall=0 flush=0 br=0 j=00 rs1=0=00000000 rs2=0=00000000 a=00000000 b=00000000 alu=00000000 ra=80000e24 count=00000000
# TRACE t=13225000 pc=80000e58 ifid_pc=80000e54 idex_pc=00000000 ifid_i=000ff297 idex_v=0 exmem_v=0 mwb_v=1 stall=0 flush=0 br=0 j=00 rs1=0=00000000 rs2=0=00000000 a=00000000 b=00000000 alu=00000000 ra=80000e24 count=00000000
# TRACE t=13235000 pc=80000e5c ifid_pc=80000e58 idex_pc=80000e54 ifid_i=1ac28293 idex_v=1 exmem_v=0 mwb_v=0 stall=0 flush=0 br=0 j=00 rs1=31=00000000 rs2=0=00000000 a=80000e54 b=000ff000 alu=800ffe54 ra=80000e24 count=00000000
# TRACE t=13245000 pc=80000e60 ifid_pc=80000e5c idex_pc=80000e58 ifid_i=0002a303 idex_v=1 exmem_v=1 mwb_v=0 stall=0 flush=0 br=0 j=00 rs1=5=800ffe54 rs2=12=00000000 a=800ffe54 b=000001ac alu=80100000 ra=80000e24 count=00000000
# TRACE t=13255000 pc=80000e64 ifid_pc=80000e60 idex_pc=80000e5c ifid_i=00130313 idex_v=1 exmem_v=1 mwb_v=1 stall=1 flush=0 br=0 j=00 rs1=5=80100000 rs2=0=00000000 a=80100000 b=00000000 alu=80100000 ra=80000e24 count=00000000
# TRACE t=13265000 pc=80000e64 ifid_pc=80000e60 idex_pc=00000000 ifid_i=00130313 idex_v=0 exmem_v=1 mwb_v=1 stall=0 flush=0 br=0 j=00 rs1=0=00000000 rs2=0=00000000 a=00000000 b=00000000 alu=00000000 ra=80000e24 count=00000000
# TRACE t=13275000 pc=80000e68 ifid_pc=80000e64 idex_pc=80000e60 ifid_i=0062a023 idex_v=1 exmem_v=0 mwb_v=1 stall=0 flush=0 br=0 j=00 rs1=6=00000000 rs2=1=80000e24 a=00000000 b=00000001 alu=00000001 ra=80000e24 count=00000000
# TRACE t=13285000 pc=80000e6c ifid_pc=80000e68 idex_pc=80000e64 ifid_i=00040093 idex_v=1 exmem_v=1 mwb_v=0 stall=0 flush=0 br=0 j=00 rs1=5=80100000 rs2=6=00000001 a=80100000 b=00000000 alu=80100000 ra=80000e24 count=00000000
# TRACE t=13295000 pc=80000e70 ifid_pc=80000e6c idex_pc=80000e68 ifid_i=00008067 idex_v=1 exmem_v=1 mwb_v=1 stall=0 flush=0 br=0 j=00 rs1=8=80000608 rs2=0=00000000 a=80000608 b=00000000 alu=80000608 ra=80000e24 count=00000000
# COUNT t=13295000 data=00000001
# TRACE t=13305000 pc=80000e74 ifid_pc=80000e70 idex_pc=80000e6c ifid_i=000ff297 idex_v=1 exmem_v=1 mwb_v=1 stall=0 flush=1 br=0 j=10 rs1=1=80000608 rs2=0=00000000 a=80000608 b=00000000 alu=80000608 ra=80000e24 count=00000000
# TRACE t=13345000 pc=80000e1c ifid_pc=00000000 idex_pc=00000000 ifid_i=00000000 idex_v=0 exmem_v=1 mwb_v=0 stall=0 flush=0 br=0 j=00 rs1=0=00000000 rs2=0=00000000 a=00000000 b=00000000 alu=00000000 ra=80000608 count=00000000
# TRACE t=13355000 pc=80000e20 ifid_pc=80000e1c idex_pc=00000000 ifid_i=00008413 idex_v=0 exmem_v=0 mwb_v=1 stall=0 flush=0 br=0 j=00 rs1=0=00000000 rs2=0=00000000 a=00000000 b=00000000 alu=00000000 ra=80000608 count=00000000
# TRACE t=13365000 pc=80000e24 ifid_pc=80000e20 idex_pc=80000e1c ifid_i=010000ef idex_v=1 exmem_v=0 mwb_v=0 stall=0 flush=0 br=0 j=00 rs1=1=80000608 rs2=0=00000000 a=80000608 b=00000000 alu=80000608 ra=8000060c count=00000000
# TRACE t=13375000 pc=80000e28 ifid_pc=80000e24 idex_pc=80000e20 ifid_i=00000297 idex_v=1 exmem_v=1 mwb_v=0 stall=0 flush=1 br=0 j=01 rs1=0=00000000 rs2=16=00000000 a=00000000 b=00000000 alu=00000000 ra=8000060c count=00000000
# TRACE t=13385000 pc=80000e30 ifid_pc=00000000 idex_pc=00000000 ifid_i=00000000 idex_v=0 exmem_v=1 mwb_v=1 stall=0 flush=0 br=0 j=00 rs1=0=00000000 rs2=0=00000000 a=00000000 b=00000000 alu=00000000 ra=8000060c count=00000000
# TRACE t=13395000 pc=80000e34 ifid_pc=80000e30 idex_pc=00000000 ifid_i=00400313 idex_v=0 exmem_v=0 mwb_v=1 stall=0 flush=0 br=0 j=00 rs1=0=00000000 rs2=0=00000000 a=00000000 b=00000000 alu=00000000 ra=8000060c count=00000000
# TRACE t=13405000 pc=80000e38 ifid_pc=80000e34 idex_pc=80000e30 ifid_i=00008067 idex_v=1 exmem_v=0 mwb_v=0 stall=0 flush=0 br=0 j=00 rs1=0=00000000 rs2=4=00000000 a=00000000 b=00000004 alu=00000004 ra=80000e24 count=00000000
# TRACE t=13415000 pc=80000e3c ifid_pc=80000e38 idex_pc=80000e34 ifid_i=000ff297 idex_v=1 exmem_v=1 mwb_v=0 stall=0 flush=1 br=0 j=10 rs1=1=80000e24 rs2=0=00000000 a=80000e24 b=00000000 alu=80000e24 ra=80000e24 count=00000000
# TRACE t=13425000 pc=80000e24 ifid_pc=00000000 idex_pc=00000000 ifid_i=00000000 idex_v=0 exmem_v=1 mwb_v=1 stall=0 flush=0 br=0 j=00 rs1=0=00000000 rs2=0=00000000 a=00000000 b=00000000 alu=00000000 ra=80000e24 count=00000000
# TRACE t=13435000 pc=80000e28 ifid_pc=80000e24 idex_pc=00000000 ifid_i=00000297 idex_v=0 exmem_v=0 mwb_v=1 stall=0 flush=0 br=0 j=00 rs1=0=00000000 rs2=0=00000000 a=00000000 b=00000000 alu=00000000 ra=80000e24 count=00000000
# TRACE t=13445000 pc=80000e2c ifid_pc=80000e28 idex_pc=80000e24 ifid_i=00509863 idex_v=1 exmem_v=0 mwb_v=0 stall=0 flush=0 br=0 j=00 rs1=0=00000000 rs2=0=00000000 a=80000e24 b=00000000 alu=80000e24 ra=80000e24 count=00000000
# TRACE t=13455000 pc=80000e30 ifid_pc=80000e2c idex_pc=80000e28 ifid_i=0280006f idex_v=1 exmem_v=1 mwb_v=0 stall=0 flush=0 br=1 j=00 rs1=1=80000e24 rs2=5=80000e24 a=80000e24 b=80000e24 alu=00000000 ra=80000e24 count=00000000
# TRACE t=13465000 pc=80000e34 ifid_pc=80000e30 idex_pc=80000e2c ifid_i=00400313 idex_v=1 exmem_v=1 mwb_v=1 stall=0 flush=1 br=0 j=01 rs1=0=00000000 rs2=8=80000608 a=00000000 b=80000608 alu=80000608 ra=80000e24 count=00000000
# TRACE t=13475000 pc=80000e54 ifid_pc=00000000 idex_pc=00000000 ifid_i=00000000 idex_v=0 exmem_v=1 mwb_v=1 stall=0 flush=0 br=0 j=00 rs1=0=00000000 rs2=0=00000000 a=00000000 b=00000000 alu=00000000 ra=80000e24 count=00000000
# TRACE t=13485000 pc=80000e58 ifid_pc=80000e54 idex_pc=00000000 ifid_i=000ff297 idex_v=0 exmem_v=0 mwb_v=1 stall=0 flush=0 br=0 j=00 rs1=0=00000000 rs2=0=00000000 a=00000000 b=00000000 alu=00000000 ra=80000e24 count=00000000
# TRACE t=13495000 pc=80000e5c ifid_pc=80000e58 idex_pc=80000e54 ifid_i=1ac28293 idex_v=1 exmem_v=0 mwb_v=0 stall=0 flush=0 br=0 j=00 rs1=31=00000000 rs2=0=00000000 a=80000e54 b=000ff000 alu=800ffe54 ra=80000e24 count=00000000
# TRACE t=13505000 pc=80000e60 ifid_pc=80000e5c idex_pc=80000e58 ifid_i=0002a303 idex_v=1 exmem_v=1 mwb_v=0 stall=0 flush=0 br=0 j=00 rs1=5=800ffe54 rs2=12=00000000 a=800ffe54 b=000001ac alu=80100000 ra=80000e24 count=00000000
# TRACE t=13515000 pc=80000e64 ifid_pc=80000e60 idex_pc=80000e5c ifid_i=00130313 idex_v=1 exmem_v=1 mwb_v=1 stall=1 flush=0 br=0 j=00 rs1=5=80100000 rs2=0=00000000 a=80100000 b=00000000 alu=80100000 ra=80000e24 count=00000000
# TRACE t=13525000 pc=80000e64 ifid_pc=80000e60 idex_pc=00000000 ifid_i=00130313 idex_v=0 exmem_v=1 mwb_v=1 stall=0 flush=0 br=0 j=00 rs1=0=00000000 rs2=0=00000000 a=00000000 b=00000000 alu=00000000 ra=80000e24 count=00000000
# TRACE t=13535000 pc=80000e68 ifid_pc=80000e64 idex_pc=80000e60 ifid_i=0062a023 idex_v=1 exmem_v=0 mwb_v=1 stall=0 flush=0 br=0 j=00 rs1=6=00000000 rs2=1=80000e24 a=00000000 b=00000001 alu=00000001 ra=80000e24 count=00000000
# TRACE t=13545000 pc=80000e6c ifid_pc=80000e68 idex_pc=80000e64 ifid_i=00040093 idex_v=1 exmem_v=1 mwb_v=0 stall=0 flush=0 br=0 j=00 rs1=5=80100000 rs2=6=00000001 a=80100000 b=00000000 alu=80100000 ra=80000e24 count=00000000
# TRACE t=13555000 pc=80000e70 ifid_pc=80000e6c idex_pc=80000e68 ifid_i=00008067 idex_v=1 exmem_v=1 mwb_v=1 stall=0 flush=0 br=0 j=00 rs1=8=80000608 rs2=0=00000000 a=80000608 b=00000000 alu=80000608 ra=80000e24 count=00000000
# COUNT t=13555000 data=00000001
# TRACE t=13565000 pc=80000e74 ifid_pc=80000e70 idex_pc=80000e6c ifid_i=000ff297 idex_v=1 exmem_v=1 mwb_v=1 stall=0 flush=1 br=0 j=10 rs1=1=80000608 rs2=0=00000000 a=80000608 b=00000000 alu=80000608 ra=80000e24 count=00000000
# TRACE t=13605000 pc=80000e1c ifid_pc=00000000 idex_pc=00000000 ifid_i=00000000 idex_v=0 exmem_v=1 mwb_v=0 stall=0 flush=0 br=0 j=00 rs1=0=00000000 rs2=0=00000000 a=00000000 b=00000000 alu=00000000 ra=80000608 count=00000000
# TRACE t=13615000 pc=80000e20 ifid_pc=80000e1c idex_pc=00000000 ifid_i=00008413 idex_v=0 exmem_v=0 mwb_v=1 stall=0 flush=0 br=0 j=00 rs1=0=00000000 rs2=0=00000000 a=00000000 b=00000000 alu=00000000 ra=80000608 count=00000000
# TRACE t=13625000 pc=80000e24 ifid_pc=80000e20 idex_pc=80000e1c ifid_i=010000ef idex_v=1 exmem_v=0 mwb_v=0 stall=0 flush=0 br=0 j=00 rs1=1=80000608 rs2=0=00000000 a=80000608 b=00000000 alu=80000608 ra=8000060c count=00000000
# TRACE t=13635000 pc=80000e28 ifid_pc=80000e24 idex_pc=80000e20 ifid_i=00000297 idex_v=1 exmem_v=1 mwb_v=0 stall=0 flush=1 br=0 j=01 rs1=0=00000000 rs2=16=00000000 a=00000000 b=00000000 alu=00000000 ra=8000060c count=00000000
# TRACE t=13645000 pc=80000e30 ifid_pc=00000000 idex_pc=00000000 ifid_i=00000000 idex_v=0 exmem_v=1 mwb_v=1 stall=0 flush=0 br=0 j=00 rs1=0=00000000 rs2=0=00000000 a=00000000 b=00000000 alu=00000000 ra=8000060c count=00000000
# TRACE t=13655000 pc=80000e34 ifid_pc=80000e30 idex_pc=00000000 ifid_i=00400313 idex_v=0 exmem_v=0 mwb_v=1 stall=0 flush=0 br=0 j=00 rs1=0=00000000 rs2=0=00000000 a=00000000 b=00000000 alu=00000000 ra=8000060c count=00000000
# TRACE t=13665000 pc=80000e38 ifid_pc=80000e34 idex_pc=80000e30 ifid_i=00008067 idex_v=1 exmem_v=0 mwb_v=0 stall=0 flush=0 br=0 j=00 rs1=0=00000000 rs2=4=00000000 a=00000000 b=00000004 alu=00000004 ra=80000e24 count=00000000
# TRACE t=13675000 pc=80000e3c ifid_pc=80000e38 idex_pc=80000e34 ifid_i=000ff297 idex_v=1 exmem_v=1 mwb_v=0 stall=0 flush=1 br=0 j=10 rs1=1=80000e24 rs2=0=00000000 a=80000e24 b=00000000 alu=80000e24 ra=80000e24 count=00000000
# TRACE t=13685000 pc=80000e24 ifid_pc=00000000 idex_pc=00000000 ifid_i=00000000 idex_v=0 exmem_v=1 mwb_v=1 stall=0 flush=0 br=0 j=00 rs1=0=00000000 rs2=0=00000000 a=00000000 b=00000000 alu=00000000 ra=80000e24 count=00000000
# TRACE t=13695000 pc=80000e28 ifid_pc=80000e24 idex_pc=00000000 ifid_i=00000297 idex_v=0 exmem_v=0 mwb_v=1 stall=0 flush=0 br=0 j=00 rs1=0=00000000 rs2=0=00000000 a=00000000 b=00000000 alu=00000000 ra=80000e24 count=00000000
# TRACE t=13705000 pc=80000e2c ifid_pc=80000e28 idex_pc=80000e24 ifid_i=00509863 idex_v=1 exmem_v=0 mwb_v=0 stall=0 flush=0 br=0 j=00 rs1=0=00000000 rs2=0=00000000 a=80000e24 b=00000000 alu=80000e24 ra=80000e24 count=00000000
# TRACE t=13715000 pc=80000e30 ifid_pc=80000e2c idex_pc=80000e28 ifid_i=0280006f idex_v=1 exmem_v=1 mwb_v=0 stall=0 flush=0 br=1 j=00 rs1=1=80000e24 rs2=5=80000e24 a=80000e24 b=80000e24 alu=00000000 ra=80000e24 count=00000000
# TRACE t=13725000 pc=80000e34 ifid_pc=80000e30 idex_pc=80000e2c ifid_i=00400313 idex_v=1 exmem_v=1 mwb_v=1 stall=0 flush=1 br=0 j=01 rs1=0=00000000 rs2=8=80000608 a=00000000 b=80000608 alu=80000608 ra=80000e24 count=00000000
# TRACE t=13735000 pc=80000e54 ifid_pc=00000000 idex_pc=00000000 ifid_i=00000000 idex_v=0 exmem_v=1 mwb_v=1 stall=0 flush=0 br=0 j=00 rs1=0=00000000 rs2=0=00000000 a=00000000 b=00000000 alu=00000000 ra=80000e24 count=00000000
# TRACE t=13745000 pc=80000e58 ifid_pc=80000e54 idex_pc=00000000 ifid_i=000ff297 idex_v=0 exmem_v=0 mwb_v=1 stall=0 flush=0 br=0 j=00 rs1=0=00000000 rs2=0=00000000 a=00000000 b=00000000 alu=00000000 ra=80000e24 count=00000000
# TRACE t=13755000 pc=80000e5c ifid_pc=80000e58 idex_pc=80000e54 ifid_i=1ac28293 idex_v=1 exmem_v=0 mwb_v=0 stall=0 flush=0 br=0 j=00 rs1=31=00000000 rs2=0=00000000 a=80000e54 b=000ff000 alu=800ffe54 ra=80000e24 count=00000000
# TRACE t=13765000 pc=80000e60 ifid_pc=80000e5c idex_pc=80000e58 ifid_i=0002a303 idex_v=1 exmem_v=1 mwb_v=0 stall=0 flush=0 br=0 j=00 rs1=5=800ffe54 rs2=12=00000000 a=800ffe54 b=000001ac alu=80100000 ra=80000e24 count=00000000
# TRACE t=13775000 pc=80000e64 ifid_pc=80000e60 idex_pc=80000e5c ifid_i=00130313 idex_v=1 exmem_v=1 mwb_v=1 stall=1 flush=0 br=0 j=00 rs1=5=80100000 rs2=0=00000000 a=80100000 b=00000000 alu=80100000 ra=80000e24 count=00000000
# TRACE t=13785000 pc=80000e64 ifid_pc=80000e60 idex_pc=00000000 ifid_i=00130313 idex_v=0 exmem_v=1 mwb_v=1 stall=0 flush=0 br=0 j=00 rs1=0=00000000 rs2=0=00000000 a=00000000 b=00000000 alu=00000000 ra=80000e24 count=00000000
# TRACE t=13795000 pc=80000e68 ifid_pc=80000e64 idex_pc=80000e60 ifid_i=0062a023 idex_v=1 exmem_v=0 mwb_v=1 stall=0 flush=0 br=0 j=00 rs1=6=00000000 rs2=1=80000e24 a=00000000 b=00000001 alu=00000001 ra=80000e24 count=00000000
# TRACE t=13805000 pc=80000e6c ifid_pc=80000e68 idex_pc=80000e64 ifid_i=00040093 idex_v=1 exmem_v=1 mwb_v=0 stall=0 flush=0 br=0 j=00 rs1=5=80100000 rs2=6=00000001 a=80100000 b=00000000 alu=80100000 ra=80000e24 count=00000000
# TRACE t=13815000 pc=80000e70 ifid_pc=80000e6c idex_pc=80000e68 ifid_i=00008067 idex_v=1 exmem_v=1 mwb_v=1 stall=0 flush=0 br=0 j=00 rs1=8=80000608 rs2=0=00000000 a=80000608 b=00000000 alu=80000608 ra=80000e24 count=00000000
# COUNT t=13815000 data=00000001
# TRACE t=13825000 pc=80000e74 ifid_pc=80000e70 idex_pc=80000e6c ifid_i=000ff297 idex_v=1 exmem_v=1 mwb_v=1 stall=0 flush=1 br=0 j=10 rs1=1=80000608 rs2=0=00000000 a=80000608 b=00000000 alu=80000608 ra=80000e24 count=00000000
# TRACE t=13865000 pc=80000e1c ifid_pc=00000000 idex_pc=00000000 ifid_i=00000000 idex_v=0 exmem_v=1 mwb_v=0 stall=0 flush=0 br=0 j=00 rs1=0=00000000 rs2=0=00000000 a=00000000 b=00000000 alu=00000000 ra=80000608 count=00000000
# TRACE t=13875000 pc=80000e20 ifid_pc=80000e1c idex_pc=00000000 ifid_i=00008413 idex_v=0 exmem_v=0 mwb_v=1 stall=0 flush=0 br=0 j=00 rs1=0=00000000 rs2=0=00000000 a=00000000 b=00000000 alu=00000000 ra=80000608 count=00000000
# TRACE t=13885000 pc=80000e24 ifid_pc=80000e20 idex_pc=80000e1c ifid_i=010000ef idex_v=1 exmem_v=0 mwb_v=0 stall=0 flush=0 br=0 j=00 rs1=1=80000608 rs2=0=00000000 a=80000608 b=00000000 alu=80000608 ra=8000060c count=00000000
# TRACE t=13895000 pc=80000e28 ifid_pc=80000e24 idex_pc=80000e20 ifid_i=00000297 idex_v=1 exmem_v=1 mwb_v=0 stall=0 flush=1 br=0 j=01 rs1=0=00000000 rs2=16=00000000 a=00000000 b=00000000 alu=00000000 ra=8000060c count=00000000
# TRACE t=13905000 pc=80000e30 ifid_pc=00000000 idex_pc=00000000 ifid_i=00000000 idex_v=0 exmem_v=1 mwb_v=1 stall=0 flush=0 br=0 j=00 rs1=0=00000000 rs2=0=00000000 a=00000000 b=00000000 alu=00000000 ra=8000060c count=00000000
# TRACE t=13915000 pc=80000e34 ifid_pc=80000e30 idex_pc=00000000 ifid_i=00400313 idex_v=0 exmem_v=0 mwb_v=1 stall=0 flush=0 br=0 j=00 rs1=0=00000000 rs2=0=00000000 a=00000000 b=00000000 alu=00000000 ra=8000060c count=00000000
# TRACE t=13925000 pc=80000e38 ifid_pc=80000e34 idex_pc=80000e30 ifid_i=00008067 idex_v=1 exmem_v=0 mwb_v=0 stall=0 flush=0 br=0 j=00 rs1=0=00000000 rs2=4=00000000 a=00000000 b=00000004 alu=00000004 ra=80000e24 count=00000000
# TRACE t=13935000 pc=80000e3c ifid_pc=80000e38 idex_pc=80000e34 ifid_i=000ff297 idex_v=1 exmem_v=1 mwb_v=0 stall=0 flush=1 br=0 j=10 rs1=1=80000e24 rs2=0=00000000 a=80000e24 b=00000000 alu=80000e24 ra=80000e24 count=00000000
# TRACE t=13945000 pc=80000e24 ifid_pc=00000000 idex_pc=00000000 ifid_i=00000000 idex_v=0 exmem_v=1 mwb_v=1 stall=0 flush=0 br=0 j=00 rs1=0=00000000 rs2=0=00000000 a=00000000 b=00000000 alu=00000000 ra=80000e24 count=00000000
# TRACE t=13955000 pc=80000e28 ifid_pc=80000e24 idex_pc=00000000 ifid_i=00000297 idex_v=0 exmem_v=0 mwb_v=1 stall=0 flush=0 br=0 j=00 rs1=0=00000000 rs2=0=00000000 a=00000000 b=00000000 alu=00000000 ra=80000e24 count=00000000
# TRACE t=13965000 pc=80000e2c ifid_pc=80000e28 idex_pc=80000e24 ifid_i=00509863 idex_v=1 exmem_v=0 mwb_v=0 stall=0 flush=0 br=0 j=00 rs1=0=00000000 rs2=0=00000000 a=80000e24 b=00000000 alu=80000e24 ra=80000e24 count=00000000
# TRACE t=13975000 pc=80000e30 ifid_pc=80000e2c idex_pc=80000e28 ifid_i=0280006f idex_v=1 exmem_v=1 mwb_v=0 stall=0 flush=0 br=1 j=00 rs1=1=80000e24 rs2=5=80000e24 a=80000e24 b=80000e24 alu=00000000 ra=80000e24 count=00000000
# TRACE t=13985000 pc=80000e34 ifid_pc=80000e30 idex_pc=80000e2c ifid_i=00400313 idex_v=1 exmem_v=1 mwb_v=1 stall=0 flush=1 br=0 j=01 rs1=0=00000000 rs2=8=80000608 a=00000000 b=80000608 alu=80000608 ra=80000e24 count=00000000
# TRACE t=13995000 pc=80000e54 ifid_pc=00000000 idex_pc=00000000 ifid_i=00000000 idex_v=0 exmem_v=1 mwb_v=1 stall=0 flush=0 br=0 j=00 rs1=0=00000000 rs2=0=00000000 a=00000000 b=00000000 alu=00000000 ra=80000e24 count=00000000
# TRACE t=14005000 pc=80000e58 ifid_pc=80000e54 idex_pc=00000000 ifid_i=000ff297 idex_v=0 exmem_v=0 mwb_v=1 stall=0 flush=0 br=0 j=00 rs1=0=00000000 rs2=0=00000000 a=00000000 b=00000000 alu=00000000 ra=80000e24 count=00000000
# TRACE t=14015000 pc=80000e5c ifid_pc=80000e58 idex_pc=80000e54 ifid_i=1ac28293 idex_v=1 exmem_v=0 mwb_v=0 stall=0 flush=0 br=0 j=00 rs1=31=00000000 rs2=0=00000000 a=80000e54 b=000ff000 alu=800ffe54 ra=80000e24 count=00000000
# TRACE t=14025000 pc=80000e60 ifid_pc=80000e5c idex_pc=80000e58 ifid_i=0002a303 idex_v=1 exmem_v=1 mwb_v=0 stall=0 flush=0 br=0 j=00 rs1=5=800ffe54 rs2=12=00000000 a=800ffe54 b=000001ac alu=80100000 ra=80000e24 count=00000000
# TRACE t=14035000 pc=80000e64 ifid_pc=80000e60 idex_pc=80000e5c ifid_i=00130313 idex_v=1 exmem_v=1 mwb_v=1 stall=1 flush=0 br=0 j=00 rs1=5=80100000 rs2=0=00000000 a=80100000 b=00000000 alu=80100000 ra=80000e24 count=00000000
# TRACE t=14045000 pc=80000e64 ifid_pc=80000e60 idex_pc=00000000 ifid_i=00130313 idex_v=0 exmem_v=1 mwb_v=1 stall=0 flush=0 br=0 j=00 rs1=0=00000000 rs2=0=00000000 a=00000000 b=00000000 alu=00000000 ra=80000e24 count=00000000
# TRACE t=14055000 pc=80000e68 ifid_pc=80000e64 idex_pc=80000e60 ifid_i=0062a023 idex_v=1 exmem_v=0 mwb_v=1 stall=0 flush=0 br=0 j=00 rs1=6=00000000 rs2=1=80000e24 a=00000000 b=00000001 alu=00000001 ra=80000e24 count=00000000
# TRACE t=14065000 pc=80000e6c ifid_pc=80000e68 idex_pc=80000e64 ifid_i=00040093 idex_v=1 exmem_v=1 mwb_v=0 stall=0 flush=0 br=0 j=00 rs1=5=80100000 rs2=6=00000001 a=80100000 b=00000000 alu=80100000 ra=80000e24 count=00000000
# TRACE t=14075000 pc=80000e70 ifid_pc=80000e6c idex_pc=80000e68 ifid_i=00008067 idex_v=1 exmem_v=1 mwb_v=1 stall=0 flush=0 br=0 j=00 rs1=8=80000608 rs2=0=00000000 a=80000608 b=00000000 alu=80000608 ra=80000e24 count=00000000
# COUNT t=14075000 data=00000001
# TRACE t=14085000 pc=80000e74 ifid_pc=80000e70 idex_pc=80000e6c ifid_i=000ff297 idex_v=1 exmem_v=1 mwb_v=1 stall=0 flush=1 br=0 j=10 rs1=1=80000608 rs2=0=00000000 a=80000608 b=00000000 alu=80000608 ra=80000e24 count=00000000
# TRACE t=14125000 pc=80000e1c ifid_pc=00000000 idex_pc=00000000 ifid_i=00000000 idex_v=0 exmem_v=1 mwb_v=0 stall=0 flush=0 br=0 j=00 rs1=0=00000000 rs2=0=00000000 a=00000000 b=00000000 alu=00000000 ra=80000608 count=00000000
# TRACE t=14135000 pc=80000e20 ifid_pc=80000e1c idex_pc=00000000 ifid_i=00008413 idex_v=0 exmem_v=0 mwb_v=1 stall=0 flush=0 br=0 j=00 rs1=0=00000000 rs2=0=00000000 a=00000000 b=00000000 alu=00000000 ra=80000608 count=00000000
# TRACE t=14145000 pc=80000e24 ifid_pc=80000e20 idex_pc=80000e1c ifid_i=010000ef idex_v=1 exmem_v=0 mwb_v=0 stall=0 flush=0 br=0 j=00 rs1=1=80000608 rs2=0=00000000 a=80000608 b=00000000 alu=80000608 ra=8000060c count=00000000
# TRACE t=14155000 pc=80000e28 ifid_pc=80000e24 idex_pc=80000e20 ifid_i=00000297 idex_v=1 exmem_v=1 mwb_v=0 stall=0 flush=1 br=0 j=01 rs1=0=00000000 rs2=16=00000000 a=00000000 b=00000000 alu=00000000 ra=8000060c count=00000000
# TRACE t=14165000 pc=80000e30 ifid_pc=00000000 idex_pc=00000000 ifid_i=00000000 idex_v=0 exmem_v=1 mwb_v=1 stall=0 flush=0 br=0 j=00 rs1=0=00000000 rs2=0=00000000 a=00000000 b=00000000 alu=00000000 ra=8000060c count=00000000
# TRACE t=14175000 pc=80000e34 ifid_pc=80000e30 idex_pc=00000000 ifid_i=00400313 idex_v=0 exmem_v=0 mwb_v=1 stall=0 flush=0 br=0 j=00 rs1=0=00000000 rs2=0=00000000 a=00000000 b=00000000 alu=00000000 ra=8000060c count=00000000
# TRACE t=14185000 pc=80000e38 ifid_pc=80000e34 idex_pc=80000e30 ifid_i=00008067 idex_v=1 exmem_v=0 mwb_v=0 stall=0 flush=0 br=0 j=00 rs1=0=00000000 rs2=4=00000000 a=00000000 b=00000004 alu=00000004 ra=80000e24 count=00000000
# TRACE t=14195000 pc=80000e3c ifid_pc=80000e38 idex_pc=80000e34 ifid_i=000ff297 idex_v=1 exmem_v=1 mwb_v=0 stall=0 flush=1 br=0 j=10 rs1=1=80000e24 rs2=0=00000000 a=80000e24 b=00000000 alu=80000e24 ra=80000e24 count=00000000
# TRACE t=14205000 pc=80000e24 ifid_pc=00000000 idex_pc=00000000 ifid_i=00000000 idex_v=0 exmem_v=1 mwb_v=1 stall=0 flush=0 br=0 j=00 rs1=0=00000000 rs2=0=00000000 a=00000000 b=00000000 alu=00000000 ra=80000e24 count=00000000
# TRACE t=14215000 pc=80000e28 ifid_pc=80000e24 idex_pc=00000000 ifid_i=00000297 idex_v=0 exmem_v=0 mwb_v=1 stall=0 flush=0 br=0 j=00 rs1=0=00000000 rs2=0=00000000 a=00000000 b=00000000 alu=00000000 ra=80000e24 count=00000000
# TRACE t=14225000 pc=80000e2c ifid_pc=80000e28 idex_pc=80000e24 ifid_i=00509863 idex_v=1 exmem_v=0 mwb_v=0 stall=0 flush=0 br=0 j=00 rs1=0=00000000 rs2=0=00000000 a=80000e24 b=00000000 alu=80000e24 ra=80000e24 count=00000000
# TRACE t=14235000 pc=80000e30 ifid_pc=80000e2c idex_pc=80000e28 ifid_i=0280006f idex_v=1 exmem_v=1 mwb_v=0 stall=0 flush=0 br=1 j=00 rs1=1=80000e24 rs2=5=80000e24 a=80000e24 b=80000e24 alu=00000000 ra=80000e24 count=00000000
# TRACE t=14245000 pc=80000e34 ifid_pc=80000e30 idex_pc=80000e2c ifid_i=00400313 idex_v=1 exmem_v=1 mwb_v=1 stall=0 flush=1 br=0 j=01 rs1=0=00000000 rs2=8=80000608 a=00000000 b=80000608 alu=80000608 ra=80000e24 count=00000000
# TRACE t=14255000 pc=80000e54 ifid_pc=00000000 idex_pc=00000000 ifid_i=00000000 idex_v=0 exmem_v=1 mwb_v=1 stall=0 flush=0 br=0 j=00 rs1=0=00000000 rs2=0=00000000 a=00000000 b=00000000 alu=00000000 ra=80000e24 count=00000000
# TRACE t=14265000 pc=80000e58 ifid_pc=80000e54 idex_pc=00000000 ifid_i=000ff297 idex_v=0 exmem_v=0 mwb_v=1 stall=0 flush=0 br=0 j=00 rs1=0=00000000 rs2=0=00000000 a=00000000 b=00000000 alu=00000000 ra=80000e24 count=00000000
# TRACE t=14275000 pc=80000e5c ifid_pc=80000e58 idex_pc=80000e54 ifid_i=1ac28293 idex_v=1 exmem_v=0 mwb_v=0 stall=0 flush=0 br=0 j=00 rs1=31=00000000 rs2=0=00000000 a=80000e54 b=000ff000 alu=800ffe54 ra=80000e24 count=00000000
# TRACE t=14285000 pc=80000e60 ifid_pc=80000e5c idex_pc=80000e58 ifid_i=0002a303 idex_v=1 exmem_v=1 mwb_v=0 stall=0 flush=0 br=0 j=00 rs1=5=800ffe54 rs2=12=00000000 a=800ffe54 b=000001ac alu=80100000 ra=80000e24 count=00000000
# TRACE t=14295000 pc=80000e64 ifid_pc=80000e60 idex_pc=80000e5c ifid_i=00130313 idex_v=1 exmem_v=1 mwb_v=1 stall=1 flush=0 br=0 j=00 rs1=5=80100000 rs2=0=00000000 a=80100000 b=00000000 alu=80100000 ra=80000e24 count=00000000
# TRACE t=14305000 pc=80000e64 ifid_pc=80000e60 idex_pc=00000000 ifid_i=00130313 idex_v=0 exmem_v=1 mwb_v=1 stall=0 flush=0 br=0 j=00 rs1=0=00000000 rs2=0=00000000 a=00000000 b=00000000 alu=00000000 ra=80000e24 count=00000000
# TRACE t=14315000 pc=80000e68 ifid_pc=80000e64 idex_pc=80000e60 ifid_i=0062a023 idex_v=1 exmem_v=0 mwb_v=1 stall=0 flush=0 br=0 j=00 rs1=6=00000000 rs2=1=80000e24 a=00000000 b=00000001 alu=00000001 ra=80000e24 count=00000000
# TRACE t=14325000 pc=80000e6c ifid_pc=80000e68 idex_pc=80000e64 ifid_i=00040093 idex_v=1 exmem_v=1 mwb_v=0 stall=0 flush=0 br=0 j=00 rs1=5=80100000 rs2=6=00000001 a=80100000 b=00000000 alu=80100000 ra=80000e24 count=00000000
# TRACE t=14335000 pc=80000e70 ifid_pc=80000e6c idex_pc=80000e68 ifid_i=00008067 idex_v=1 exmem_v=1 mwb_v=1 stall=0 flush=0 br=0 j=00 rs1=8=80000608 rs2=0=00000000 a=80000608 b=00000000 alu=80000608 ra=80000e24 count=00000000
# COUNT t=14335000 data=00000001
# TRACE t=14345000 pc=80000e74 ifid_pc=80000e70 idex_pc=80000e6c ifid_i=000ff297 idex_v=1 exmem_v=1 mwb_v=1 stall=0 flush=1 br=0 j=10 rs1=1=80000608 rs2=0=00000000 a=80000608 b=00000000 alu=80000608 ra=80000e24 count=00000000
# TRACE t=14385000 pc=80000e1c ifid_pc=00000000 idex_pc=00000000 ifid_i=00000000 idex_v=0 exmem_v=1 mwb_v=0 stall=0 flush=0 br=0 j=00 rs1=0=00000000 rs2=0=00000000 a=00000000 b=00000000 alu=00000000 ra=80000608 count=00000000
# TRACE t=14395000 pc=80000e20 ifid_pc=80000e1c idex_pc=00000000 ifid_i=00008413 idex_v=0 exmem_v=0 mwb_v=1 stall=0 flush=0 br=0 j=00 rs1=0=00000000 rs2=0=00000000 a=00000000 b=00000000 alu=00000000 ra=80000608 count=00000000
# TRACE t=14405000 pc=80000e24 ifid_pc=80000e20 idex_pc=80000e1c ifid_i=010000ef idex_v=1 exmem_v=0 mwb_v=0 stall=0 flush=0 br=0 j=00 rs1=1=80000608 rs2=0=00000000 a=80000608 b=00000000 alu=80000608 ra=8000060c count=00000000
# TRACE t=14415000 pc=80000e28 ifid_pc=80000e24 idex_pc=80000e20 ifid_i=00000297 idex_v=1 exmem_v=1 mwb_v=0 stall=0 flush=1 br=0 j=01 rs1=0=00000000 rs2=16=00000000 a=00000000 b=00000000 alu=00000000 ra=8000060c count=00000000
# TRACE t=14425000 pc=80000e30 ifid_pc=00000000 idex_pc=00000000 ifid_i=00000000 idex_v=0 exmem_v=1 mwb_v=1 stall=0 flush=0 br=0 j=00 rs1=0=00000000 rs2=0=00000000 a=00000000 b=00000000 alu=00000000 ra=8000060c count=00000000
# TRACE t=14435000 pc=80000e34 ifid_pc=80000e30 idex_pc=00000000 ifid_i=00400313 idex_v=0 exmem_v=0 mwb_v=1 stall=0 flush=0 br=0 j=00 rs1=0=00000000 rs2=0=00000000 a=00000000 b=00000000 alu=00000000 ra=8000060c count=00000000
# TRACE t=14445000 pc=80000e38 ifid_pc=80000e34 idex_pc=80000e30 ifid_i=00008067 idex_v=1 exmem_v=0 mwb_v=0 stall=0 flush=0 br=0 j=00 rs1=0=00000000 rs2=4=00000000 a=00000000 b=00000004 alu=00000004 ra=80000e24 count=00000000
# TRACE t=14455000 pc=80000e3c ifid_pc=80000e38 idex_pc=80000e34 ifid_i=000ff297 idex_v=1 exmem_v=1 mwb_v=0 stall=0 flush=1 br=0 j=10 rs1=1=80000e24 rs2=0=00000000 a=80000e24 b=00000000 alu=80000e24 ra=80000e24 count=00000000
# TRACE t=14465000 pc=80000e24 ifid_pc=00000000 idex_pc=00000000 ifid_i=00000000 idex_v=0 exmem_v=1 mwb_v=1 stall=0 flush=0 br=0 j=00 rs1=0=00000000 rs2=0=00000000 a=00000000 b=00000000 alu=00000000 ra=80000e24 count=00000000
# TRACE t=14475000 pc=80000e28 ifid_pc=80000e24 idex_pc=00000000 ifid_i=00000297 idex_v=0 exmem_v=0 mwb_v=1 stall=0 flush=0 br=0 j=00 rs1=0=00000000 rs2=0=00000000 a=00000000 b=00000000 alu=00000000 ra=80000e24 count=00000000
# TRACE t=14485000 pc=80000e2c ifid_pc=80000e28 idex_pc=80000e24 ifid_i=00509863 idex_v=1 exmem_v=0 mwb_v=0 stall=0 flush=0 br=0 j=00 rs1=0=00000000 rs2=0=00000000 a=80000e24 b=00000000 alu=80000e24 ra=80000e24 count=00000000
# TRACE t=14495000 pc=80000e30 ifid_pc=80000e2c idex_pc=80000e28 ifid_i=0280006f idex_v=1 exmem_v=1 mwb_v=0 stall=0 flush=0 br=1 j=00 rs1=1=80000e24 rs2=5=80000e24 a=80000e24 b=80000e24 alu=00000000 ra=80000e24 count=00000000
# TRACE t=14505000 pc=80000e34 ifid_pc=80000e30 idex_pc=80000e2c ifid_i=00400313 idex_v=1 exmem_v=1 mwb_v=1 stall=0 flush=1 br=0 j=01 rs1=0=00000000 rs2=8=80000608 a=00000000 b=80000608 alu=80000608 ra=80000e24 count=00000000
# TRACE t=14515000 pc=80000e54 ifid_pc=00000000 idex_pc=00000000 ifid_i=00000000 idex_v=0 exmem_v=1 mwb_v=1 stall=0 flush=0 br=0 j=00 rs1=0=00000000 rs2=0=00000000 a=00000000 b=00000000 alu=00000000 ra=80000e24 count=00000000
# TRACE t=14525000 pc=80000e58 ifid_pc=80000e54 idex_pc=00000000 ifid_i=000ff297 idex_v=0 exmem_v=0 mwb_v=1 stall=0 flush=0 br=0 j=00 rs1=0=00000000 rs2=0=00000000 a=00000000 b=00000000 alu=00000000 ra=80000e24 count=00000000
# TRACE t=14535000 pc=80000e5c ifid_pc=80000e58 idex_pc=80000e54 ifid_i=1ac28293 idex_v=1 exmem_v=0 mwb_v=0 stall=0 flush=0 br=0 j=00 rs1=31=00000000 rs2=0=00000000 a=80000e54 b=000ff000 alu=800ffe54 ra=80000e24 count=00000000
# TRACE t=14545000 pc=80000e60 ifid_pc=80000e5c idex_pc=80000e58 ifid_i=0002a303 idex_v=1 exmem_v=1 mwb_v=0 stall=0 flush=0 br=0 j=00 rs1=5=800ffe54 rs2=12=00000000 a=800ffe54 b=000001ac alu=80100000 ra=80000e24 count=00000000
# TRACE t=14555000 pc=80000e64 ifid_pc=80000e60 idex_pc=80000e5c ifid_i=00130313 idex_v=1 exmem_v=1 mwb_v=1 stall=1 flush=0 br=0 j=00 rs1=5=80100000 rs2=0=00000000 a=80100000 b=00000000 alu=80100000 ra=80000e24 count=00000000
# TRACE t=14565000 pc=80000e64 ifid_pc=80000e60 idex_pc=00000000 ifid_i=00130313 idex_v=0 exmem_v=1 mwb_v=1 stall=0 flush=0 br=0 j=00 rs1=0=00000000 rs2=0=00000000 a=00000000 b=00000000 alu=00000000 ra=80000e24 count=00000000
# TRACE t=14575000 pc=80000e68 ifid_pc=80000e64 idex_pc=80000e60 ifid_i=0062a023 idex_v=1 exmem_v=0 mwb_v=1 stall=0 flush=0 br=0 j=00 rs1=6=00000000 rs2=1=80000e24 a=00000000 b=00000001 alu=00000001 ra=80000e24 count=00000000
# TRACE t=14585000 pc=80000e6c ifid_pc=80000e68 idex_pc=80000e64 ifid_i=00040093 idex_v=1 exmem_v=1 mwb_v=0 stall=0 flush=0 br=0 j=00 rs1=5=80100000 rs2=6=00000001 a=80100000 b=00000000 alu=80100000 ra=80000e24 count=00000000
# TRACE t=14595000 pc=80000e70 ifid_pc=80000e6c idex_pc=80000e68 ifid_i=00008067 idex_v=1 exmem_v=1 mwb_v=1 stall=0 flush=0 br=0 j=00 rs1=8=80000608 rs2=0=00000000 a=80000608 b=00000000 alu=80000608 ra=80000e24 count=00000000
# COUNT t=14595000 data=00000001
# TRACE t=14605000 pc=80000e74 ifid_pc=80000e70 idex_pc=80000e6c ifid_i=000ff297 idex_v=1 exmem_v=1 mwb_v=1 stall=0 flush=1 br=0 j=10 rs1=1=80000608 rs2=0=00000000 a=80000608 b=00000000 alu=80000608 ra=80000e24 count=00000000
# TRACE t=14645000 pc=80000e1c ifid_pc=00000000 idex_pc=00000000 ifid_i=00000000 idex_v=0 exmem_v=1 mwb_v=0 stall=0 flush=0 br=0 j=00 rs1=0=00000000 rs2=0=00000000 a=00000000 b=00000000 alu=00000000 ra=80000608 count=00000000
# TRACE t=14655000 pc=80000e20 ifid_pc=80000e1c idex_pc=00000000 ifid_i=00008413 idex_v=0 exmem_v=0 mwb_v=1 stall=0 flush=0 br=0 j=00 rs1=0=00000000 rs2=0=00000000 a=00000000 b=00000000 alu=00000000 ra=80000608 count=00000000
# TRACE t=14665000 pc=80000e24 ifid_pc=80000e20 idex_pc=80000e1c ifid_i=010000ef idex_v=1 exmem_v=0 mwb_v=0 stall=0 flush=0 br=0 j=00 rs1=1=80000608 rs2=0=00000000 a=80000608 b=00000000 alu=80000608 ra=8000060c count=00000000
# TRACE t=14675000 pc=80000e28 ifid_pc=80000e24 idex_pc=80000e20 ifid_i=00000297 idex_v=1 exmem_v=1 mwb_v=0 stall=0 flush=1 br=0 j=01 rs1=0=00000000 rs2=16=00000000 a=00000000 b=00000000 alu=00000000 ra=8000060c count=00000000
# TRACE t=14685000 pc=80000e30 ifid_pc=00000000 idex_pc=00000000 ifid_i=00000000 idex_v=0 exmem_v=1 mwb_v=1 stall=0 flush=0 br=0 j=00 rs1=0=00000000 rs2=0=00000000 a=00000000 b=00000000 alu=00000000 ra=8000060c count=00000000
# TRACE t=14695000 pc=80000e34 ifid_pc=80000e30 idex_pc=00000000 ifid_i=00400313 idex_v=0 exmem_v=0 mwb_v=1 stall=0 flush=0 br=0 j=00 rs1=0=00000000 rs2=0=00000000 a=00000000 b=00000000 alu=00000000 ra=8000060c count=00000000
# TRACE t=14705000 pc=80000e38 ifid_pc=80000e34 idex_pc=80000e30 ifid_i=00008067 idex_v=1 exmem_v=0 mwb_v=0 stall=0 flush=0 br=0 j=00 rs1=0=00000000 rs2=4=00000000 a=00000000 b=00000004 alu=00000004 ra=80000e24 count=00000000
# TRACE t=14715000 pc=80000e3c ifid_pc=80000e38 idex_pc=80000e34 ifid_i=000ff297 idex_v=1 exmem_v=1 mwb_v=0 stall=0 flush=1 br=0 j=10 rs1=1=80000e24 rs2=0=00000000 a=80000e24 b=00000000 alu=80000e24 ra=80000e24 count=00000000
# TRACE t=14725000 pc=80000e24 ifid_pc=00000000 idex_pc=00000000 ifid_i=00000000 idex_v=0 exmem_v=1 mwb_v=1 stall=0 flush=0 br=0 j=00 rs1=0=00000000 rs2=0=00000000 a=00000000 b=00000000 alu=00000000 ra=80000e24 count=00000000
# TRACE t=14735000 pc=80000e28 ifid_pc=80000e24 idex_pc=00000000 ifid_i=00000297 idex_v=0 exmem_v=0 mwb_v=1 stall=0 flush=0 br=0 j=00 rs1=0=00000000 rs2=0=00000000 a=00000000 b=00000000 alu=00000000 ra=80000e24 count=00000000
# TRACE t=14745000 pc=80000e2c ifid_pc=80000e28 idex_pc=80000e24 ifid_i=00509863 idex_v=1 exmem_v=0 mwb_v=0 stall=0 flush=0 br=0 j=00 rs1=0=00000000 rs2=0=00000000 a=80000e24 b=00000000 alu=80000e24 ra=80000e24 count=00000000
# TRACE t=14755000 pc=80000e30 ifid_pc=80000e2c idex_pc=80000e28 ifid_i=0280006f idex_v=1 exmem_v=1 mwb_v=0 stall=0 flush=0 br=1 j=00 rs1=1=80000e24 rs2=5=80000e24 a=80000e24 b=80000e24 alu=00000000 ra=80000e24 count=00000000
# TRACE t=14765000 pc=80000e34 ifid_pc=80000e30 idex_pc=80000e2c ifid_i=00400313 idex_v=1 exmem_v=1 mwb_v=1 stall=0 flush=1 br=0 j=01 rs1=0=00000000 rs2=8=80000608 a=00000000 b=80000608 alu=80000608 ra=80000e24 count=00000000
# TRACE t=14775000 pc=80000e54 ifid_pc=00000000 idex_pc=00000000 ifid_i=00000000 idex_v=0 exmem_v=1 mwb_v=1 stall=0 flush=0 br=0 j=00 rs1=0=00000000 rs2=0=00000000 a=00000000 b=00000000 alu=00000000 ra=80000e24 count=00000000
# TRACE t=14785000 pc=80000e58 ifid_pc=80000e54 idex_pc=00000000 ifid_i=000ff297 idex_v=0 exmem_v=0 mwb_v=1 stall=0 flush=0 br=0 j=00 rs1=0=00000000 rs2=0=00000000 a=00000000 b=00000000 alu=00000000 ra=80000e24 count=00000000
# TRACE t=14795000 pc=80000e5c ifid_pc=80000e58 idex_pc=80000e54 ifid_i=1ac28293 idex_v=1 exmem_v=0 mwb_v=0 stall=0 flush=0 br=0 j=00 rs1=31=00000000 rs2=0=00000000 a=80000e54 b=000ff000 alu=800ffe54 ra=80000e24 count=00000000
# TRACE t=14805000 pc=80000e60 ifid_pc=80000e5c idex_pc=80000e58 ifid_i=0002a303 idex_v=1 exmem_v=1 mwb_v=0 stall=0 flush=0 br=0 j=00 rs1=5=800ffe54 rs2=12=00000000 a=800ffe54 b=000001ac alu=80100000 ra=80000e24 count=00000000
# TRACE t=14815000 pc=80000e64 ifid_pc=80000e60 idex_pc=80000e5c ifid_i=00130313 idex_v=1 exmem_v=1 mwb_v=1 stall=1 flush=0 br=0 j=00 rs1=5=80100000 rs2=0=00000000 a=80100000 b=00000000 alu=80100000 ra=80000e24 count=00000000
# TRACE t=14825000 pc=80000e64 ifid_pc=80000e60 idex_pc=00000000 ifid_i=00130313 idex_v=0 exmem_v=1 mwb_v=1 stall=0 flush=0 br=0 j=00 rs1=0=00000000 rs2=0=00000000 a=00000000 b=00000000 alu=00000000 ra=80000e24 count=00000000
# TRACE t=14835000 pc=80000e68 ifid_pc=80000e64 idex_pc=80000e60 ifid_i=0062a023 idex_v=1 exmem_v=0 mwb_v=1 stall=0 flush=0 br=0 j=00 rs1=6=00000000 rs2=1=80000e24 a=00000000 b=00000001 alu=00000001 ra=80000e24 count=00000000
# TRACE t=14845000 pc=80000e6c ifid_pc=80000e68 idex_pc=80000e64 ifid_i=00040093 idex_v=1 exmem_v=1 mwb_v=0 stall=0 flush=0 br=0 j=00 rs1=5=80100000 rs2=6=00000001 a=80100000 b=00000000 alu=80100000 ra=80000e24 count=00000000
# TRACE t=14855000 pc=80000e70 ifid_pc=80000e6c idex_pc=80000e68 ifid_i=00008067 idex_v=1 exmem_v=1 mwb_v=1 stall=0 flush=0 br=0 j=00 rs1=8=80000608 rs2=0=00000000 a=80000608 b=00000000 alu=80000608 ra=80000e24 count=00000000
# COUNT t=14855000 data=00000001
# TRACE t=14865000 pc=80000e74 ifid_pc=80000e70 idex_pc=80000e6c ifid_i=000ff297 idex_v=1 exmem_v=1 mwb_v=1 stall=0 flush=1 br=0 j=10 rs1=1=80000608 rs2=0=00000000 a=80000608 b=00000000 alu=80000608 ra=80000e24 count=00000000
# TRACE t=14905000 pc=80000e1c ifid_pc=00000000 idex_pc=00000000 ifid_i=00000000 idex_v=0 exmem_v=1 mwb_v=0 stall=0 flush=0 br=0 j=00 rs1=0=00000000 rs2=0=00000000 a=00000000 b=00000000 alu=00000000 ra=80000608 count=00000000
# TRACE t=14915000 pc=80000e20 ifid_pc=80000e1c idex_pc=00000000 ifid_i=00008413 idex_v=0 exmem_v=0 mwb_v=1 stall=0 flush=0 br=0 j=00 rs1=0=00000000 rs2=0=00000000 a=00000000 b=00000000 alu=00000000 ra=80000608 count=00000000
# TRACE t=14925000 pc=80000e24 ifid_pc=80000e20 idex_pc=80000e1c ifid_i=010000ef idex_v=1 exmem_v=0 mwb_v=0 stall=0 flush=0 br=0 j=00 rs1=1=80000608 rs2=0=00000000 a=80000608 b=00000000 alu=80000608 ra=8000060c count=00000000
# TRACE t=14935000 pc=80000e28 ifid_pc=80000e24 idex_pc=80000e20 ifid_i=00000297 idex_v=1 exmem_v=1 mwb_v=0 stall=0 flush=1 br=0 j=01 rs1=0=00000000 rs2=16=00000000 a=00000000 b=00000000 alu=00000000 ra=8000060c count=00000000
# TRACE t=14945000 pc=80000e30 ifid_pc=00000000 idex_pc=00000000 ifid_i=00000000 idex_v=0 exmem_v=1 mwb_v=1 stall=0 flush=0 br=0 j=00 rs1=0=00000000 rs2=0=00000000 a=00000000 b=00000000 alu=00000000 ra=8000060c count=00000000
# TRACE t=14955000 pc=80000e34 ifid_pc=80000e30 idex_pc=00000000 ifid_i=00400313 idex_v=0 exmem_v=0 mwb_v=1 stall=0 flush=0 br=0 j=00 rs1=0=00000000 rs2=0=00000000 a=00000000 b=00000000 alu=00000000 ra=8000060c count=00000000
# TRACE t=14965000 pc=80000e38 ifid_pc=80000e34 idex_pc=80000e30 ifid_i=00008067 idex_v=1 exmem_v=0 mwb_v=0 stall=0 flush=0 br=0 j=00 rs1=0=00000000 rs2=4=00000000 a=00000000 b=00000004 alu=00000004 ra=80000e24 count=00000000
# TRACE t=14975000 pc=80000e3c ifid_pc=80000e38 idex_pc=80000e34 ifid_i=000ff297 idex_v=1 exmem_v=1 mwb_v=0 stall=0 flush=1 br=0 j=10 rs1=1=80000e24 rs2=0=00000000 a=80000e24 b=00000000 alu=80000e24 ra=80000e24 count=00000000
# TRACE t=14985000 pc=80000e24 ifid_pc=00000000 idex_pc=00000000 ifid_i=00000000 idex_v=0 exmem_v=1 mwb_v=1 stall=0 flush=0 br=0 j=00 rs1=0=00000000 rs2=0=00000000 a=00000000 b=00000000 alu=00000000 ra=80000e24 count=00000000
# TRACE t=14995000 pc=80000e28 ifid_pc=80000e24 idex_pc=00000000 ifid_i=00000297 idex_v=0 exmem_v=0 mwb_v=1 stall=0 flush=0 br=0 j=00 rs1=0=00000000 rs2=0=00000000 a=00000000 b=00000000 alu=00000000 ra=80000e24 count=00000000
# TRACE t=15005000 pc=80000e2c ifid_pc=80000e28 idex_pc=80000e24 ifid_i=00509863 idex_v=1 exmem_v=0 mwb_v=0 stall=0 flush=0 br=0 j=00 rs1=0=00000000 rs2=0=00000000 a=80000e24 b=00000000 alu=80000e24 ra=80000e24 count=00000000
# TRACE t=15015000 pc=80000e30 ifid_pc=80000e2c idex_pc=80000e28 ifid_i=0280006f idex_v=1 exmem_v=1 mwb_v=0 stall=0 flush=0 br=1 j=00 rs1=1=80000e24 rs2=5=80000e24 a=80000e24 b=80000e24 alu=00000000 ra=80000e24 count=00000000
# TRACE t=15025000 pc=80000e34 ifid_pc=80000e30 idex_pc=80000e2c ifid_i=00400313 idex_v=1 exmem_v=1 mwb_v=1 stall=0 flush=1 br=0 j=01 rs1=0=00000000 rs2=8=80000608 a=00000000 b=80000608 alu=80000608 ra=80000e24 count=00000000
# TRACE t=15035000 pc=80000e54 ifid_pc=00000000 idex_pc=00000000 ifid_i=00000000 idex_v=0 exmem_v=1 mwb_v=1 stall=0 flush=0 br=0 j=00 rs1=0=00000000 rs2=0=00000000 a=00000000 b=00000000 alu=00000000 ra=80000e24 count=00000000
# TRACE t=15045000 pc=80000e58 ifid_pc=80000e54 idex_pc=00000000 ifid_i=000ff297 idex_v=0 exmem_v=0 mwb_v=1 stall=0 flush=0 br=0 j=00 rs1=0=00000000 rs2=0=00000000 a=00000000 b=00000000 alu=00000000 ra=80000e24 count=00000000
# TRACE t=15055000 pc=80000e5c ifid_pc=80000e58 idex_pc=80000e54 ifid_i=1ac28293 idex_v=1 exmem_v=0 mwb_v=0 stall=0 flush=0 br=0 j=00 rs1=31=00000000 rs2=0=00000000 a=80000e54 b=000ff000 alu=800ffe54 ra=80000e24 count=00000000
# TRACE t=15065000 pc=80000e60 ifid_pc=80000e5c idex_pc=80000e58 ifid_i=0002a303 idex_v=1 exmem_v=1 mwb_v=0 stall=0 flush=0 br=0 j=00 rs1=5=800ffe54 rs2=12=00000000 a=800ffe54 b=000001ac alu=80100000 ra=80000e24 count=00000000
# TRACE t=15075000 pc=80000e64 ifid_pc=80000e60 idex_pc=80000e5c ifid_i=00130313 idex_v=1 exmem_v=1 mwb_v=1 stall=1 flush=0 br=0 j=00 rs1=5=80100000 rs2=0=00000000 a=80100000 b=00000000 alu=80100000 ra=80000e24 count=00000000
# TRACE t=15085000 pc=80000e64 ifid_pc=80000e60 idex_pc=00000000 ifid_i=00130313 idex_v=0 exmem_v=1 mwb_v=1 stall=0 flush=0 br=0 j=00 rs1=0=00000000 rs2=0=00000000 a=00000000 b=00000000 alu=00000000 ra=80000e24 count=00000000
# TRACE t=15095000 pc=80000e68 ifid_pc=80000e64 idex_pc=80000e60 ifid_i=0062a023 idex_v=1 exmem_v=0 mwb_v=1 stall=0 flush=0 br=0 j=00 rs1=6=00000000 rs2=1=80000e24 a=00000000 b=00000001 alu=00000001 ra=80000e24 count=00000000
# TRACE t=15105000 pc=80000e6c ifid_pc=80000e68 idex_pc=80000e64 ifid_i=00040093 idex_v=1 exmem_v=1 mwb_v=0 stall=0 flush=0 br=0 j=00 rs1=5=80100000 rs2=6=00000001 a=80100000 b=00000000 alu=80100000 ra=80000e24 count=00000000
# TRACE t=15115000 pc=80000e70 ifid_pc=80000e6c idex_pc=80000e68 ifid_i=00008067 idex_v=1 exmem_v=1 mwb_v=1 stall=0 flush=0 br=0 j=00 rs1=8=80000608 rs2=0=00000000 a=80000608 b=00000000 alu=80000608 ra=80000e24 count=00000000
# COUNT t=15115000 data=00000001
# TRACE t=15125000 pc=80000e74 ifid_pc=80000e70 idex_pc=80000e6c ifid_i=000ff297 idex_v=1 exmem_v=1 mwb_v=1 stall=0 flush=1 br=0 j=10 rs1=1=80000608 rs2=0=00000000 a=80000608 b=00000000 alu=80000608 ra=80000e24 count=00000000
# TRACE t=15165000 pc=80000e1c ifid_pc=00000000 idex_pc=00000000 ifid_i=00000000 idex_v=0 exmem_v=1 mwb_v=0 stall=0 flush=0 br=0 j=00 rs1=0=00000000 rs2=0=00000000 a=00000000 b=00000000 alu=00000000 ra=80000608 count=00000000
# TRACE t=15175000 pc=80000e20 ifid_pc=80000e1c idex_pc=00000000 ifid_i=00008413 idex_v=0 exmem_v=0 mwb_v=1 stall=0 flush=0 br=0 j=00 rs1=0=00000000 rs2=0=00000000 a=00000000 b=00000000 alu=00000000 ra=80000608 count=00000000
# TRACE t=15185000 pc=80000e24 ifid_pc=80000e20 idex_pc=80000e1c ifid_i=010000ef idex_v=1 exmem_v=0 mwb_v=0 stall=0 flush=0 br=0 j=00 rs1=1=80000608 rs2=0=00000000 a=80000608 b=00000000 alu=80000608 ra=8000060c count=00000000
# TRACE t=15195000 pc=80000e28 ifid_pc=80000e24 idex_pc=80000e20 ifid_i=00000297 idex_v=1 exmem_v=1 mwb_v=0 stall=0 flush=1 br=0 j=01 rs1=0=00000000 rs2=16=00000000 a=00000000 b=00000000 alu=00000000 ra=8000060c count=00000000
# TRACE t=15205000 pc=80000e30 ifid_pc=00000000 idex_pc=00000000 ifid_i=00000000 idex_v=0 exmem_v=1 mwb_v=1 stall=0 flush=0 br=0 j=00 rs1=0=00000000 rs2=0=00000000 a=00000000 b=00000000 alu=00000000 ra=8000060c count=00000000
# TRACE t=15215000 pc=80000e34 ifid_pc=80000e30 idex_pc=00000000 ifid_i=00400313 idex_v=0 exmem_v=0 mwb_v=1 stall=0 flush=0 br=0 j=00 rs1=0=00000000 rs2=0=00000000 a=00000000 b=00000000 alu=00000000 ra=8000060c count=00000000
# TRACE t=15225000 pc=80000e38 ifid_pc=80000e34 idex_pc=80000e30 ifid_i=00008067 idex_v=1 exmem_v=0 mwb_v=0 stall=0 flush=0 br=0 j=00 rs1=0=00000000 rs2=4=00000000 a=00000000 b=00000004 alu=00000004 ra=80000e24 count=00000000
# TRACE t=15235000 pc=80000e3c ifid_pc=80000e38 idex_pc=80000e34 ifid_i=000ff297 idex_v=1 exmem_v=1 mwb_v=0 stall=0 flush=1 br=0 j=10 rs1=1=80000e24 rs2=0=00000000 a=80000e24 b=00000000 alu=80000e24 ra=80000e24 count=00000000
# TRACE t=15245000 pc=80000e24 ifid_pc=00000000 idex_pc=00000000 ifid_i=00000000 idex_v=0 exmem_v=1 mwb_v=1 stall=0 flush=0 br=0 j=00 rs1=0=00000000 rs2=0=00000000 a=00000000 b=00000000 alu=00000000 ra=80000e24 count=00000000
# TRACE t=15255000 pc=80000e28 ifid_pc=80000e24 idex_pc=00000000 ifid_i=00000297 idex_v=0 exmem_v=0 mwb_v=1 stall=0 flush=0 br=0 j=00 rs1=0=00000000 rs2=0=00000000 a=00000000 b=00000000 alu=00000000 ra=80000e24 count=00000000
# TRACE t=15265000 pc=80000e2c ifid_pc=80000e28 idex_pc=80000e24 ifid_i=00509863 idex_v=1 exmem_v=0 mwb_v=0 stall=0 flush=0 br=0 j=00 rs1=0=00000000 rs2=0=00000000 a=80000e24 b=00000000 alu=80000e24 ra=80000e24 count=00000000
# TRACE t=15275000 pc=80000e30 ifid_pc=80000e2c idex_pc=80000e28 ifid_i=0280006f idex_v=1 exmem_v=1 mwb_v=0 stall=0 flush=0 br=1 j=00 rs1=1=80000e24 rs2=5=80000e24 a=80000e24 b=80000e24 alu=00000000 ra=80000e24 count=00000000
# TRACE t=15285000 pc=80000e34 ifid_pc=80000e30 idex_pc=80000e2c ifid_i=00400313 idex_v=1 exmem_v=1 mwb_v=1 stall=0 flush=1 br=0 j=01 rs1=0=00000000 rs2=8=80000608 a=00000000 b=80000608 alu=80000608 ra=80000e24 count=00000000
# TRACE t=15295000 pc=80000e54 ifid_pc=00000000 idex_pc=00000000 ifid_i=00000000 idex_v=0 exmem_v=1 mwb_v=1 stall=0 flush=0 br=0 j=00 rs1=0=00000000 rs2=0=00000000 a=00000000 b=00000000 alu=00000000 ra=80000e24 count=00000000
# TRACE t=15305000 pc=80000e58 ifid_pc=80000e54 idex_pc=00000000 ifid_i=000ff297 idex_v=0 exmem_v=0 mwb_v=1 stall=0 flush=0 br=0 j=00 rs1=0=00000000 rs2=0=00000000 a=00000000 b=00000000 alu=00000000 ra=80000e24 count=00000000
# TRACE t=15315000 pc=80000e5c ifid_pc=80000e58 idex_pc=80000e54 ifid_i=1ac28293 idex_v=1 exmem_v=0 mwb_v=0 stall=0 flush=0 br=0 j=00 rs1=31=00000000 rs2=0=00000000 a=80000e54 b=000ff000 alu=800ffe54 ra=80000e24 count=00000000
# TRACE t=15325000 pc=80000e60 ifid_pc=80000e5c idex_pc=80000e58 ifid_i=0002a303 idex_v=1 exmem_v=1 mwb_v=0 stall=0 flush=0 br=0 j=00 rs1=5=800ffe54 rs2=12=00000000 a=800ffe54 b=000001ac alu=80100000 ra=80000e24 count=00000000
# TRACE t=15335000 pc=80000e64 ifid_pc=80000e60 idex_pc=80000e5c ifid_i=00130313 idex_v=1 exmem_v=1 mwb_v=1 stall=1 flush=0 br=0 j=00 rs1=5=80100000 rs2=0=00000000 a=80100000 b=00000000 alu=80100000 ra=80000e24 count=00000000
# TRACE t=15345000 pc=80000e64 ifid_pc=80000e60 idex_pc=00000000 ifid_i=00130313 idex_v=0 exmem_v=1 mwb_v=1 stall=0 flush=0 br=0 j=00 rs1=0=00000000 rs2=0=00000000 a=00000000 b=00000000 alu=00000000 ra=80000e24 count=00000000
# TRACE t=15355000 pc=80000e68 ifid_pc=80000e64 idex_pc=80000e60 ifid_i=0062a023 idex_v=1 exmem_v=0 mwb_v=1 stall=0 flush=0 br=0 j=00 rs1=6=00000000 rs2=1=80000e24 a=00000000 b=00000001 alu=00000001 ra=80000e24 count=00000000
# TRACE t=15365000 pc=80000e6c ifid_pc=80000e68 idex_pc=80000e64 ifid_i=00040093 idex_v=1 exmem_v=1 mwb_v=0 stall=0 flush=0 br=0 j=00 rs1=5=80100000 rs2=6=00000001 a=80100000 b=00000000 alu=80100000 ra=80000e24 count=00000000
# TRACE t=15375000 pc=80000e70 ifid_pc=80000e6c idex_pc=80000e68 ifid_i=00008067 idex_v=1 exmem_v=1 mwb_v=1 stall=0 flush=0 br=0 j=00 rs1=8=80000608 rs2=0=00000000 a=80000608 b=00000000 alu=80000608 ra=80000e24 count=00000000
# COUNT t=15375000 data=00000001
# TRACE t=15385000 pc=80000e74 ifid_pc=80000e70 idex_pc=80000e6c ifid_i=000ff297 idex_v=1 exmem_v=1 mwb_v=1 stall=0 flush=1 br=0 j=10 rs1=1=80000608 rs2=0=00000000 a=80000608 b=00000000 alu=80000608 ra=80000e24 count=00000000
# TRACE t=15425000 pc=80000e1c ifid_pc=00000000 idex_pc=00000000 ifid_i=00000000 idex_v=0 exmem_v=1 mwb_v=0 stall=0 flush=0 br=0 j=00 rs1=0=00000000 rs2=0=00000000 a=00000000 b=00000000 alu=00000000 ra=80000608 count=00000000
# TRACE t=15435000 pc=80000e20 ifid_pc=80000e1c idex_pc=00000000 ifid_i=00008413 idex_v=0 exmem_v=0 mwb_v=1 stall=0 flush=0 br=0 j=00 rs1=0=00000000 rs2=0=00000000 a=00000000 b=00000000 alu=00000000 ra=80000608 count=00000000
# TRACE t=15445000 pc=80000e24 ifid_pc=80000e20 idex_pc=80000e1c ifid_i=010000ef idex_v=1 exmem_v=0 mwb_v=0 stall=0 flush=0 br=0 j=00 rs1=1=80000608 rs2=0=00000000 a=80000608 b=00000000 alu=80000608 ra=8000060c count=00000000
# TRACE t=15455000 pc=80000e28 ifid_pc=80000e24 idex_pc=80000e20 ifid_i=00000297 idex_v=1 exmem_v=1 mwb_v=0 stall=0 flush=1 br=0 j=01 rs1=0=00000000 rs2=16=00000000 a=00000000 b=00000000 alu=00000000 ra=8000060c count=00000000
# TRACE t=15465000 pc=80000e30 ifid_pc=00000000 idex_pc=00000000 ifid_i=00000000 idex_v=0 exmem_v=1 mwb_v=1 stall=0 flush=0 br=0 j=00 rs1=0=00000000 rs2=0=00000000 a=00000000 b=00000000 alu=00000000 ra=8000060c count=00000000
# TRACE t=15475000 pc=80000e34 ifid_pc=80000e30 idex_pc=00000000 ifid_i=00400313 idex_v=0 exmem_v=0 mwb_v=1 stall=0 flush=0 br=0 j=00 rs1=0=00000000 rs2=0=00000000 a=00000000 b=00000000 alu=00000000 ra=8000060c count=00000000
# TRACE t=15485000 pc=80000e38 ifid_pc=80000e34 idex_pc=80000e30 ifid_i=00008067 idex_v=1 exmem_v=0 mwb_v=0 stall=0 flush=0 br=0 j=00 rs1=0=00000000 rs2=4=00000000 a=00000000 b=00000004 alu=00000004 ra=80000e24 count=00000000
# TRACE t=15495000 pc=80000e3c ifid_pc=80000e38 idex_pc=80000e34 ifid_i=000ff297 idex_v=1 exmem_v=1 mwb_v=0 stall=0 flush=1 br=0 j=10 rs1=1=80000e24 rs2=0=00000000 a=80000e24 b=00000000 alu=80000e24 ra=80000e24 count=00000000
# TRACE t=15505000 pc=80000e24 ifid_pc=00000000 idex_pc=00000000 ifid_i=00000000 idex_v=0 exmem_v=1 mwb_v=1 stall=0 flush=0 br=0 j=00 rs1=0=00000000 rs2=0=00000000 a=00000000 b=00000000 alu=00000000 ra=80000e24 count=00000000
# TRACE t=15515000 pc=80000e28 ifid_pc=80000e24 idex_pc=00000000 ifid_i=00000297 idex_v=0 exmem_v=0 mwb_v=1 stall=0 flush=0 br=0 j=00 rs1=0=00000000 rs2=0=00000000 a=00000000 b=00000000 alu=00000000 ra=80000e24 count=00000000
# TRACE t=15525000 pc=80000e2c ifid_pc=80000e28 idex_pc=80000e24 ifid_i=00509863 idex_v=1 exmem_v=0 mwb_v=0 stall=0 flush=0 br=0 j=00 rs1=0=00000000 rs2=0=00000000 a=80000e24 b=00000000 alu=80000e24 ra=80000e24 count=00000000
# TRACE t=15535000 pc=80000e30 ifid_pc=80000e2c idex_pc=80000e28 ifid_i=0280006f idex_v=1 exmem_v=1 mwb_v=0 stall=0 flush=0 br=1 j=00 rs1=1=80000e24 rs2=5=80000e24 a=80000e24 b=80000e24 alu=00000000 ra=80000e24 count=00000000
# TRACE t=15545000 pc=80000e34 ifid_pc=80000e30 idex_pc=80000e2c ifid_i=00400313 idex_v=1 exmem_v=1 mwb_v=1 stall=0 flush=1 br=0 j=01 rs1=0=00000000 rs2=8=80000608 a=00000000 b=80000608 alu=80000608 ra=80000e24 count=00000000
# TRACE t=15555000 pc=80000e54 ifid_pc=00000000 idex_pc=00000000 ifid_i=00000000 idex_v=0 exmem_v=1 mwb_v=1 stall=0 flush=0 br=0 j=00 rs1=0=00000000 rs2=0=00000000 a=00000000 b=00000000 alu=00000000 ra=80000e24 count=00000000
# TRACE t=15565000 pc=80000e58 ifid_pc=80000e54 idex_pc=00000000 ifid_i=000ff297 idex_v=0 exmem_v=0 mwb_v=1 stall=0 flush=0 br=0 j=00 rs1=0=00000000 rs2=0=00000000 a=00000000 b=00000000 alu=00000000 ra=80000e24 count=00000000
# TRACE t=15575000 pc=80000e5c ifid_pc=80000e58 idex_pc=80000e54 ifid_i=1ac28293 idex_v=1 exmem_v=0 mwb_v=0 stall=0 flush=0 br=0 j=00 rs1=31=00000000 rs2=0=00000000 a=80000e54 b=000ff000 alu=800ffe54 ra=80000e24 count=00000000
# TRACE t=15585000 pc=80000e60 ifid_pc=80000e5c idex_pc=80000e58 ifid_i=0002a303 idex_v=1 exmem_v=1 mwb_v=0 stall=0 flush=0 br=0 j=00 rs1=5=800ffe54 rs2=12=00000000 a=800ffe54 b=000001ac alu=80100000 ra=80000e24 count=00000000
# TRACE t=15595000 pc=80000e64 ifid_pc=80000e60 idex_pc=80000e5c ifid_i=00130313 idex_v=1 exmem_v=1 mwb_v=1 stall=1 flush=0 br=0 j=00 rs1=5=80100000 rs2=0=00000000 a=80100000 b=00000000 alu=80100000 ra=80000e24 count=00000000
# TRACE t=15605000 pc=80000e64 ifid_pc=80000e60 idex_pc=00000000 ifid_i=00130313 idex_v=0 exmem_v=1 mwb_v=1 stall=0 flush=0 br=0 j=00 rs1=0=00000000 rs2=0=00000000 a=00000000 b=00000000 alu=00000000 ra=80000e24 count=00000000
# TRACE t=15615000 pc=80000e68 ifid_pc=80000e64 idex_pc=80000e60 ifid_i=0062a023 idex_v=1 exmem_v=0 mwb_v=1 stall=0 flush=0 br=0 j=00 rs1=6=00000000 rs2=1=80000e24 a=00000000 b=00000001 alu=00000001 ra=80000e24 count=00000000
# TRACE t=15625000 pc=80000e6c ifid_pc=80000e68 idex_pc=80000e64 ifid_i=00040093 idex_v=1 exmem_v=1 mwb_v=0 stall=0 flush=0 br=0 j=00 rs1=5=80100000 rs2=6=00000001 a=80100000 b=00000000 alu=80100000 ra=80000e24 count=00000000
# TRACE t=15635000 pc=80000e70 ifid_pc=80000e6c idex_pc=80000e68 ifid_i=00008067 idex_v=1 exmem_v=1 mwb_v=1 stall=0 flush=0 br=0 j=00 rs1=8=80000608 rs2=0=00000000 a=80000608 b=00000000 alu=80000608 ra=80000e24 count=00000000
# COUNT t=15635000 data=00000001
# TRACE t=15645000 pc=80000e74 ifid_pc=80000e70 idex_pc=80000e6c ifid_i=000ff297 idex_v=1 exmem_v=1 mwb_v=1 stall=0 flush=1 br=0 j=10 rs1=1=80000608 rs2=0=00000000 a=80000608 b=00000000 alu=80000608 ra=80000e24 count=00000000
# TRACE t=15685000 pc=80000e1c ifid_pc=00000000 idex_pc=00000000 ifid_i=00000000 idex_v=0 exmem_v=1 mwb_v=0 stall=0 flush=0 br=0 j=00 rs1=0=00000000 rs2=0=00000000 a=00000000 b=00000000 alu=00000000 ra=80000608 count=00000000
# TRACE t=15695000 pc=80000e20 ifid_pc=80000e1c idex_pc=00000000 ifid_i=00008413 idex_v=0 exmem_v=0 mwb_v=1 stall=0 flush=0 br=0 j=00 rs1=0=00000000 rs2=0=00000000 a=00000000 b=00000000 alu=00000000 ra=80000608 count=00000000
# TRACE t=15705000 pc=80000e24 ifid_pc=80000e20 idex_pc=80000e1c ifid_i=010000ef idex_v=1 exmem_v=0 mwb_v=0 stall=0 flush=0 br=0 j=00 rs1=1=80000608 rs2=0=00000000 a=80000608 b=00000000 alu=80000608 ra=8000060c count=00000000
# TRACE t=15715000 pc=80000e28 ifid_pc=80000e24 idex_pc=80000e20 ifid_i=00000297 idex_v=1 exmem_v=1 mwb_v=0 stall=0 flush=1 br=0 j=01 rs1=0=00000000 rs2=16=00000000 a=00000000 b=00000000 alu=00000000 ra=8000060c count=00000000
# TRACE t=15725000 pc=80000e30 ifid_pc=00000000 idex_pc=00000000 ifid_i=00000000 idex_v=0 exmem_v=1 mwb_v=1 stall=0 flush=0 br=0 j=00 rs1=0=00000000 rs2=0=00000000 a=00000000 b=00000000 alu=00000000 ra=8000060c count=00000000
# TRACE t=15735000 pc=80000e34 ifid_pc=80000e30 idex_pc=00000000 ifid_i=00400313 idex_v=0 exmem_v=0 mwb_v=1 stall=0 flush=0 br=0 j=00 rs1=0=00000000 rs2=0=00000000 a=00000000 b=00000000 alu=00000000 ra=8000060c count=00000000
# TRACE t=15745000 pc=80000e38 ifid_pc=80000e34 idex_pc=80000e30 ifid_i=00008067 idex_v=1 exmem_v=0 mwb_v=0 stall=0 flush=0 br=0 j=00 rs1=0=00000000 rs2=4=00000000 a=00000000 b=00000004 alu=00000004 ra=80000e24 count=00000000
# TRACE t=15755000 pc=80000e3c ifid_pc=80000e38 idex_pc=80000e34 ifid_i=000ff297 idex_v=1 exmem_v=1 mwb_v=0 stall=0 flush=1 br=0 j=10 rs1=1=80000e24 rs2=0=00000000 a=80000e24 b=00000000 alu=80000e24 ra=80000e24 count=00000000
# TRACE t=15765000 pc=80000e24 ifid_pc=00000000 idex_pc=00000000 ifid_i=00000000 idex_v=0 exmem_v=1 mwb_v=1 stall=0 flush=0 br=0 j=00 rs1=0=00000000 rs2=0=00000000 a=00000000 b=00000000 alu=00000000 ra=80000e24 count=00000000
# TRACE t=15775000 pc=80000e28 ifid_pc=80000e24 idex_pc=00000000 ifid_i=00000297 idex_v=0 exmem_v=0 mwb_v=1 stall=0 flush=0 br=0 j=00 rs1=0=00000000 rs2=0=00000000 a=00000000 b=00000000 alu=00000000 ra=80000e24 count=00000000
# TRACE t=15785000 pc=80000e2c ifid_pc=80000e28 idex_pc=80000e24 ifid_i=00509863 idex_v=1 exmem_v=0 mwb_v=0 stall=0 flush=0 br=0 j=00 rs1=0=00000000 rs2=0=00000000 a=80000e24 b=00000000 alu=80000e24 ra=80000e24 count=00000000
# TRACE t=15795000 pc=80000e30 ifid_pc=80000e2c idex_pc=80000e28 ifid_i=0280006f idex_v=1 exmem_v=1 mwb_v=0 stall=0 flush=0 br=1 j=00 rs1=1=80000e24 rs2=5=80000e24 a=80000e24 b=80000e24 alu=00000000 ra=80000e24 count=00000000
# TRACE t=15805000 pc=80000e34 ifid_pc=80000e30 idex_pc=80000e2c ifid_i=00400313 idex_v=1 exmem_v=1 mwb_v=1 stall=0 flush=1 br=0 j=01 rs1=0=00000000 rs2=8=80000608 a=00000000 b=80000608 alu=80000608 ra=80000e24 count=00000000
# TRACE t=15815000 pc=80000e54 ifid_pc=00000000 idex_pc=00000000 ifid_i=00000000 idex_v=0 exmem_v=1 mwb_v=1 stall=0 flush=0 br=0 j=00 rs1=0=00000000 rs2=0=00000000 a=00000000 b=00000000 alu=00000000 ra=80000e24 count=00000000
# TRACE t=15825000 pc=80000e58 ifid_pc=80000e54 idex_pc=00000000 ifid_i=000ff297 idex_v=0 exmem_v=0 mwb_v=1 stall=0 flush=0 br=0 j=00 rs1=0=00000000 rs2=0=00000000 a=00000000 b=00000000 alu=00000000 ra=80000e24 count=00000000
# TRACE t=15835000 pc=80000e5c ifid_pc=80000e58 idex_pc=80000e54 ifid_i=1ac28293 idex_v=1 exmem_v=0 mwb_v=0 stall=0 flush=0 br=0 j=00 rs1=31=00000000 rs2=0=00000000 a=80000e54 b=000ff000 alu=800ffe54 ra=80000e24 count=00000000
# TRACE t=15845000 pc=80000e60 ifid_pc=80000e5c idex_pc=80000e58 ifid_i=0002a303 idex_v=1 exmem_v=1 mwb_v=0 stall=0 flush=0 br=0 j=00 rs1=5=800ffe54 rs2=12=00000000 a=800ffe54 b=000001ac alu=80100000 ra=80000e24 count=00000000
# TRACE t=15855000 pc=80000e64 ifid_pc=80000e60 idex_pc=80000e5c ifid_i=00130313 idex_v=1 exmem_v=1 mwb_v=1 stall=1 flush=0 br=0 j=00 rs1=5=80100000 rs2=0=00000000 a=80100000 b=00000000 alu=80100000 ra=80000e24 count=00000000
# TRACE t=15865000 pc=80000e64 ifid_pc=80000e60 idex_pc=00000000 ifid_i=00130313 idex_v=0 exmem_v=1 mwb_v=1 stall=0 flush=0 br=0 j=00 rs1=0=00000000 rs2=0=00000000 a=00000000 b=00000000 alu=00000000 ra=80000e24 count=00000000
# TRACE t=15875000 pc=80000e68 ifid_pc=80000e64 idex_pc=80000e60 ifid_i=0062a023 idex_v=1 exmem_v=0 mwb_v=1 stall=0 flush=0 br=0 j=00 rs1=6=00000000 rs2=1=80000e24 a=00000000 b=00000001 alu=00000001 ra=80000e24 count=00000000
# TRACE t=15885000 pc=80000e6c ifid_pc=80000e68 idex_pc=80000e64 ifid_i=00040093 idex_v=1 exmem_v=1 mwb_v=0 stall=0 flush=0 br=0 j=00 rs1=5=80100000 rs2=6=00000001 a=80100000 b=00000000 alu=80100000 ra=80000e24 count=00000000
# TRACE t=15895000 pc=80000e70 ifid_pc=80000e6c idex_pc=80000e68 ifid_i=00008067 idex_v=1 exmem_v=1 mwb_v=1 stall=0 flush=0 br=0 j=00 rs1=8=80000608 rs2=0=00000000 a=80000608 b=00000000 alu=80000608 ra=80000e24 count=00000000
# COUNT t=15895000 data=00000001
# TRACE t=15905000 pc=80000e74 ifid_pc=80000e70 idex_pc=80000e6c ifid_i=000ff297 idex_v=1 exmem_v=1 mwb_v=1 stall=0 flush=1 br=0 j=10 rs1=1=80000608 rs2=0=00000000 a=80000608 b=00000000 alu=80000608 ra=80000e24 count=00000000
# TRACE t=15945000 pc=80000e1c ifid_pc=00000000 idex_pc=00000000 ifid_i=00000000 idex_v=0 exmem_v=1 mwb_v=0 stall=0 flush=0 br=0 j=00 rs1=0=00000000 rs2=0=00000000 a=00000000 b=00000000 alu=00000000 ra=80000608 count=00000000
# TRACE t=15955000 pc=80000e20 ifid_pc=80000e1c idex_pc=00000000 ifid_i=00008413 idex_v=0 exmem_v=0 mwb_v=1 stall=0 flush=0 br=0 j=00 rs1=0=00000000 rs2=0=00000000 a=00000000 b=00000000 alu=00000000 ra=80000608 count=00000000
# TRACE t=15965000 pc=80000e24 ifid_pc=80000e20 idex_pc=80000e1c ifid_i=010000ef idex_v=1 exmem_v=0 mwb_v=0 stall=0 flush=0 br=0 j=00 rs1=1=80000608 rs2=0=00000000 a=80000608 b=00000000 alu=80000608 ra=8000060c count=00000000
# TRACE t=15975000 pc=80000e28 ifid_pc=80000e24 idex_pc=80000e20 ifid_i=00000297 idex_v=1 exmem_v=1 mwb_v=0 stall=0 flush=1 br=0 j=01 rs1=0=00000000 rs2=16=00000000 a=00000000 b=00000000 alu=00000000 ra=8000060c count=00000000
# TRACE t=15985000 pc=80000e30 ifid_pc=00000000 idex_pc=00000000 ifid_i=00000000 idex_v=0 exmem_v=1 mwb_v=1 stall=0 flush=0 br=0 j=00 rs1=0=00000000 rs2=0=00000000 a=00000000 b=00000000 alu=00000000 ra=8000060c count=00000000
# TRACE t=15995000 pc=80000e34 ifid_pc=80000e30 idex_pc=00000000 ifid_i=00400313 idex_v=0 exmem_v=0 mwb_v=1 stall=0 flush=0 br=0 j=00 rs1=0=00000000 rs2=0=00000000 a=00000000 b=00000000 alu=00000000 ra=8000060c count=00000000
# TRACE t=16005000 pc=80000e38 ifid_pc=80000e34 idex_pc=80000e30 ifid_i=00008067 idex_v=1 exmem_v=0 mwb_v=0 stall=0 flush=0 br=0 j=00 rs1=0=00000000 rs2=4=00000000 a=00000000 b=00000004 alu=00000004 ra=80000e24 count=00000000
# TRACE t=16015000 pc=80000e3c ifid_pc=80000e38 idex_pc=80000e34 ifid_i=000ff297 idex_v=1 exmem_v=1 mwb_v=0 stall=0 flush=1 br=0 j=10 rs1=1=80000e24 rs2=0=00000000 a=80000e24 b=00000000 alu=80000e24 ra=80000e24 count=00000000
# TRACE t=16025000 pc=80000e24 ifid_pc=00000000 idex_pc=00000000 ifid_i=00000000 idex_v=0 exmem_v=1 mwb_v=1 stall=0 flush=0 br=0 j=00 rs1=0=00000000 rs2=0=00000000 a=00000000 b=00000000 alu=00000000 ra=80000e24 count=00000000
# TRACE t=16035000 pc=80000e28 ifid_pc=80000e24 idex_pc=00000000 ifid_i=00000297 idex_v=0 exmem_v=0 mwb_v=1 stall=0 flush=0 br=0 j=00 rs1=0=00000000 rs2=0=00000000 a=00000000 b=00000000 alu=00000000 ra=80000e24 count=00000000
# TRACE t=16045000 pc=80000e2c ifid_pc=80000e28 idex_pc=80000e24 ifid_i=00509863 idex_v=1 exmem_v=0 mwb_v=0 stall=0 flush=0 br=0 j=00 rs1=0=00000000 rs2=0=00000000 a=80000e24 b=00000000 alu=80000e24 ra=80000e24 count=00000000
# TRACE t=16055000 pc=80000e30 ifid_pc=80000e2c idex_pc=80000e28 ifid_i=0280006f idex_v=1 exmem_v=1 mwb_v=0 stall=0 flush=0 br=1 j=00 rs1=1=80000e24 rs2=5=80000e24 a=80000e24 b=80000e24 alu=00000000 ra=80000e24 count=00000000
# TRACE t=16065000 pc=80000e34 ifid_pc=80000e30 idex_pc=80000e2c ifid_i=00400313 idex_v=1 exmem_v=1 mwb_v=1 stall=0 flush=1 br=0 j=01 rs1=0=00000000 rs2=8=80000608 a=00000000 b=80000608 alu=80000608 ra=80000e24 count=00000000
# TRACE t=16075000 pc=80000e54 ifid_pc=00000000 idex_pc=00000000 ifid_i=00000000 idex_v=0 exmem_v=1 mwb_v=1 stall=0 flush=0 br=0 j=00 rs1=0=00000000 rs2=0=00000000 a=00000000 b=00000000 alu=00000000 ra=80000e24 count=00000000
# TRACE t=16085000 pc=80000e58 ifid_pc=80000e54 idex_pc=00000000 ifid_i=000ff297 idex_v=0 exmem_v=0 mwb_v=1 stall=0 flush=0 br=0 j=00 rs1=0=00000000 rs2=0=00000000 a=00000000 b=00000000 alu=00000000 ra=80000e24 count=00000000
# TRACE t=16095000 pc=80000e5c ifid_pc=80000e58 idex_pc=80000e54 ifid_i=1ac28293 idex_v=1 exmem_v=0 mwb_v=0 stall=0 flush=0 br=0 j=00 rs1=31=00000000 rs2=0=00000000 a=80000e54 b=000ff000 alu=800ffe54 ra=80000e24 count=00000000
# TRACE t=16105000 pc=80000e60 ifid_pc=80000e5c idex_pc=80000e58 ifid_i=0002a303 idex_v=1 exmem_v=1 mwb_v=0 stall=0 flush=0 br=0 j=00 rs1=5=800ffe54 rs2=12=00000000 a=800ffe54 b=000001ac alu=80100000 ra=80000e24 count=00000000
# TRACE t=16115000 pc=80000e64 ifid_pc=80000e60 idex_pc=80000e5c ifid_i=00130313 idex_v=1 exmem_v=1 mwb_v=1 stall=1 flush=0 br=0 j=00 rs1=5=80100000 rs2=0=00000000 a=80100000 b=00000000 alu=80100000 ra=80000e24 count=00000000
# TRACE t=16125000 pc=80000e64 ifid_pc=80000e60 idex_pc=00000000 ifid_i=00130313 idex_v=0 exmem_v=1 mwb_v=1 stall=0 flush=0 br=0 j=00 rs1=0=00000000 rs2=0=00000000 a=00000000 b=00000000 alu=00000000 ra=80000e24 count=00000000
# TRACE t=16135000 pc=80000e68 ifid_pc=80000e64 idex_pc=80000e60 ifid_i=0062a023 idex_v=1 exmem_v=0 mwb_v=1 stall=0 flush=0 br=0 j=00 rs1=6=00000000 rs2=1=80000e24 a=00000000 b=00000001 alu=00000001 ra=80000e24 count=00000000
# TRACE t=16145000 pc=80000e6c ifid_pc=80000e68 idex_pc=80000e64 ifid_i=00040093 idex_v=1 exmem_v=1 mwb_v=0 stall=0 flush=0 br=0 j=00 rs1=5=80100000 rs2=6=00000001 a=80100000 b=00000000 alu=80100000 ra=80000e24 count=00000000
# TRACE t=16155000 pc=80000e70 ifid_pc=80000e6c idex_pc=80000e68 ifid_i=00008067 idex_v=1 exmem_v=1 mwb_v=1 stall=0 flush=0 br=0 j=00 rs1=8=80000608 rs2=0=00000000 a=80000608 b=00000000 alu=80000608 ra=80000e24 count=00000000
# COUNT t=16155000 data=00000001
# TRACE t=16165000 pc=80000e74 ifid_pc=80000e70 idex_pc=80000e6c ifid_i=000ff297 idex_v=1 exmem_v=1 mwb_v=1 stall=0 flush=1 br=0 j=10 rs1=1=80000608 rs2=0=00000000 a=80000608 b=00000000 alu=80000608 ra=80000e24 count=00000000
# TRACE t=16205000 pc=80000e1c ifid_pc=00000000 idex_pc=00000000 ifid_i=00000000 idex_v=0 exmem_v=1 mwb_v=0 stall=0 flush=0 br=0 j=00 rs1=0=00000000 rs2=0=00000000 a=00000000 b=00000000 alu=00000000 ra=80000608 count=00000000
# TRACE t=16215000 pc=80000e20 ifid_pc=80000e1c idex_pc=00000000 ifid_i=00008413 idex_v=0 exmem_v=0 mwb_v=1 stall=0 flush=0 br=0 j=00 rs1=0=00000000 rs2=0=00000000 a=00000000 b=00000000 alu=00000000 ra=80000608 count=00000000
# TRACE t=16225000 pc=80000e24 ifid_pc=80000e20 idex_pc=80000e1c ifid_i=010000ef idex_v=1 exmem_v=0 mwb_v=0 stall=0 flush=0 br=0 j=00 rs1=1=80000608 rs2=0=00000000 a=80000608 b=00000000 alu=80000608 ra=8000060c count=00000000
# TRACE t=16235000 pc=80000e28 ifid_pc=80000e24 idex_pc=80000e20 ifid_i=00000297 idex_v=1 exmem_v=1 mwb_v=0 stall=0 flush=1 br=0 j=01 rs1=0=00000000 rs2=16=00000000 a=00000000 b=00000000 alu=00000000 ra=8000060c count=00000000
# TRACE t=16245000 pc=80000e30 ifid_pc=00000000 idex_pc=00000000 ifid_i=00000000 idex_v=0 exmem_v=1 mwb_v=1 stall=0 flush=0 br=0 j=00 rs1=0=00000000 rs2=0=00000000 a=00000000 b=00000000 alu=00000000 ra=8000060c count=00000000
# TRACE t=16255000 pc=80000e34 ifid_pc=80000e30 idex_pc=00000000 ifid_i=00400313 idex_v=0 exmem_v=0 mwb_v=1 stall=0 flush=0 br=0 j=00 rs1=0=00000000 rs2=0=00000000 a=00000000 b=00000000 alu=00000000 ra=8000060c count=00000000
# TRACE t=16265000 pc=80000e38 ifid_pc=80000e34 idex_pc=80000e30 ifid_i=00008067 idex_v=1 exmem_v=0 mwb_v=0 stall=0 flush=0 br=0 j=00 rs1=0=00000000 rs2=4=00000000 a=00000000 b=00000004 alu=00000004 ra=80000e24 count=00000000
# TRACE t=16275000 pc=80000e3c ifid_pc=80000e38 idex_pc=80000e34 ifid_i=000ff297 idex_v=1 exmem_v=1 mwb_v=0 stall=0 flush=1 br=0 j=10 rs1=1=80000e24 rs2=0=00000000 a=80000e24 b=00000000 alu=80000e24 ra=80000e24 count=00000000
# TRACE t=16285000 pc=80000e24 ifid_pc=00000000 idex_pc=00000000 ifid_i=00000000 idex_v=0 exmem_v=1 mwb_v=1 stall=0 flush=0 br=0 j=00 rs1=0=00000000 rs2=0=00000000 a=00000000 b=00000000 alu=00000000 ra=80000e24 count=00000000
# TRACE t=16295000 pc=80000e28 ifid_pc=80000e24 idex_pc=00000000 ifid_i=00000297 idex_v=0 exmem_v=0 mwb_v=1 stall=0 flush=0 br=0 j=00 rs1=0=00000000 rs2=0=00000000 a=00000000 b=00000000 alu=00000000 ra=80000e24 count=00000000
# TRACE t=16305000 pc=80000e2c ifid_pc=80000e28 idex_pc=80000e24 ifid_i=00509863 idex_v=1 exmem_v=0 mwb_v=0 stall=0 flush=0 br=0 j=00 rs1=0=00000000 rs2=0=00000000 a=80000e24 b=00000000 alu=80000e24 ra=80000e24 count=00000000
# TRACE t=16315000 pc=80000e30 ifid_pc=80000e2c idex_pc=80000e28 ifid_i=0280006f idex_v=1 exmem_v=1 mwb_v=0 stall=0 flush=0 br=1 j=00 rs1=1=80000e24 rs2=5=80000e24 a=80000e24 b=80000e24 alu=00000000 ra=80000e24 count=00000000
# TRACE t=16325000 pc=80000e34 ifid_pc=80000e30 idex_pc=80000e2c ifid_i=00400313 idex_v=1 exmem_v=1 mwb_v=1 stall=0 flush=1 br=0 j=01 rs1=0=00000000 rs2=8=80000608 a=00000000 b=80000608 alu=80000608 ra=80000e24 count=00000000
# TRACE t=16335000 pc=80000e54 ifid_pc=00000000 idex_pc=00000000 ifid_i=00000000 idex_v=0 exmem_v=1 mwb_v=1 stall=0 flush=0 br=0 j=00 rs1=0=00000000 rs2=0=00000000 a=00000000 b=00000000 alu=00000000 ra=80000e24 count=00000000
# TRACE t=16345000 pc=80000e58 ifid_pc=80000e54 idex_pc=00000000 ifid_i=000ff297 idex_v=0 exmem_v=0 mwb_v=1 stall=0 flush=0 br=0 j=00 rs1=0=00000000 rs2=0=00000000 a=00000000 b=00000000 alu=00000000 ra=80000e24 count=00000000
# TRACE t=16355000 pc=80000e5c ifid_pc=80000e58 idex_pc=80000e54 ifid_i=1ac28293 idex_v=1 exmem_v=0 mwb_v=0 stall=0 flush=0 br=0 j=00 rs1=31=00000000 rs2=0=00000000 a=80000e54 b=000ff000 alu=800ffe54 ra=80000e24 count=00000000
# TRACE t=16365000 pc=80000e60 ifid_pc=80000e5c idex_pc=80000e58 ifid_i=0002a303 idex_v=1 exmem_v=1 mwb_v=0 stall=0 flush=0 br=0 j=00 rs1=5=800ffe54 rs2=12=00000000 a=800ffe54 b=000001ac alu=80100000 ra=80000e24 count=00000000
# TRACE t=16375000 pc=80000e64 ifid_pc=80000e60 idex_pc=80000e5c ifid_i=00130313 idex_v=1 exmem_v=1 mwb_v=1 stall=1 flush=0 br=0 j=00 rs1=5=80100000 rs2=0=00000000 a=80100000 b=00000000 alu=80100000 ra=80000e24 count=00000000
# TRACE t=16385000 pc=80000e64 ifid_pc=80000e60 idex_pc=00000000 ifid_i=00130313 idex_v=0 exmem_v=1 mwb_v=1 stall=0 flush=0 br=0 j=00 rs1=0=00000000 rs2=0=00000000 a=00000000 b=00000000 alu=00000000 ra=80000e24 count=00000000
# TRACE t=16395000 pc=80000e68 ifid_pc=80000e64 idex_pc=80000e60 ifid_i=0062a023 idex_v=1 exmem_v=0 mwb_v=1 stall=0 flush=0 br=0 j=00 rs1=6=00000000 rs2=1=80000e24 a=00000000 b=00000001 alu=00000001 ra=80000e24 count=00000000
# TRACE t=16405000 pc=80000e6c ifid_pc=80000e68 idex_pc=80000e64 ifid_i=00040093 idex_v=1 exmem_v=1 mwb_v=0 stall=0 flush=0 br=0 j=00 rs1=5=80100000 rs2=6=00000001 a=80100000 b=00000000 alu=80100000 ra=80000e24 count=00000000
# TRACE t=16415000 pc=80000e70 ifid_pc=80000e6c idex_pc=80000e68 ifid_i=00008067 idex_v=1 exmem_v=1 mwb_v=1 stall=0 flush=0 br=0 j=00 rs1=8=80000608 rs2=0=00000000 a=80000608 b=00000000 alu=80000608 ra=80000e24 count=00000000
# COUNT t=16415000 data=00000001
# TRACE t=16425000 pc=80000e74 ifid_pc=80000e70 idex_pc=80000e6c ifid_i=000ff297 idex_v=1 exmem_v=1 mwb_v=1 stall=0 flush=1 br=0 j=10 rs1=1=80000608 rs2=0=00000000 a=80000608 b=00000000 alu=80000608 ra=80000e24 count=00000000
# TRACE t=16465000 pc=80000e1c ifid_pc=00000000 idex_pc=00000000 ifid_i=00000000 idex_v=0 exmem_v=1 mwb_v=0 stall=0 flush=0 br=0 j=00 rs1=0=00000000 rs2=0=00000000 a=00000000 b=00000000 alu=00000000 ra=80000608 count=00000000
# TRACE t=16475000 pc=80000e20 ifid_pc=80000e1c idex_pc=00000000 ifid_i=00008413 idex_v=0 exmem_v=0 mwb_v=1 stall=0 flush=0 br=0 j=00 rs1=0=00000000 rs2=0=00000000 a=00000000 b=00000000 alu=00000000 ra=80000608 count=00000000
# TRACE t=16485000 pc=80000e24 ifid_pc=80000e20 idex_pc=80000e1c ifid_i=010000ef idex_v=1 exmem_v=0 mwb_v=0 stall=0 flush=0 br=0 j=00 rs1=1=80000608 rs2=0=00000000 a=80000608 b=00000000 alu=80000608 ra=8000060c count=00000000
# TRACE t=16495000 pc=80000e28 ifid_pc=80000e24 idex_pc=80000e20 ifid_i=00000297 idex_v=1 exmem_v=1 mwb_v=0 stall=0 flush=1 br=0 j=01 rs1=0=00000000 rs2=16=00000000 a=00000000 b=00000000 alu=00000000 ra=8000060c count=00000000
# TRACE t=16505000 pc=80000e30 ifid_pc=00000000 idex_pc=00000000 ifid_i=00000000 idex_v=0 exmem_v=1 mwb_v=1 stall=0 flush=0 br=0 j=00 rs1=0=00000000 rs2=0=00000000 a=00000000 b=00000000 alu=00000000 ra=8000060c count=00000000
# TRACE t=16515000 pc=80000e34 ifid_pc=80000e30 idex_pc=00000000 ifid_i=00400313 idex_v=0 exmem_v=0 mwb_v=1 stall=0 flush=0 br=0 j=00 rs1=0=00000000 rs2=0=00000000 a=00000000 b=00000000 alu=00000000 ra=8000060c count=00000000
# TRACE t=16525000 pc=80000e38 ifid_pc=80000e34 idex_pc=80000e30 ifid_i=00008067 idex_v=1 exmem_v=0 mwb_v=0 stall=0 flush=0 br=0 j=00 rs1=0=00000000 rs2=4=00000000 a=00000000 b=00000004 alu=00000004 ra=80000e24 count=00000000
# TRACE t=16535000 pc=80000e3c ifid_pc=80000e38 idex_pc=80000e34 ifid_i=000ff297 idex_v=1 exmem_v=1 mwb_v=0 stall=0 flush=1 br=0 j=10 rs1=1=80000e24 rs2=0=00000000 a=80000e24 b=00000000 alu=80000e24 ra=80000e24 count=00000000
# TRACE t=16545000 pc=80000e24 ifid_pc=00000000 idex_pc=00000000 ifid_i=00000000 idex_v=0 exmem_v=1 mwb_v=1 stall=0 flush=0 br=0 j=00 rs1=0=00000000 rs2=0=00000000 a=00000000 b=00000000 alu=00000000 ra=80000e24 count=00000000
# TRACE t=16555000 pc=80000e28 ifid_pc=80000e24 idex_pc=00000000 ifid_i=00000297 idex_v=0 exmem_v=0 mwb_v=1 stall=0 flush=0 br=0 j=00 rs1=0=00000000 rs2=0=00000000 a=00000000 b=00000000 alu=00000000 ra=80000e24 count=00000000
# TRACE t=16565000 pc=80000e2c ifid_pc=80000e28 idex_pc=80000e24 ifid_i=00509863 idex_v=1 exmem_v=0 mwb_v=0 stall=0 flush=0 br=0 j=00 rs1=0=00000000 rs2=0=00000000 a=80000e24 b=00000000 alu=80000e24 ra=80000e24 count=00000000
# TRACE t=16575000 pc=80000e30 ifid_pc=80000e2c idex_pc=80000e28 ifid_i=0280006f idex_v=1 exmem_v=1 mwb_v=0 stall=0 flush=0 br=1 j=00 rs1=1=80000e24 rs2=5=80000e24 a=80000e24 b=80000e24 alu=00000000 ra=80000e24 count=00000000
# TRACE t=16585000 pc=80000e34 ifid_pc=80000e30 idex_pc=80000e2c ifid_i=00400313 idex_v=1 exmem_v=1 mwb_v=1 stall=0 flush=1 br=0 j=01 rs1=0=00000000 rs2=8=80000608 a=00000000 b=80000608 alu=80000608 ra=80000e24 count=00000000
# TRACE t=16595000 pc=80000e54 ifid_pc=00000000 idex_pc=00000000 ifid_i=00000000 idex_v=0 exmem_v=1 mwb_v=1 stall=0 flush=0 br=0 j=00 rs1=0=00000000 rs2=0=00000000 a=00000000 b=00000000 alu=00000000 ra=80000e24 count=00000000
# TRACE t=16605000 pc=80000e58 ifid_pc=80000e54 idex_pc=00000000 ifid_i=000ff297 idex_v=0 exmem_v=0 mwb_v=1 stall=0 flush=0 br=0 j=00 rs1=0=00000000 rs2=0=00000000 a=00000000 b=00000000 alu=00000000 ra=80000e24 count=00000000
# TRACE t=16615000 pc=80000e5c ifid_pc=80000e58 idex_pc=80000e54 ifid_i=1ac28293 idex_v=1 exmem_v=0 mwb_v=0 stall=0 flush=0 br=0 j=00 rs1=31=00000000 rs2=0=00000000 a=80000e54 b=000ff000 alu=800ffe54 ra=80000e24 count=00000000
# TRACE t=16625000 pc=80000e60 ifid_pc=80000e5c idex_pc=80000e58 ifid_i=0002a303 idex_v=1 exmem_v=1 mwb_v=0 stall=0 flush=0 br=0 j=00 rs1=5=800ffe54 rs2=12=00000000 a=800ffe54 b=000001ac alu=80100000 ra=80000e24 count=00000000
# TRACE t=16635000 pc=80000e64 ifid_pc=80000e60 idex_pc=80000e5c ifid_i=00130313 idex_v=1 exmem_v=1 mwb_v=1 stall=1 flush=0 br=0 j=00 rs1=5=80100000 rs2=0=00000000 a=80100000 b=00000000 alu=80100000 ra=80000e24 count=00000000
# TRACE t=16645000 pc=80000e64 ifid_pc=80000e60 idex_pc=00000000 ifid_i=00130313 idex_v=0 exmem_v=1 mwb_v=1 stall=0 flush=0 br=0 j=00 rs1=0=00000000 rs2=0=00000000 a=00000000 b=00000000 alu=00000000 ra=80000e24 count=00000000
# TRACE t=16655000 pc=80000e68 ifid_pc=80000e64 idex_pc=80000e60 ifid_i=0062a023 idex_v=1 exmem_v=0 mwb_v=1 stall=0 flush=0 br=0 j=00 rs1=6=00000000 rs2=1=80000e24 a=00000000 b=00000001 alu=00000001 ra=80000e24 count=00000000
# TRACE t=16665000 pc=80000e6c ifid_pc=80000e68 idex_pc=80000e64 ifid_i=00040093 idex_v=1 exmem_v=1 mwb_v=0 stall=0 flush=0 br=0 j=00 rs1=5=80100000 rs2=6=00000001 a=80100000 b=00000000 alu=80100000 ra=80000e24 count=00000000
# TRACE t=16675000 pc=80000e70 ifid_pc=80000e6c idex_pc=80000e68 ifid_i=00008067 idex_v=1 exmem_v=1 mwb_v=1 stall=0 flush=0 br=0 j=00 rs1=8=80000608 rs2=0=00000000 a=80000608 b=00000000 alu=80000608 ra=80000e24 count=00000000
# COUNT t=16675000 data=00000001
# TRACE t=16685000 pc=80000e74 ifid_pc=80000e70 idex_pc=80000e6c ifid_i=000ff297 idex_v=1 exmem_v=1 mwb_v=1 stall=0 flush=1 br=0 j=10 rs1=1=80000608 rs2=0=00000000 a=80000608 b=00000000 alu=80000608 ra=80000e24 count=00000000
# TRACE t=16725000 pc=80000e1c ifid_pc=00000000 idex_pc=00000000 ifid_i=00000000 idex_v=0 exmem_v=1 mwb_v=0 stall=0 flush=0 br=0 j=00 rs1=0=00000000 rs2=0=00000000 a=00000000 b=00000000 alu=00000000 ra=80000608 count=00000000
# TRACE t=16735000 pc=80000e20 ifid_pc=80000e1c idex_pc=00000000 ifid_i=00008413 idex_v=0 exmem_v=0 mwb_v=1 stall=0 flush=0 br=0 j=00 rs1=0=00000000 rs2=0=00000000 a=00000000 b=00000000 alu=00000000 ra=80000608 count=00000000
# TRACE t=16745000 pc=80000e24 ifid_pc=80000e20 idex_pc=80000e1c ifid_i=010000ef idex_v=1 exmem_v=0 mwb_v=0 stall=0 flush=0 br=0 j=00 rs1=1=80000608 rs2=0=00000000 a=80000608 b=00000000 alu=80000608 ra=8000060c count=00000000
# TRACE t=16755000 pc=80000e28 ifid_pc=80000e24 idex_pc=80000e20 ifid_i=00000297 idex_v=1 exmem_v=1 mwb_v=0 stall=0 flush=1 br=0 j=01 rs1=0=00000000 rs2=16=00000000 a=00000000 b=00000000 alu=00000000 ra=8000060c count=00000000
# TRACE t=16765000 pc=80000e30 ifid_pc=00000000 idex_pc=00000000 ifid_i=00000000 idex_v=0 exmem_v=1 mwb_v=1 stall=0 flush=0 br=0 j=00 rs1=0=00000000 rs2=0=00000000 a=00000000 b=00000000 alu=00000000 ra=8000060c count=00000000
# TRACE t=16775000 pc=80000e34 ifid_pc=80000e30 idex_pc=00000000 ifid_i=00400313 idex_v=0 exmem_v=0 mwb_v=1 stall=0 flush=0 br=0 j=00 rs1=0=00000000 rs2=0=00000000 a=00000000 b=00000000 alu=00000000 ra=8000060c count=00000000
# TRACE t=16785000 pc=80000e38 ifid_pc=80000e34 idex_pc=80000e30 ifid_i=00008067 idex_v=1 exmem_v=0 mwb_v=0 stall=0 flush=0 br=0 j=00 rs1=0=00000000 rs2=4=00000000 a=00000000 b=00000004 alu=00000004 ra=80000e24 count=00000000
# TRACE t=16795000 pc=80000e3c ifid_pc=80000e38 idex_pc=80000e34 ifid_i=000ff297 idex_v=1 exmem_v=1 mwb_v=0 stall=0 flush=1 br=0 j=10 rs1=1=80000e24 rs2=0=00000000 a=80000e24 b=00000000 alu=80000e24 ra=80000e24 count=00000000
# TRACE t=16805000 pc=80000e24 ifid_pc=00000000 idex_pc=00000000 ifid_i=00000000 idex_v=0 exmem_v=1 mwb_v=1 stall=0 flush=0 br=0 j=00 rs1=0=00000000 rs2=0=00000000 a=00000000 b=00000000 alu=00000000 ra=80000e24 count=00000000
# TRACE t=16815000 pc=80000e28 ifid_pc=80000e24 idex_pc=00000000 ifid_i=00000297 idex_v=0 exmem_v=0 mwb_v=1 stall=0 flush=0 br=0 j=00 rs1=0=00000000 rs2=0=00000000 a=00000000 b=00000000 alu=00000000 ra=80000e24 count=00000000
# TRACE t=16825000 pc=80000e2c ifid_pc=80000e28 idex_pc=80000e24 ifid_i=00509863 idex_v=1 exmem_v=0 mwb_v=0 stall=0 flush=0 br=0 j=00 rs1=0=00000000 rs2=0=00000000 a=80000e24 b=00000000 alu=80000e24 ra=80000e24 count=00000000
# TRACE t=16835000 pc=80000e30 ifid_pc=80000e2c idex_pc=80000e28 ifid_i=0280006f idex_v=1 exmem_v=1 mwb_v=0 stall=0 flush=0 br=1 j=00 rs1=1=80000e24 rs2=5=80000e24 a=80000e24 b=80000e24 alu=00000000 ra=80000e24 count=00000000
# TRACE t=16845000 pc=80000e34 ifid_pc=80000e30 idex_pc=80000e2c ifid_i=00400313 idex_v=1 exmem_v=1 mwb_v=1 stall=0 flush=1 br=0 j=01 rs1=0=00000000 rs2=8=80000608 a=00000000 b=80000608 alu=80000608 ra=80000e24 count=00000000
# TRACE t=16855000 pc=80000e54 ifid_pc=00000000 idex_pc=00000000 ifid_i=00000000 idex_v=0 exmem_v=1 mwb_v=1 stall=0 flush=0 br=0 j=00 rs1=0=00000000 rs2=0=00000000 a=00000000 b=00000000 alu=00000000 ra=80000e24 count=00000000
# TRACE t=16865000 pc=80000e58 ifid_pc=80000e54 idex_pc=00000000 ifid_i=000ff297 idex_v=0 exmem_v=0 mwb_v=1 stall=0 flush=0 br=0 j=00 rs1=0=00000000 rs2=0=00000000 a=00000000 b=00000000 alu=00000000 ra=80000e24 count=00000000
# TRACE t=16875000 pc=80000e5c ifid_pc=80000e58 idex_pc=80000e54 ifid_i=1ac28293 idex_v=1 exmem_v=0 mwb_v=0 stall=0 flush=0 br=0 j=00 rs1=31=00000000 rs2=0=00000000 a=80000e54 b=000ff000 alu=800ffe54 ra=80000e24 count=00000000
# TRACE t=16885000 pc=80000e60 ifid_pc=80000e5c idex_pc=80000e58 ifid_i=0002a303 idex_v=1 exmem_v=1 mwb_v=0 stall=0 flush=0 br=0 j=00 rs1=5=800ffe54 rs2=12=00000000 a=800ffe54 b=000001ac alu=80100000 ra=80000e24 count=00000000
# TRACE t=16895000 pc=80000e64 ifid_pc=80000e60 idex_pc=80000e5c ifid_i=00130313 idex_v=1 exmem_v=1 mwb_v=1 stall=1 flush=0 br=0 j=00 rs1=5=80100000 rs2=0=00000000 a=80100000 b=00000000 alu=80100000 ra=80000e24 count=00000000
# TRACE t=16905000 pc=80000e64 ifid_pc=80000e60 idex_pc=00000000 ifid_i=00130313 idex_v=0 exmem_v=1 mwb_v=1 stall=0 flush=0 br=0 j=00 rs1=0=00000000 rs2=0=00000000 a=00000000 b=00000000 alu=00000000 ra=80000e24 count=00000000
# TRACE t=16915000 pc=80000e68 ifid_pc=80000e64 idex_pc=80000e60 ifid_i=0062a023 idex_v=1 exmem_v=0 mwb_v=1 stall=0 flush=0 br=0 j=00 rs1=6=00000000 rs2=1=80000e24 a=00000000 b=00000001 alu=00000001 ra=80000e24 count=00000000
# TRACE t=16925000 pc=80000e6c ifid_pc=80000e68 idex_pc=80000e64 ifid_i=00040093 idex_v=1 exmem_v=1 mwb_v=0 stall=0 flush=0 br=0 j=00 rs1=5=80100000 rs2=6=00000001 a=80100000 b=00000000 alu=80100000 ra=80000e24 count=00000000
# TRACE t=16935000 pc=80000e70 ifid_pc=80000e6c idex_pc=80000e68 ifid_i=00008067 idex_v=1 exmem_v=1 mwb_v=1 stall=0 flush=0 br=0 j=00 rs1=8=80000608 rs2=0=00000000 a=80000608 b=00000000 alu=80000608 ra=80000e24 count=00000000
# COUNT t=16935000 data=00000001
# TRACE t=16945000 pc=80000e74 ifid_pc=80000e70 idex_pc=80000e6c ifid_i=000ff297 idex_v=1 exmem_v=1 mwb_v=1 stall=0 flush=1 br=0 j=10 rs1=1=80000608 rs2=0=00000000 a=80000608 b=00000000 alu=80000608 ra=80000e24 count=00000000
# TRACE t=16985000 pc=80000e1c ifid_pc=00000000 idex_pc=00000000 ifid_i=00000000 idex_v=0 exmem_v=1 mwb_v=0 stall=0 flush=0 br=0 j=00 rs1=0=00000000 rs2=0=00000000 a=00000000 b=00000000 alu=00000000 ra=80000608 count=00000000
# TRACE t=16995000 pc=80000e20 ifid_pc=80000e1c idex_pc=00000000 ifid_i=00008413 idex_v=0 exmem_v=0 mwb_v=1 stall=0 flush=0 br=0 j=00 rs1=0=00000000 rs2=0=00000000 a=00000000 b=00000000 alu=00000000 ra=80000608 count=00000000
# TRACE t=17005000 pc=80000e24 ifid_pc=80000e20 idex_pc=80000e1c ifid_i=010000ef idex_v=1 exmem_v=0 mwb_v=0 stall=0 flush=0 br=0 j=00 rs1=1=80000608 rs2=0=00000000 a=80000608 b=00000000 alu=80000608 ra=8000060c count=00000000
# TRACE t=17015000 pc=80000e28 ifid_pc=80000e24 idex_pc=80000e20 ifid_i=00000297 idex_v=1 exmem_v=1 mwb_v=0 stall=0 flush=1 br=0 j=01 rs1=0=00000000 rs2=16=00000000 a=00000000 b=00000000 alu=00000000 ra=8000060c count=00000000
# TRACE t=17025000 pc=80000e30 ifid_pc=00000000 idex_pc=00000000 ifid_i=00000000 idex_v=0 exmem_v=1 mwb_v=1 stall=0 flush=0 br=0 j=00 rs1=0=00000000 rs2=0=00000000 a=00000000 b=00000000 alu=00000000 ra=8000060c count=00000000
# TRACE t=17035000 pc=80000e34 ifid_pc=80000e30 idex_pc=00000000 ifid_i=00400313 idex_v=0 exmem_v=0 mwb_v=1 stall=0 flush=0 br=0 j=00 rs1=0=00000000 rs2=0=00000000 a=00000000 b=00000000 alu=00000000 ra=8000060c count=00000000
# TRACE t=17045000 pc=80000e38 ifid_pc=80000e34 idex_pc=80000e30 ifid_i=00008067 idex_v=1 exmem_v=0 mwb_v=0 stall=0 flush=0 br=0 j=00 rs1=0=00000000 rs2=4=00000000 a=00000000 b=00000004 alu=00000004 ra=80000e24 count=00000000
# TRACE t=17055000 pc=80000e3c ifid_pc=80000e38 idex_pc=80000e34 ifid_i=000ff297 idex_v=1 exmem_v=1 mwb_v=0 stall=0 flush=1 br=0 j=10 rs1=1=80000e24 rs2=0=00000000 a=80000e24 b=00000000 alu=80000e24 ra=80000e24 count=00000000
# TRACE t=17065000 pc=80000e24 ifid_pc=00000000 idex_pc=00000000 ifid_i=00000000 idex_v=0 exmem_v=1 mwb_v=1 stall=0 flush=0 br=0 j=00 rs1=0=00000000 rs2=0=00000000 a=00000000 b=00000000 alu=00000000 ra=80000e24 count=00000000
# TRACE t=17075000 pc=80000e28 ifid_pc=80000e24 idex_pc=00000000 ifid_i=00000297 idex_v=0 exmem_v=0 mwb_v=1 stall=0 flush=0 br=0 j=00 rs1=0=00000000 rs2=0=00000000 a=00000000 b=00000000 alu=00000000 ra=80000e24 count=00000000
# TRACE t=17085000 pc=80000e2c ifid_pc=80000e28 idex_pc=80000e24 ifid_i=00509863 idex_v=1 exmem_v=0 mwb_v=0 stall=0 flush=0 br=0 j=00 rs1=0=00000000 rs2=0=00000000 a=80000e24 b=00000000 alu=80000e24 ra=80000e24 count=00000000
# TRACE t=17095000 pc=80000e30 ifid_pc=80000e2c idex_pc=80000e28 ifid_i=0280006f idex_v=1 exmem_v=1 mwb_v=0 stall=0 flush=0 br=1 j=00 rs1=1=80000e24 rs2=5=80000e24 a=80000e24 b=80000e24 alu=00000000 ra=80000e24 count=00000000
# TRACE t=17105000 pc=80000e34 ifid_pc=80000e30 idex_pc=80000e2c ifid_i=00400313 idex_v=1 exmem_v=1 mwb_v=1 stall=0 flush=1 br=0 j=01 rs1=0=00000000 rs2=8=80000608 a=00000000 b=80000608 alu=80000608 ra=80000e24 count=00000000
# TRACE t=17115000 pc=80000e54 ifid_pc=00000000 idex_pc=00000000 ifid_i=00000000 idex_v=0 exmem_v=1 mwb_v=1 stall=0 flush=0 br=0 j=00 rs1=0=00000000 rs2=0=00000000 a=00000000 b=00000000 alu=00000000 ra=80000e24 count=00000000
# TRACE t=17125000 pc=80000e58 ifid_pc=80000e54 idex_pc=00000000 ifid_i=000ff297 idex_v=0 exmem_v=0 mwb_v=1 stall=0 flush=0 br=0 j=00 rs1=0=00000000 rs2=0=00000000 a=00000000 b=00000000 alu=00000000 ra=80000e24 count=00000000
# TRACE t=17135000 pc=80000e5c ifid_pc=80000e58 idex_pc=80000e54 ifid_i=1ac28293 idex_v=1 exmem_v=0 mwb_v=0 stall=0 flush=0 br=0 j=00 rs1=31=00000000 rs2=0=00000000 a=80000e54 b=000ff000 alu=800ffe54 ra=80000e24 count=00000000
# TRACE t=17145000 pc=80000e60 ifid_pc=80000e5c idex_pc=80000e58 ifid_i=0002a303 idex_v=1 exmem_v=1 mwb_v=0 stall=0 flush=0 br=0 j=00 rs1=5=800ffe54 rs2=12=00000000 a=800ffe54 b=000001ac alu=80100000 ra=80000e24 count=00000000
# TRACE t=17155000 pc=80000e64 ifid_pc=80000e60 idex_pc=80000e5c ifid_i=00130313 idex_v=1 exmem_v=1 mwb_v=1 stall=1 flush=0 br=0 j=00 rs1=5=80100000 rs2=0=00000000 a=80100000 b=00000000 alu=80100000 ra=80000e24 count=00000000
# TRACE t=17165000 pc=80000e64 ifid_pc=80000e60 idex_pc=00000000 ifid_i=00130313 idex_v=0 exmem_v=1 mwb_v=1 stall=0 flush=0 br=0 j=00 rs1=0=00000000 rs2=0=00000000 a=00000000 b=00000000 alu=00000000 ra=80000e24 count=00000000
# TRACE t=17175000 pc=80000e68 ifid_pc=80000e64 idex_pc=80000e60 ifid_i=0062a023 idex_v=1 exmem_v=0 mwb_v=1 stall=0 flush=0 br=0 j=00 rs1=6=00000000 rs2=1=80000e24 a=00000000 b=00000001 alu=00000001 ra=80000e24 count=00000000
# TRACE t=17185000 pc=80000e6c ifid_pc=80000e68 idex_pc=80000e64 ifid_i=00040093 idex_v=1 exmem_v=1 mwb_v=0 stall=0 flush=0 br=0 j=00 rs1=5=80100000 rs2=6=00000001 a=80100000 b=00000000 alu=80100000 ra=80000e24 count=00000000
# TRACE t=17195000 pc=80000e70 ifid_pc=80000e6c idex_pc=80000e68 ifid_i=00008067 idex_v=1 exmem_v=1 mwb_v=1 stall=0 flush=0 br=0 j=00 rs1=8=80000608 rs2=0=00000000 a=80000608 b=00000000 alu=80000608 ra=80000e24 count=00000000
# COUNT t=17195000 data=00000001
# TRACE t=17205000 pc=80000e74 ifid_pc=80000e70 idex_pc=80000e6c ifid_i=000ff297 idex_v=1 exmem_v=1 mwb_v=1 stall=0 flush=1 br=0 j=10 rs1=1=80000608 rs2=0=00000000 a=80000608 b=00000000 alu=80000608 ra=80000e24 count=00000000
# TRACE t=17245000 pc=80000e1c ifid_pc=00000000 idex_pc=00000000 ifid_i=00000000 idex_v=0 exmem_v=1 mwb_v=0 stall=0 flush=0 br=0 j=00 rs1=0=00000000 rs2=0=00000000 a=00000000 b=00000000 alu=00000000 ra=80000608 count=00000000
# TRACE t=17255000 pc=80000e20 ifid_pc=80000e1c idex_pc=00000000 ifid_i=00008413 idex_v=0 exmem_v=0 mwb_v=1 stall=0 flush=0 br=0 j=00 rs1=0=00000000 rs2=0=00000000 a=00000000 b=00000000 alu=00000000 ra=80000608 count=00000000
# TRACE t=17265000 pc=80000e24 ifid_pc=80000e20 idex_pc=80000e1c ifid_i=010000ef idex_v=1 exmem_v=0 mwb_v=0 stall=0 flush=0 br=0 j=00 rs1=1=80000608 rs2=0=00000000 a=80000608 b=00000000 alu=80000608 ra=8000060c count=00000000
# TRACE t=17275000 pc=80000e28 ifid_pc=80000e24 idex_pc=80000e20 ifid_i=00000297 idex_v=1 exmem_v=1 mwb_v=0 stall=0 flush=1 br=0 j=01 rs1=0=00000000 rs2=16=00000000 a=00000000 b=00000000 alu=00000000 ra=8000060c count=00000000
# TRACE t=17285000 pc=80000e30 ifid_pc=00000000 idex_pc=00000000 ifid_i=00000000 idex_v=0 exmem_v=1 mwb_v=1 stall=0 flush=0 br=0 j=00 rs1=0=00000000 rs2=0=00000000 a=00000000 b=00000000 alu=00000000 ra=8000060c count=00000000
# TRACE t=17295000 pc=80000e34 ifid_pc=80000e30 idex_pc=00000000 ifid_i=00400313 idex_v=0 exmem_v=0 mwb_v=1 stall=0 flush=0 br=0 j=00 rs1=0=00000000 rs2=0=00000000 a=00000000 b=00000000 alu=00000000 ra=8000060c count=00000000
# TRACE t=17305000 pc=80000e38 ifid_pc=80000e34 idex_pc=80000e30 ifid_i=00008067 idex_v=1 exmem_v=0 mwb_v=0 stall=0 flush=0 br=0 j=00 rs1=0=00000000 rs2=4=00000000 a=00000000 b=00000004 alu=00000004 ra=80000e24 count=00000000
# TRACE t=17315000 pc=80000e3c ifid_pc=80000e38 idex_pc=80000e34 ifid_i=000ff297 idex_v=1 exmem_v=1 mwb_v=0 stall=0 flush=1 br=0 j=10 rs1=1=80000e24 rs2=0=00000000 a=80000e24 b=00000000 alu=80000e24 ra=80000e24 count=00000000
# TRACE t=17325000 pc=80000e24 ifid_pc=00000000 idex_pc=00000000 ifid_i=00000000 idex_v=0 exmem_v=1 mwb_v=1 stall=0 flush=0 br=0 j=00 rs1=0=00000000 rs2=0=00000000 a=00000000 b=00000000 alu=00000000 ra=80000e24 count=00000000
# TRACE t=17335000 pc=80000e28 ifid_pc=80000e24 idex_pc=00000000 ifid_i=00000297 idex_v=0 exmem_v=0 mwb_v=1 stall=0 flush=0 br=0 j=00 rs1=0=00000000 rs2=0=00000000 a=00000000 b=00000000 alu=00000000 ra=80000e24 count=00000000
# TRACE t=17345000 pc=80000e2c ifid_pc=80000e28 idex_pc=80000e24 ifid_i=00509863 idex_v=1 exmem_v=0 mwb_v=0 stall=0 flush=0 br=0 j=00 rs1=0=00000000 rs2=0=00000000 a=80000e24 b=00000000 alu=80000e24 ra=80000e24 count=00000000
# TRACE t=17355000 pc=80000e30 ifid_pc=80000e2c idex_pc=80000e28 ifid_i=0280006f idex_v=1 exmem_v=1 mwb_v=0 stall=0 flush=0 br=1 j=00 rs1=1=80000e24 rs2=5=80000e24 a=80000e24 b=80000e24 alu=00000000 ra=80000e24 count=00000000
# TRACE t=17365000 pc=80000e34 ifid_pc=80000e30 idex_pc=80000e2c ifid_i=00400313 idex_v=1 exmem_v=1 mwb_v=1 stall=0 flush=1 br=0 j=01 rs1=0=00000000 rs2=8=80000608 a=00000000 b=80000608 alu=80000608 ra=80000e24 count=00000000
# TRACE t=17375000 pc=80000e54 ifid_pc=00000000 idex_pc=00000000 ifid_i=00000000 idex_v=0 exmem_v=1 mwb_v=1 stall=0 flush=0 br=0 j=00 rs1=0=00000000 rs2=0=00000000 a=00000000 b=00000000 alu=00000000 ra=80000e24 count=00000000
# TRACE t=17385000 pc=80000e58 ifid_pc=80000e54 idex_pc=00000000 ifid_i=000ff297 idex_v=0 exmem_v=0 mwb_v=1 stall=0 flush=0 br=0 j=00 rs1=0=00000000 rs2=0=00000000 a=00000000 b=00000000 alu=00000000 ra=80000e24 count=00000000
# TRACE t=17395000 pc=80000e5c ifid_pc=80000e58 idex_pc=80000e54 ifid_i=1ac28293 idex_v=1 exmem_v=0 mwb_v=0 stall=0 flush=0 br=0 j=00 rs1=31=00000000 rs2=0=00000000 a=80000e54 b=000ff000 alu=800ffe54 ra=80000e24 count=00000000
# TRACE t=17405000 pc=80000e60 ifid_pc=80000e5c idex_pc=80000e58 ifid_i=0002a303 idex_v=1 exmem_v=1 mwb_v=0 stall=0 flush=0 br=0 j=00 rs1=5=800ffe54 rs2=12=00000000 a=800ffe54 b=000001ac alu=80100000 ra=80000e24 count=00000000
# TRACE t=17415000 pc=80000e64 ifid_pc=80000e60 idex_pc=80000e5c ifid_i=00130313 idex_v=1 exmem_v=1 mwb_v=1 stall=1 flush=0 br=0 j=00 rs1=5=80100000 rs2=0=00000000 a=80100000 b=00000000 alu=80100000 ra=80000e24 count=00000000
# TRACE t=17425000 pc=80000e64 ifid_pc=80000e60 idex_pc=00000000 ifid_i=00130313 idex_v=0 exmem_v=1 mwb_v=1 stall=0 flush=0 br=0 j=00 rs1=0=00000000 rs2=0=00000000 a=00000000 b=00000000 alu=00000000 ra=80000e24 count=00000000
# TRACE t=17435000 pc=80000e68 ifid_pc=80000e64 idex_pc=80000e60 ifid_i=0062a023 idex_v=1 exmem_v=0 mwb_v=1 stall=0 flush=0 br=0 j=00 rs1=6=00000000 rs2=1=80000e24 a=00000000 b=00000001 alu=00000001 ra=80000e24 count=00000000
# TRACE t=17445000 pc=80000e6c ifid_pc=80000e68 idex_pc=80000e64 ifid_i=00040093 idex_v=1 exmem_v=1 mwb_v=0 stall=0 flush=0 br=0 j=00 rs1=5=80100000 rs2=6=00000001 a=80100000 b=00000000 alu=80100000 ra=80000e24 count=00000000
# TRACE t=17455000 pc=80000e70 ifid_pc=80000e6c idex_pc=80000e68 ifid_i=00008067 idex_v=1 exmem_v=1 mwb_v=1 stall=0 flush=0 br=0 j=00 rs1=8=80000608 rs2=0=00000000 a=80000608 b=00000000 alu=80000608 ra=80000e24 count=00000000
# COUNT t=17455000 data=00000001
# TRACE t=17465000 pc=80000e74 ifid_pc=80000e70 idex_pc=80000e6c ifid_i=000ff297 idex_v=1 exmem_v=1 mwb_v=1 stall=0 flush=1 br=0 j=10 rs1=1=80000608 rs2=0=00000000 a=80000608 b=00000000 alu=80000608 ra=80000e24 count=00000000
# TRACE t=17505000 pc=80000e1c ifid_pc=00000000 idex_pc=00000000 ifid_i=00000000 idex_v=0 exmem_v=1 mwb_v=0 stall=0 flush=0 br=0 j=00 rs1=0=00000000 rs2=0=00000000 a=00000000 b=00000000 alu=00000000 ra=80000608 count=00000000
# TRACE t=17515000 pc=80000e20 ifid_pc=80000e1c idex_pc=00000000 ifid_i=00008413 idex_v=0 exmem_v=0 mwb_v=1 stall=0 flush=0 br=0 j=00 rs1=0=00000000 rs2=0=00000000 a=00000000 b=00000000 alu=00000000 ra=80000608 count=00000000
# TRACE t=17525000 pc=80000e24 ifid_pc=80000e20 idex_pc=80000e1c ifid_i=010000ef idex_v=1 exmem_v=0 mwb_v=0 stall=0 flush=0 br=0 j=00 rs1=1=80000608 rs2=0=00000000 a=80000608 b=00000000 alu=80000608 ra=8000060c count=00000000
# TRACE t=17535000 pc=80000e28 ifid_pc=80000e24 idex_pc=80000e20 ifid_i=00000297 idex_v=1 exmem_v=1 mwb_v=0 stall=0 flush=1 br=0 j=01 rs1=0=00000000 rs2=16=00000000 a=00000000 b=00000000 alu=00000000 ra=8000060c count=00000000
# TRACE t=17545000 pc=80000e30 ifid_pc=00000000 idex_pc=00000000 ifid_i=00000000 idex_v=0 exmem_v=1 mwb_v=1 stall=0 flush=0 br=0 j=00 rs1=0=00000000 rs2=0=00000000 a=00000000 b=00000000 alu=00000000 ra=8000060c count=00000000
# TRACE t=17555000 pc=80000e34 ifid_pc=80000e30 idex_pc=00000000 ifid_i=00400313 idex_v=0 exmem_v=0 mwb_v=1 stall=0 flush=0 br=0 j=00 rs1=0=00000000 rs2=0=00000000 a=00000000 b=00000000 alu=00000000 ra=8000060c count=00000000
# TRACE t=17565000 pc=80000e38 ifid_pc=80000e34 idex_pc=80000e30 ifid_i=00008067 idex_v=1 exmem_v=0 mwb_v=0 stall=0 flush=0 br=0 j=00 rs1=0=00000000 rs2=4=00000000 a=00000000 b=00000004 alu=00000004 ra=80000e24 count=00000000
# TRACE t=17575000 pc=80000e3c ifid_pc=80000e38 idex_pc=80000e34 ifid_i=000ff297 idex_v=1 exmem_v=1 mwb_v=0 stall=0 flush=1 br=0 j=10 rs1=1=80000e24 rs2=0=00000000 a=80000e24 b=00000000 alu=80000e24 ra=80000e24 count=00000000
# TRACE t=17585000 pc=80000e24 ifid_pc=00000000 idex_pc=00000000 ifid_i=00000000 idex_v=0 exmem_v=1 mwb_v=1 stall=0 flush=0 br=0 j=00 rs1=0=00000000 rs2=0=00000000 a=00000000 b=00000000 alu=00000000 ra=80000e24 count=00000000
# TRACE t=17595000 pc=80000e28 ifid_pc=80000e24 idex_pc=00000000 ifid_i=00000297 idex_v=0 exmem_v=0 mwb_v=1 stall=0 flush=0 br=0 j=00 rs1=0=00000000 rs2=0=00000000 a=00000000 b=00000000 alu=00000000 ra=80000e24 count=00000000
# TRACE t=17605000 pc=80000e2c ifid_pc=80000e28 idex_pc=80000e24 ifid_i=00509863 idex_v=1 exmem_v=0 mwb_v=0 stall=0 flush=0 br=0 j=00 rs1=0=00000000 rs2=0=00000000 a=80000e24 b=00000000 alu=80000e24 ra=80000e24 count=00000000
# TRACE t=17615000 pc=80000e30 ifid_pc=80000e2c idex_pc=80000e28 ifid_i=0280006f idex_v=1 exmem_v=1 mwb_v=0 stall=0 flush=0 br=1 j=00 rs1=1=80000e24 rs2=5=80000e24 a=80000e24 b=80000e24 alu=00000000 ra=80000e24 count=00000000
# TRACE t=17625000 pc=80000e34 ifid_pc=80000e30 idex_pc=80000e2c ifid_i=00400313 idex_v=1 exmem_v=1 mwb_v=1 stall=0 flush=1 br=0 j=01 rs1=0=00000000 rs2=8=80000608 a=00000000 b=80000608 alu=80000608 ra=80000e24 count=00000000
# TRACE t=17635000 pc=80000e54 ifid_pc=00000000 idex_pc=00000000 ifid_i=00000000 idex_v=0 exmem_v=1 mwb_v=1 stall=0 flush=0 br=0 j=00 rs1=0=00000000 rs2=0=00000000 a=00000000 b=00000000 alu=00000000 ra=80000e24 count=00000000
# TRACE t=17645000 pc=80000e58 ifid_pc=80000e54 idex_pc=00000000 ifid_i=000ff297 idex_v=0 exmem_v=0 mwb_v=1 stall=0 flush=0 br=0 j=00 rs1=0=00000000 rs2=0=00000000 a=00000000 b=00000000 alu=00000000 ra=80000e24 count=00000000
# TRACE t=17655000 pc=80000e5c ifid_pc=80000e58 idex_pc=80000e54 ifid_i=1ac28293 idex_v=1 exmem_v=0 mwb_v=0 stall=0 flush=0 br=0 j=00 rs1=31=00000000 rs2=0=00000000 a=80000e54 b=000ff000 alu=800ffe54 ra=80000e24 count=00000000
# TRACE t=17665000 pc=80000e60 ifid_pc=80000e5c idex_pc=80000e58 ifid_i=0002a303 idex_v=1 exmem_v=1 mwb_v=0 stall=0 flush=0 br=0 j=00 rs1=5=800ffe54 rs2=12=00000000 a=800ffe54 b=000001ac alu=80100000 ra=80000e24 count=00000000
# TRACE t=17675000 pc=80000e64 ifid_pc=80000e60 idex_pc=80000e5c ifid_i=00130313 idex_v=1 exmem_v=1 mwb_v=1 stall=1 flush=0 br=0 j=00 rs1=5=80100000 rs2=0=00000000 a=80100000 b=00000000 alu=80100000 ra=80000e24 count=00000000
# TRACE t=17685000 pc=80000e64 ifid_pc=80000e60 idex_pc=00000000 ifid_i=00130313 idex_v=0 exmem_v=1 mwb_v=1 stall=0 flush=0 br=0 j=00 rs1=0=00000000 rs2=0=00000000 a=00000000 b=00000000 alu=00000000 ra=80000e24 count=00000000
# TRACE t=17695000 pc=80000e68 ifid_pc=80000e64 idex_pc=80000e60 ifid_i=0062a023 idex_v=1 exmem_v=0 mwb_v=1 stall=0 flush=0 br=0 j=00 rs1=6=00000000 rs2=1=80000e24 a=00000000 b=00000001 alu=00000001 ra=80000e24 count=00000000
# TRACE t=17705000 pc=80000e6c ifid_pc=80000e68 idex_pc=80000e64 ifid_i=00040093 idex_v=1 exmem_v=1 mwb_v=0 stall=0 flush=0 br=0 j=00 rs1=5=80100000 rs2=6=00000001 a=80100000 b=00000000 alu=80100000 ra=80000e24 count=00000000
# TRACE t=17715000 pc=80000e70 ifid_pc=80000e6c idex_pc=80000e68 ifid_i=00008067 idex_v=1 exmem_v=1 mwb_v=1 stall=0 flush=0 br=0 j=00 rs1=8=80000608 rs2=0=00000000 a=80000608 b=00000000 alu=80000608 ra=80000e24 count=00000000
# COUNT t=17715000 data=00000001
# TRACE t=17725000 pc=80000e74 ifid_pc=80000e70 idex_pc=80000e6c ifid_i=000ff297 idex_v=1 exmem_v=1 mwb_v=1 stall=0 flush=1 br=0 j=10 rs1=1=80000608 rs2=0=00000000 a=80000608 b=00000000 alu=80000608 ra=80000e24 count=00000000
# TRACE t=17765000 pc=80000e1c ifid_pc=00000000 idex_pc=00000000 ifid_i=00000000 idex_v=0 exmem_v=1 mwb_v=0 stall=0 flush=0 br=0 j=00 rs1=0=00000000 rs2=0=00000000 a=00000000 b=00000000 alu=00000000 ra=80000608 count=00000000
# TRACE t=17775000 pc=80000e20 ifid_pc=80000e1c idex_pc=00000000 ifid_i=00008413 idex_v=0 exmem_v=0 mwb_v=1 stall=0 flush=0 br=0 j=00 rs1=0=00000000 rs2=0=00000000 a=00000000 b=00000000 alu=00000000 ra=80000608 count=00000000
# TRACE t=17785000 pc=80000e24 ifid_pc=80000e20 idex_pc=80000e1c ifid_i=010000ef idex_v=1 exmem_v=0 mwb_v=0 stall=0 flush=0 br=0 j=00 rs1=1=80000608 rs2=0=00000000 a=80000608 b=00000000 alu=80000608 ra=8000060c count=00000000
# TRACE t=17795000 pc=80000e28 ifid_pc=80000e24 idex_pc=80000e20 ifid_i=00000297 idex_v=1 exmem_v=1 mwb_v=0 stall=0 flush=1 br=0 j=01 rs1=0=00000000 rs2=16=00000000 a=00000000 b=00000000 alu=00000000 ra=8000060c count=00000000
# TRACE t=17805000 pc=80000e30 ifid_pc=00000000 idex_pc=00000000 ifid_i=00000000 idex_v=0 exmem_v=1 mwb_v=1 stall=0 flush=0 br=0 j=00 rs1=0=00000000 rs2=0=00000000 a=00000000 b=00000000 alu=00000000 ra=8000060c count=00000000
# TRACE t=17815000 pc=80000e34 ifid_pc=80000e30 idex_pc=00000000 ifid_i=00400313 idex_v=0 exmem_v=0 mwb_v=1 stall=0 flush=0 br=0 j=00 rs1=0=00000000 rs2=0=00000000 a=00000000 b=00000000 alu=00000000 ra=8000060c count=00000000
# TRACE t=17825000 pc=80000e38 ifid_pc=80000e34 idex_pc=80000e30 ifid_i=00008067 idex_v=1 exmem_v=0 mwb_v=0 stall=0 flush=0 br=0 j=00 rs1=0=00000000 rs2=4=00000000 a=00000000 b=00000004 alu=00000004 ra=80000e24 count=00000000
# TRACE t=17835000 pc=80000e3c ifid_pc=80000e38 idex_pc=80000e34 ifid_i=000ff297 idex_v=1 exmem_v=1 mwb_v=0 stall=0 flush=1 br=0 j=10 rs1=1=80000e24 rs2=0=00000000 a=80000e24 b=00000000 alu=80000e24 ra=80000e24 count=00000000
# TRACE t=17845000 pc=80000e24 ifid_pc=00000000 idex_pc=00000000 ifid_i=00000000 idex_v=0 exmem_v=1 mwb_v=1 stall=0 flush=0 br=0 j=00 rs1=0=00000000 rs2=0=00000000 a=00000000 b=00000000 alu=00000000 ra=80000e24 count=00000000
# TRACE t=17855000 pc=80000e28 ifid_pc=80000e24 idex_pc=00000000 ifid_i=00000297 idex_v=0 exmem_v=0 mwb_v=1 stall=0 flush=0 br=0 j=00 rs1=0=00000000 rs2=0=00000000 a=00000000 b=00000000 alu=00000000 ra=80000e24 count=00000000
# TRACE t=17865000 pc=80000e2c ifid_pc=80000e28 idex_pc=80000e24 ifid_i=00509863 idex_v=1 exmem_v=0 mwb_v=0 stall=0 flush=0 br=0 j=00 rs1=0=00000000 rs2=0=00000000 a=80000e24 b=00000000 alu=80000e24 ra=80000e24 count=00000000
# TRACE t=17875000 pc=80000e30 ifid_pc=80000e2c idex_pc=80000e28 ifid_i=0280006f idex_v=1 exmem_v=1 mwb_v=0 stall=0 flush=0 br=1 j=00 rs1=1=80000e24 rs2=5=80000e24 a=80000e24 b=80000e24 alu=00000000 ra=80000e24 count=00000000
# TRACE t=17885000 pc=80000e34 ifid_pc=80000e30 idex_pc=80000e2c ifid_i=00400313 idex_v=1 exmem_v=1 mwb_v=1 stall=0 flush=1 br=0 j=01 rs1=0=00000000 rs2=8=80000608 a=00000000 b=80000608 alu=80000608 ra=80000e24 count=00000000
# TRACE t=17895000 pc=80000e54 ifid_pc=00000000 idex_pc=00000000 ifid_i=00000000 idex_v=0 exmem_v=1 mwb_v=1 stall=0 flush=0 br=0 j=00 rs1=0=00000000 rs2=0=00000000 a=00000000 b=00000000 alu=00000000 ra=80000e24 count=00000000
# TRACE t=17905000 pc=80000e58 ifid_pc=80000e54 idex_pc=00000000 ifid_i=000ff297 idex_v=0 exmem_v=0 mwb_v=1 stall=0 flush=0 br=0 j=00 rs1=0=00000000 rs2=0=00000000 a=00000000 b=00000000 alu=00000000 ra=80000e24 count=00000000
# TRACE t=17915000 pc=80000e5c ifid_pc=80000e58 idex_pc=80000e54 ifid_i=1ac28293 idex_v=1 exmem_v=0 mwb_v=0 stall=0 flush=0 br=0 j=00 rs1=31=00000000 rs2=0=00000000 a=80000e54 b=000ff000 alu=800ffe54 ra=80000e24 count=00000000
# TRACE t=17925000 pc=80000e60 ifid_pc=80000e5c idex_pc=80000e58 ifid_i=0002a303 idex_v=1 exmem_v=1 mwb_v=0 stall=0 flush=0 br=0 j=00 rs1=5=800ffe54 rs2=12=00000000 a=800ffe54 b=000001ac alu=80100000 ra=80000e24 count=00000000
# TRACE t=17935000 pc=80000e64 ifid_pc=80000e60 idex_pc=80000e5c ifid_i=00130313 idex_v=1 exmem_v=1 mwb_v=1 stall=1 flush=0 br=0 j=00 rs1=5=80100000 rs2=0=00000000 a=80100000 b=00000000 alu=80100000 ra=80000e24 count=00000000
# TRACE t=17945000 pc=80000e64 ifid_pc=80000e60 idex_pc=00000000 ifid_i=00130313 idex_v=0 exmem_v=1 mwb_v=1 stall=0 flush=0 br=0 j=00 rs1=0=00000000 rs2=0=00000000 a=00000000 b=00000000 alu=00000000 ra=80000e24 count=00000000
# TRACE t=17955000 pc=80000e68 ifid_pc=80000e64 idex_pc=80000e60 ifid_i=0062a023 idex_v=1 exmem_v=0 mwb_v=1 stall=0 flush=0 br=0 j=00 rs1=6=00000000 rs2=1=80000e24 a=00000000 b=00000001 alu=00000001 ra=80000e24 count=00000000
# TRACE t=17965000 pc=80000e6c ifid_pc=80000e68 idex_pc=80000e64 ifid_i=00040093 idex_v=1 exmem_v=1 mwb_v=0 stall=0 flush=0 br=0 j=00 rs1=5=80100000 rs2=6=00000001 a=80100000 b=00000000 alu=80100000 ra=80000e24 count=00000000
# TRACE t=17975000 pc=80000e70 ifid_pc=80000e6c idex_pc=80000e68 ifid_i=00008067 idex_v=1 exmem_v=1 mwb_v=1 stall=0 flush=0 br=0 j=00 rs1=8=80000608 rs2=0=00000000 a=80000608 b=00000000 alu=80000608 ra=80000e24 count=00000000
# COUNT t=17975000 data=00000001
# TRACE t=17985000 pc=80000e74 ifid_pc=80000e70 idex_pc=80000e6c ifid_i=000ff297 idex_v=1 exmem_v=1 mwb_v=1 stall=0 flush=1 br=0 j=10 rs1=1=80000608 rs2=0=00000000 a=80000608 b=00000000 alu=80000608 ra=80000e24 count=00000000
# TRACE t=18025000 pc=80000e1c ifid_pc=00000000 idex_pc=00000000 ifid_i=00000000 idex_v=0 exmem_v=1 mwb_v=0 stall=0 flush=0 br=0 j=00 rs1=0=00000000 rs2=0=00000000 a=00000000 b=00000000 alu=00000000 ra=80000608 count=00000000
# TRACE t=18035000 pc=80000e20 ifid_pc=80000e1c idex_pc=00000000 ifid_i=00008413 idex_v=0 exmem_v=0 mwb_v=1 stall=0 flush=0 br=0 j=00 rs1=0=00000000 rs2=0=00000000 a=00000000 b=00000000 alu=00000000 ra=80000608 count=00000000
# TRACE t=18045000 pc=80000e24 ifid_pc=80000e20 idex_pc=80000e1c ifid_i=010000ef idex_v=1 exmem_v=0 mwb_v=0 stall=0 flush=0 br=0 j=00 rs1=1=80000608 rs2=0=00000000 a=80000608 b=00000000 alu=80000608 ra=8000060c count=00000000
# TRACE t=18055000 pc=80000e28 ifid_pc=80000e24 idex_pc=80000e20 ifid_i=00000297 idex_v=1 exmem_v=1 mwb_v=0 stall=0 flush=1 br=0 j=01 rs1=0=00000000 rs2=16=00000000 a=00000000 b=00000000 alu=00000000 ra=8000060c count=00000000
# TRACE t=18065000 pc=80000e30 ifid_pc=00000000 idex_pc=00000000 ifid_i=00000000 idex_v=0 exmem_v=1 mwb_v=1 stall=0 flush=0 br=0 j=00 rs1=0=00000000 rs2=0=00000000 a=00000000 b=00000000 alu=00000000 ra=8000060c count=00000000
# TRACE t=18075000 pc=80000e34 ifid_pc=80000e30 idex_pc=00000000 ifid_i=00400313 idex_v=0 exmem_v=0 mwb_v=1 stall=0 flush=0 br=0 j=00 rs1=0=00000000 rs2=0=00000000 a=00000000 b=00000000 alu=00000000 ra=8000060c count=00000000
# TRACE t=18085000 pc=80000e38 ifid_pc=80000e34 idex_pc=80000e30 ifid_i=00008067 idex_v=1 exmem_v=0 mwb_v=0 stall=0 flush=0 br=0 j=00 rs1=0=00000000 rs2=4=00000000 a=00000000 b=00000004 alu=00000004 ra=80000e24 count=00000000
# TRACE t=18095000 pc=80000e3c ifid_pc=80000e38 idex_pc=80000e34 ifid_i=000ff297 idex_v=1 exmem_v=1 mwb_v=0 stall=0 flush=1 br=0 j=10 rs1=1=80000e24 rs2=0=00000000 a=80000e24 b=00000000 alu=80000e24 ra=80000e24 count=00000000
# TRACE t=18105000 pc=80000e24 ifid_pc=00000000 idex_pc=00000000 ifid_i=00000000 idex_v=0 exmem_v=1 mwb_v=1 stall=0 flush=0 br=0 j=00 rs1=0=00000000 rs2=0=00000000 a=00000000 b=00000000 alu=00000000 ra=80000e24 count=00000000
# TRACE t=18115000 pc=80000e28 ifid_pc=80000e24 idex_pc=00000000 ifid_i=00000297 idex_v=0 exmem_v=0 mwb_v=1 stall=0 flush=0 br=0 j=00 rs1=0=00000000 rs2=0=00000000 a=00000000 b=00000000 alu=00000000 ra=80000e24 count=00000000
# TRACE t=18125000 pc=80000e2c ifid_pc=80000e28 idex_pc=80000e24 ifid_i=00509863 idex_v=1 exmem_v=0 mwb_v=0 stall=0 flush=0 br=0 j=00 rs1=0=00000000 rs2=0=00000000 a=80000e24 b=00000000 alu=80000e24 ra=80000e24 count=00000000
# TRACE t=18135000 pc=80000e30 ifid_pc=80000e2c idex_pc=80000e28 ifid_i=0280006f idex_v=1 exmem_v=1 mwb_v=0 stall=0 flush=0 br=1 j=00 rs1=1=80000e24 rs2=5=80000e24 a=80000e24 b=80000e24 alu=00000000 ra=80000e24 count=00000000
# TRACE t=18145000 pc=80000e34 ifid_pc=80000e30 idex_pc=80000e2c ifid_i=00400313 idex_v=1 exmem_v=1 mwb_v=1 stall=0 flush=1 br=0 j=01 rs1=0=00000000 rs2=8=80000608 a=00000000 b=80000608 alu=80000608 ra=80000e24 count=00000000
# TRACE t=18155000 pc=80000e54 ifid_pc=00000000 idex_pc=00000000 ifid_i=00000000 idex_v=0 exmem_v=1 mwb_v=1 stall=0 flush=0 br=0 j=00 rs1=0=00000000 rs2=0=00000000 a=00000000 b=00000000 alu=00000000 ra=80000e24 count=00000000
# TRACE t=18165000 pc=80000e58 ifid_pc=80000e54 idex_pc=00000000 ifid_i=000ff297 idex_v=0 exmem_v=0 mwb_v=1 stall=0 flush=0 br=0 j=00 rs1=0=00000000 rs2=0=00000000 a=00000000 b=00000000 alu=00000000 ra=80000e24 count=00000000
# TRACE t=18175000 pc=80000e5c ifid_pc=80000e58 idex_pc=80000e54 ifid_i=1ac28293 idex_v=1 exmem_v=0 mwb_v=0 stall=0 flush=0 br=0 j=00 rs1=31=00000000 rs2=0=00000000 a=80000e54 b=000ff000 alu=800ffe54 ra=80000e24 count=00000000
# TRACE t=18185000 pc=80000e60 ifid_pc=80000e5c idex_pc=80000e58 ifid_i=0002a303 idex_v=1 exmem_v=1 mwb_v=0 stall=0 flush=0 br=0 j=00 rs1=5=800ffe54 rs2=12=00000000 a=800ffe54 b=000001ac alu=80100000 ra=80000e24 count=00000000
# TRACE t=18195000 pc=80000e64 ifid_pc=80000e60 idex_pc=80000e5c ifid_i=00130313 idex_v=1 exmem_v=1 mwb_v=1 stall=1 flush=0 br=0 j=00 rs1=5=80100000 rs2=0=00000000 a=80100000 b=00000000 alu=80100000 ra=80000e24 count=00000000
# TRACE t=18205000 pc=80000e64 ifid_pc=80000e60 idex_pc=00000000 ifid_i=00130313 idex_v=0 exmem_v=1 mwb_v=1 stall=0 flush=0 br=0 j=00 rs1=0=00000000 rs2=0=00000000 a=00000000 b=00000000 alu=00000000 ra=80000e24 count=00000000
# TRACE t=18215000 pc=80000e68 ifid_pc=80000e64 idex_pc=80000e60 ifid_i=0062a023 idex_v=1 exmem_v=0 mwb_v=1 stall=0 flush=0 br=0 j=00 rs1=6=00000000 rs2=1=80000e24 a=00000000 b=00000001 alu=00000001 ra=80000e24 count=00000000
# TRACE t=18225000 pc=80000e6c ifid_pc=80000e68 idex_pc=80000e64 ifid_i=00040093 idex_v=1 exmem_v=1 mwb_v=0 stall=0 flush=0 br=0 j=00 rs1=5=80100000 rs2=6=00000001 a=80100000 b=00000000 alu=80100000 ra=80000e24 count=00000000
# TRACE t=18235000 pc=80000e70 ifid_pc=80000e6c idex_pc=80000e68 ifid_i=00008067 idex_v=1 exmem_v=1 mwb_v=1 stall=0 flush=0 br=0 j=00 rs1=8=80000608 rs2=0=00000000 a=80000608 b=00000000 alu=80000608 ra=80000e24 count=00000000
# COUNT t=18235000 data=00000001
# TRACE t=18245000 pc=80000e74 ifid_pc=80000e70 idex_pc=80000e6c ifid_i=000ff297 idex_v=1 exmem_v=1 mwb_v=1 stall=0 flush=1 br=0 j=10 rs1=1=80000608 rs2=0=00000000 a=80000608 b=00000000 alu=80000608 ra=80000e24 count=00000000
# TRACE t=18285000 pc=80000e1c ifid_pc=00000000 idex_pc=00000000 ifid_i=00000000 idex_v=0 exmem_v=1 mwb_v=0 stall=0 flush=0 br=0 j=00 rs1=0=00000000 rs2=0=00000000 a=00000000 b=00000000 alu=00000000 ra=80000608 count=00000000
# TRACE t=18295000 pc=80000e20 ifid_pc=80000e1c idex_pc=00000000 ifid_i=00008413 idex_v=0 exmem_v=0 mwb_v=1 stall=0 flush=0 br=0 j=00 rs1=0=00000000 rs2=0=00000000 a=00000000 b=00000000 alu=00000000 ra=80000608 count=00000000
# TRACE t=18305000 pc=80000e24 ifid_pc=80000e20 idex_pc=80000e1c ifid_i=010000ef idex_v=1 exmem_v=0 mwb_v=0 stall=0 flush=0 br=0 j=00 rs1=1=80000608 rs2=0=00000000 a=80000608 b=00000000 alu=80000608 ra=8000060c count=00000000
# TRACE t=18315000 pc=80000e28 ifid_pc=80000e24 idex_pc=80000e20 ifid_i=00000297 idex_v=1 exmem_v=1 mwb_v=0 stall=0 flush=1 br=0 j=01 rs1=0=00000000 rs2=16=00000000 a=00000000 b=00000000 alu=00000000 ra=8000060c count=00000000
# TRACE t=18325000 pc=80000e30 ifid_pc=00000000 idex_pc=00000000 ifid_i=00000000 idex_v=0 exmem_v=1 mwb_v=1 stall=0 flush=0 br=0 j=00 rs1=0=00000000 rs2=0=00000000 a=00000000 b=00000000 alu=00000000 ra=8000060c count=00000000
# TRACE t=18335000 pc=80000e34 ifid_pc=80000e30 idex_pc=00000000 ifid_i=00400313 idex_v=0 exmem_v=0 mwb_v=1 stall=0 flush=0 br=0 j=00 rs1=0=00000000 rs2=0=00000000 a=00000000 b=00000000 alu=00000000 ra=8000060c count=00000000
# TRACE t=18345000 pc=80000e38 ifid_pc=80000e34 idex_pc=80000e30 ifid_i=00008067 idex_v=1 exmem_v=0 mwb_v=0 stall=0 flush=0 br=0 j=00 rs1=0=00000000 rs2=4=00000000 a=00000000 b=00000004 alu=00000004 ra=80000e24 count=00000000
# TRACE t=18355000 pc=80000e3c ifid_pc=80000e38 idex_pc=80000e34 ifid_i=000ff297 idex_v=1 exmem_v=1 mwb_v=0 stall=0 flush=1 br=0 j=10 rs1=1=80000e24 rs2=0=00000000 a=80000e24 b=00000000 alu=80000e24 ra=80000e24 count=00000000
# TRACE t=18365000 pc=80000e24 ifid_pc=00000000 idex_pc=00000000 ifid_i=00000000 idex_v=0 exmem_v=1 mwb_v=1 stall=0 flush=0 br=0 j=00 rs1=0=00000000 rs2=0=00000000 a=00000000 b=00000000 alu=00000000 ra=80000e24 count=00000000
# TRACE t=18375000 pc=80000e28 ifid_pc=80000e24 idex_pc=00000000 ifid_i=00000297 idex_v=0 exmem_v=0 mwb_v=1 stall=0 flush=0 br=0 j=00 rs1=0=00000000 rs2=0=00000000 a=00000000 b=00000000 alu=00000000 ra=80000e24 count=00000000
# TRACE t=18385000 pc=80000e2c ifid_pc=80000e28 idex_pc=80000e24 ifid_i=00509863 idex_v=1 exmem_v=0 mwb_v=0 stall=0 flush=0 br=0 j=00 rs1=0=00000000 rs2=0=00000000 a=80000e24 b=00000000 alu=80000e24 ra=80000e24 count=00000000
# TRACE t=18395000 pc=80000e30 ifid_pc=80000e2c idex_pc=80000e28 ifid_i=0280006f idex_v=1 exmem_v=1 mwb_v=0 stall=0 flush=0 br=1 j=00 rs1=1=80000e24 rs2=5=80000e24 a=80000e24 b=80000e24 alu=00000000 ra=80000e24 count=00000000
# TRACE t=18405000 pc=80000e34 ifid_pc=80000e30 idex_pc=80000e2c ifid_i=00400313 idex_v=1 exmem_v=1 mwb_v=1 stall=0 flush=1 br=0 j=01 rs1=0=00000000 rs2=8=80000608 a=00000000 b=80000608 alu=80000608 ra=80000e24 count=00000000
# TRACE t=18415000 pc=80000e54 ifid_pc=00000000 idex_pc=00000000 ifid_i=00000000 idex_v=0 exmem_v=1 mwb_v=1 stall=0 flush=0 br=0 j=00 rs1=0=00000000 rs2=0=00000000 a=00000000 b=00000000 alu=00000000 ra=80000e24 count=00000000
# TRACE t=18425000 pc=80000e58 ifid_pc=80000e54 idex_pc=00000000 ifid_i=000ff297 idex_v=0 exmem_v=0 mwb_v=1 stall=0 flush=0 br=0 j=00 rs1=0=00000000 rs2=0=00000000 a=00000000 b=00000000 alu=00000000 ra=80000e24 count=00000000
# TRACE t=18435000 pc=80000e5c ifid_pc=80000e58 idex_pc=80000e54 ifid_i=1ac28293 idex_v=1 exmem_v=0 mwb_v=0 stall=0 flush=0 br=0 j=00 rs1=31=00000000 rs2=0=00000000 a=80000e54 b=000ff000 alu=800ffe54 ra=80000e24 count=00000000
# TRACE t=18445000 pc=80000e60 ifid_pc=80000e5c idex_pc=80000e58 ifid_i=0002a303 idex_v=1 exmem_v=1 mwb_v=0 stall=0 flush=0 br=0 j=00 rs1=5=800ffe54 rs2=12=00000000 a=800ffe54 b=000001ac alu=80100000 ra=80000e24 count=00000000
# TRACE t=18455000 pc=80000e64 ifid_pc=80000e60 idex_pc=80000e5c ifid_i=00130313 idex_v=1 exmem_v=1 mwb_v=1 stall=1 flush=0 br=0 j=00 rs1=5=80100000 rs2=0=00000000 a=80100000 b=00000000 alu=80100000 ra=80000e24 count=00000000
# TRACE t=18465000 pc=80000e64 ifid_pc=80000e60 idex_pc=00000000 ifid_i=00130313 idex_v=0 exmem_v=1 mwb_v=1 stall=0 flush=0 br=0 j=00 rs1=0=00000000 rs2=0=00000000 a=00000000 b=00000000 alu=00000000 ra=80000e24 count=00000000
# TRACE t=18475000 pc=80000e68 ifid_pc=80000e64 idex_pc=80000e60 ifid_i=0062a023 idex_v=1 exmem_v=0 mwb_v=1 stall=0 flush=0 br=0 j=00 rs1=6=00000000 rs2=1=80000e24 a=00000000 b=00000001 alu=00000001 ra=80000e24 count=00000000
# TRACE t=18485000 pc=80000e6c ifid_pc=80000e68 idex_pc=80000e64 ifid_i=00040093 idex_v=1 exmem_v=1 mwb_v=0 stall=0 flush=0 br=0 j=00 rs1=5=80100000 rs2=6=00000001 a=80100000 b=00000000 alu=80100000 ra=80000e24 count=00000000
# TRACE t=18495000 pc=80000e70 ifid_pc=80000e6c idex_pc=80000e68 ifid_i=00008067 idex_v=1 exmem_v=1 mwb_v=1 stall=0 flush=0 br=0 j=00 rs1=8=80000608 rs2=0=00000000 a=80000608 b=00000000 alu=80000608 ra=80000e24 count=00000000
# COUNT t=18495000 data=00000001
# TRACE t=18505000 pc=80000e74 ifid_pc=80000e70 idex_pc=80000e6c ifid_i=000ff297 idex_v=1 exmem_v=1 mwb_v=1 stall=0 flush=1 br=0 j=10 rs1=1=80000608 rs2=0=00000000 a=80000608 b=00000000 alu=80000608 ra=80000e24 count=00000000
# TRACE t=18545000 pc=80000e1c ifid_pc=00000000 idex_pc=00000000 ifid_i=00000000 idex_v=0 exmem_v=1 mwb_v=0 stall=0 flush=0 br=0 j=00 rs1=0=00000000 rs2=0=00000000 a=00000000 b=00000000 alu=00000000 ra=80000608 count=00000000
# TRACE t=18555000 pc=80000e20 ifid_pc=80000e1c idex_pc=00000000 ifid_i=00008413 idex_v=0 exmem_v=0 mwb_v=1 stall=0 flush=0 br=0 j=00 rs1=0=00000000 rs2=0=00000000 a=00000000 b=00000000 alu=00000000 ra=80000608 count=00000000
# TRACE t=18565000 pc=80000e24 ifid_pc=80000e20 idex_pc=80000e1c ifid_i=010000ef idex_v=1 exmem_v=0 mwb_v=0 stall=0 flush=0 br=0 j=00 rs1=1=80000608 rs2=0=00000000 a=80000608 b=00000000 alu=80000608 ra=8000060c count=00000000
# TRACE t=18575000 pc=80000e28 ifid_pc=80000e24 idex_pc=80000e20 ifid_i=00000297 idex_v=1 exmem_v=1 mwb_v=0 stall=0 flush=1 br=0 j=01 rs1=0=00000000 rs2=16=00000000 a=00000000 b=00000000 alu=00000000 ra=8000060c count=00000000
# TRACE t=18585000 pc=80000e30 ifid_pc=00000000 idex_pc=00000000 ifid_i=00000000 idex_v=0 exmem_v=1 mwb_v=1 stall=0 flush=0 br=0 j=00 rs1=0=00000000 rs2=0=00000000 a=00000000 b=00000000 alu=00000000 ra=8000060c count=00000000
# TRACE t=18595000 pc=80000e34 ifid_pc=80000e30 idex_pc=00000000 ifid_i=00400313 idex_v=0 exmem_v=0 mwb_v=1 stall=0 flush=0 br=0 j=00 rs1=0=00000000 rs2=0=00000000 a=00000000 b=00000000 alu=00000000 ra=8000060c count=00000000
# TRACE t=18605000 pc=80000e38 ifid_pc=80000e34 idex_pc=80000e30 ifid_i=00008067 idex_v=1 exmem_v=0 mwb_v=0 stall=0 flush=0 br=0 j=00 rs1=0=00000000 rs2=4=00000000 a=00000000 b=00000004 alu=00000004 ra=80000e24 count=00000000
# TRACE t=18615000 pc=80000e3c ifid_pc=80000e38 idex_pc=80000e34 ifid_i=000ff297 idex_v=1 exmem_v=1 mwb_v=0 stall=0 flush=1 br=0 j=10 rs1=1=80000e24 rs2=0=00000000 a=80000e24 b=00000000 alu=80000e24 ra=80000e24 count=00000000
# TRACE t=18625000 pc=80000e24 ifid_pc=00000000 idex_pc=00000000 ifid_i=00000000 idex_v=0 exmem_v=1 mwb_v=1 stall=0 flush=0 br=0 j=00 rs1=0=00000000 rs2=0=00000000 a=00000000 b=00000000 alu=00000000 ra=80000e24 count=00000000
# TRACE t=18635000 pc=80000e28 ifid_pc=80000e24 idex_pc=00000000 ifid_i=00000297 idex_v=0 exmem_v=0 mwb_v=1 stall=0 flush=0 br=0 j=00 rs1=0=00000000 rs2=0=00000000 a=00000000 b=00000000 alu=00000000 ra=80000e24 count=00000000
# TRACE t=18645000 pc=80000e2c ifid_pc=80000e28 idex_pc=80000e24 ifid_i=00509863 idex_v=1 exmem_v=0 mwb_v=0 stall=0 flush=0 br=0 j=00 rs1=0=00000000 rs2=0=00000000 a=80000e24 b=00000000 alu=80000e24 ra=80000e24 count=00000000
# TRACE t=18655000 pc=80000e30 ifid_pc=80000e2c idex_pc=80000e28 ifid_i=0280006f idex_v=1 exmem_v=1 mwb_v=0 stall=0 flush=0 br=1 j=00 rs1=1=80000e24 rs2=5=80000e24 a=80000e24 b=80000e24 alu=00000000 ra=80000e24 count=00000000
# TRACE t=18665000 pc=80000e34 ifid_pc=80000e30 idex_pc=80000e2c ifid_i=00400313 idex_v=1 exmem_v=1 mwb_v=1 stall=0 flush=1 br=0 j=01 rs1=0=00000000 rs2=8=80000608 a=00000000 b=80000608 alu=80000608 ra=80000e24 count=00000000
# TRACE t=18675000 pc=80000e54 ifid_pc=00000000 idex_pc=00000000 ifid_i=00000000 idex_v=0 exmem_v=1 mwb_v=1 stall=0 flush=0 br=0 j=00 rs1=0=00000000 rs2=0=00000000 a=00000000 b=00000000 alu=00000000 ra=80000e24 count=00000000
# TRACE t=18685000 pc=80000e58 ifid_pc=80000e54 idex_pc=00000000 ifid_i=000ff297 idex_v=0 exmem_v=0 mwb_v=1 stall=0 flush=0 br=0 j=00 rs1=0=00000000 rs2=0=00000000 a=00000000 b=00000000 alu=00000000 ra=80000e24 count=00000000
# TRACE t=18695000 pc=80000e5c ifid_pc=80000e58 idex_pc=80000e54 ifid_i=1ac28293 idex_v=1 exmem_v=0 mwb_v=0 stall=0 flush=0 br=0 j=00 rs1=31=00000000 rs2=0=00000000 a=80000e54 b=000ff000 alu=800ffe54 ra=80000e24 count=00000000
# TRACE t=18705000 pc=80000e60 ifid_pc=80000e5c idex_pc=80000e58 ifid_i=0002a303 idex_v=1 exmem_v=1 mwb_v=0 stall=0 flush=0 br=0 j=00 rs1=5=800ffe54 rs2=12=00000000 a=800ffe54 b=000001ac alu=80100000 ra=80000e24 count=00000000
# TRACE t=18715000 pc=80000e64 ifid_pc=80000e60 idex_pc=80000e5c ifid_i=00130313 idex_v=1 exmem_v=1 mwb_v=1 stall=1 flush=0 br=0 j=00 rs1=5=80100000 rs2=0=00000000 a=80100000 b=00000000 alu=80100000 ra=80000e24 count=00000000
# TRACE t=18725000 pc=80000e64 ifid_pc=80000e60 idex_pc=00000000 ifid_i=00130313 idex_v=0 exmem_v=1 mwb_v=1 stall=0 flush=0 br=0 j=00 rs1=0=00000000 rs2=0=00000000 a=00000000 b=00000000 alu=00000000 ra=80000e24 count=00000000
# TRACE t=18735000 pc=80000e68 ifid_pc=80000e64 idex_pc=80000e60 ifid_i=0062a023 idex_v=1 exmem_v=0 mwb_v=1 stall=0 flush=0 br=0 j=00 rs1=6=00000000 rs2=1=80000e24 a=00000000 b=00000001 alu=00000001 ra=80000e24 count=00000000
# TRACE t=18745000 pc=80000e6c ifid_pc=80000e68 idex_pc=80000e64 ifid_i=00040093 idex_v=1 exmem_v=1 mwb_v=0 stall=0 flush=0 br=0 j=00 rs1=5=80100000 rs2=6=00000001 a=80100000 b=00000000 alu=80100000 ra=80000e24 count=00000000
# TRACE t=18755000 pc=80000e70 ifid_pc=80000e6c idex_pc=80000e68 ifid_i=00008067 idex_v=1 exmem_v=1 mwb_v=1 stall=0 flush=0 br=0 j=00 rs1=8=80000608 rs2=0=00000000 a=80000608 b=00000000 alu=80000608 ra=80000e24 count=00000000
# COUNT t=18755000 data=00000001
# TRACE t=18765000 pc=80000e74 ifid_pc=80000e70 idex_pc=80000e6c ifid_i=000ff297 idex_v=1 exmem_v=1 mwb_v=1 stall=0 flush=1 br=0 j=10 rs1=1=80000608 rs2=0=00000000 a=80000608 b=00000000 alu=80000608 ra=80000e24 count=00000000
# TRACE t=18805000 pc=80000e1c ifid_pc=00000000 idex_pc=00000000 ifid_i=00000000 idex_v=0 exmem_v=1 mwb_v=0 stall=0 flush=0 br=0 j=00 rs1=0=00000000 rs2=0=00000000 a=00000000 b=00000000 alu=00000000 ra=80000608 count=00000000
# TRACE t=18815000 pc=80000e20 ifid_pc=80000e1c idex_pc=00000000 ifid_i=00008413 idex_v=0 exmem_v=0 mwb_v=1 stall=0 flush=0 br=0 j=00 rs1=0=00000000 rs2=0=00000000 a=00000000 b=00000000 alu=00000000 ra=80000608 count=00000000
# TRACE t=18825000 pc=80000e24 ifid_pc=80000e20 idex_pc=80000e1c ifid_i=010000ef idex_v=1 exmem_v=0 mwb_v=0 stall=0 flush=0 br=0 j=00 rs1=1=80000608 rs2=0=00000000 a=80000608 b=00000000 alu=80000608 ra=8000060c count=00000000
# TRACE t=18835000 pc=80000e28 ifid_pc=80000e24 idex_pc=80000e20 ifid_i=00000297 idex_v=1 exmem_v=1 mwb_v=0 stall=0 flush=1 br=0 j=01 rs1=0=00000000 rs2=16=00000000 a=00000000 b=00000000 alu=00000000 ra=8000060c count=00000000
# TRACE t=18845000 pc=80000e30 ifid_pc=00000000 idex_pc=00000000 ifid_i=00000000 idex_v=0 exmem_v=1 mwb_v=1 stall=0 flush=0 br=0 j=00 rs1=0=00000000 rs2=0=00000000 a=00000000 b=00000000 alu=00000000 ra=8000060c count=00000000
# TRACE t=18855000 pc=80000e34 ifid_pc=80000e30 idex_pc=00000000 ifid_i=00400313 idex_v=0 exmem_v=0 mwb_v=1 stall=0 flush=0 br=0 j=00 rs1=0=00000000 rs2=0=00000000 a=00000000 b=00000000 alu=00000000 ra=8000060c count=00000000
# TRACE t=18865000 pc=80000e38 ifid_pc=80000e34 idex_pc=80000e30 ifid_i=00008067 idex_v=1 exmem_v=0 mwb_v=0 stall=0 flush=0 br=0 j=00 rs1=0=00000000 rs2=4=00000000 a=00000000 b=00000004 alu=00000004 ra=80000e24 count=00000000
# TRACE t=18875000 pc=80000e3c ifid_pc=80000e38 idex_pc=80000e34 ifid_i=000ff297 idex_v=1 exmem_v=1 mwb_v=0 stall=0 flush=1 br=0 j=10 rs1=1=80000e24 rs2=0=00000000 a=80000e24 b=00000000 alu=80000e24 ra=80000e24 count=00000000
# TRACE t=18885000 pc=80000e24 ifid_pc=00000000 idex_pc=00000000 ifid_i=00000000 idex_v=0 exmem_v=1 mwb_v=1 stall=0 flush=0 br=0 j=00 rs1=0=00000000 rs2=0=00000000 a=00000000 b=00000000 alu=00000000 ra=80000e24 count=00000000
# TRACE t=18895000 pc=80000e28 ifid_pc=80000e24 idex_pc=00000000 ifid_i=00000297 idex_v=0 exmem_v=0 mwb_v=1 stall=0 flush=0 br=0 j=00 rs1=0=00000000 rs2=0=00000000 a=00000000 b=00000000 alu=00000000 ra=80000e24 count=00000000
# TRACE t=18905000 pc=80000e2c ifid_pc=80000e28 idex_pc=80000e24 ifid_i=00509863 idex_v=1 exmem_v=0 mwb_v=0 stall=0 flush=0 br=0 j=00 rs1=0=00000000 rs2=0=00000000 a=80000e24 b=00000000 alu=80000e24 ra=80000e24 count=00000000
# TRACE t=18915000 pc=80000e30 ifid_pc=80000e2c idex_pc=80000e28 ifid_i=0280006f idex_v=1 exmem_v=1 mwb_v=0 stall=0 flush=0 br=1 j=00 rs1=1=80000e24 rs2=5=80000e24 a=80000e24 b=80000e24 alu=00000000 ra=80000e24 count=00000000
# TRACE t=18925000 pc=80000e34 ifid_pc=80000e30 idex_pc=80000e2c ifid_i=00400313 idex_v=1 exmem_v=1 mwb_v=1 stall=0 flush=1 br=0 j=01 rs1=0=00000000 rs2=8=80000608 a=00000000 b=80000608 alu=80000608 ra=80000e24 count=00000000
# TRACE t=18935000 pc=80000e54 ifid_pc=00000000 idex_pc=00000000 ifid_i=00000000 idex_v=0 exmem_v=1 mwb_v=1 stall=0 flush=0 br=0 j=00 rs1=0=00000000 rs2=0=00000000 a=00000000 b=00000000 alu=00000000 ra=80000e24 count=00000000
# TRACE t=18945000 pc=80000e58 ifid_pc=80000e54 idex_pc=00000000 ifid_i=000ff297 idex_v=0 exmem_v=0 mwb_v=1 stall=0 flush=0 br=0 j=00 rs1=0=00000000 rs2=0=00000000 a=00000000 b=00000000 alu=00000000 ra=80000e24 count=00000000
# TRACE t=18955000 pc=80000e5c ifid_pc=80000e58 idex_pc=80000e54 ifid_i=1ac28293 idex_v=1 exmem_v=0 mwb_v=0 stall=0 flush=0 br=0 j=00 rs1=31=00000000 rs2=0=00000000 a=80000e54 b=000ff000 alu=800ffe54 ra=80000e24 count=00000000
# TRACE t=18965000 pc=80000e60 ifid_pc=80000e5c idex_pc=80000e58 ifid_i=0002a303 idex_v=1 exmem_v=1 mwb_v=0 stall=0 flush=0 br=0 j=00 rs1=5=800ffe54 rs2=12=00000000 a=800ffe54 b=000001ac alu=80100000 ra=80000e24 count=00000000
# TRACE t=18975000 pc=80000e64 ifid_pc=80000e60 idex_pc=80000e5c ifid_i=00130313 idex_v=1 exmem_v=1 mwb_v=1 stall=1 flush=0 br=0 j=00 rs1=5=80100000 rs2=0=00000000 a=80100000 b=00000000 alu=80100000 ra=80000e24 count=00000000
# TRACE t=18985000 pc=80000e64 ifid_pc=80000e60 idex_pc=00000000 ifid_i=00130313 idex_v=0 exmem_v=1 mwb_v=1 stall=0 flush=0 br=0 j=00 rs1=0=00000000 rs2=0=00000000 a=00000000 b=00000000 alu=00000000 ra=80000e24 count=00000000
# TRACE t=18995000 pc=80000e68 ifid_pc=80000e64 idex_pc=80000e60 ifid_i=0062a023 idex_v=1 exmem_v=0 mwb_v=1 stall=0 flush=0 br=0 j=00 rs1=6=00000000 rs2=1=80000e24 a=00000000 b=00000001 alu=00000001 ra=80000e24 count=00000000
# TRACE t=19005000 pc=80000e6c ifid_pc=80000e68 idex_pc=80000e64 ifid_i=00040093 idex_v=1 exmem_v=1 mwb_v=0 stall=0 flush=0 br=0 j=00 rs1=5=80100000 rs2=6=00000001 a=80100000 b=00000000 alu=80100000 ra=80000e24 count=00000000
# TRACE t=19015000 pc=80000e70 ifid_pc=80000e6c idex_pc=80000e68 ifid_i=00008067 idex_v=1 exmem_v=1 mwb_v=1 stall=0 flush=0 br=0 j=00 rs1=8=80000608 rs2=0=00000000 a=80000608 b=00000000 alu=80000608 ra=80000e24 count=00000000
# COUNT t=19015000 data=00000001
# TRACE t=19025000 pc=80000e74 ifid_pc=80000e70 idex_pc=80000e6c ifid_i=000ff297 idex_v=1 exmem_v=1 mwb_v=1 stall=0 flush=1 br=0 j=10 rs1=1=80000608 rs2=0=00000000 a=80000608 b=00000000 alu=80000608 ra=80000e24 count=00000000
# TRACE t=19065000 pc=80000e1c ifid_pc=00000000 idex_pc=00000000 ifid_i=00000000 idex_v=0 exmem_v=1 mwb_v=0 stall=0 flush=0 br=0 j=00 rs1=0=00000000 rs2=0=00000000 a=00000000 b=00000000 alu=00000000 ra=80000608 count=00000000
# TRACE t=19075000 pc=80000e20 ifid_pc=80000e1c idex_pc=00000000 ifid_i=00008413 idex_v=0 exmem_v=0 mwb_v=1 stall=0 flush=0 br=0 j=00 rs1=0=00000000 rs2=0=00000000 a=00000000 b=00000000 alu=00000000 ra=80000608 count=00000000
# TRACE t=19085000 pc=80000e24 ifid_pc=80000e20 idex_pc=80000e1c ifid_i=010000ef idex_v=1 exmem_v=0 mwb_v=0 stall=0 flush=0 br=0 j=00 rs1=1=80000608 rs2=0=00000000 a=80000608 b=00000000 alu=80000608 ra=8000060c count=00000000
# TRACE t=19095000 pc=80000e28 ifid_pc=80000e24 idex_pc=80000e20 ifid_i=00000297 idex_v=1 exmem_v=1 mwb_v=0 stall=0 flush=1 br=0 j=01 rs1=0=00000000 rs2=16=00000000 a=00000000 b=00000000 alu=00000000 ra=8000060c count=00000000
# TRACE t=19105000 pc=80000e30 ifid_pc=00000000 idex_pc=00000000 ifid_i=00000000 idex_v=0 exmem_v=1 mwb_v=1 stall=0 flush=0 br=0 j=00 rs1=0=00000000 rs2=0=00000000 a=00000000 b=00000000 alu=00000000 ra=8000060c count=00000000
# TRACE t=19115000 pc=80000e34 ifid_pc=80000e30 idex_pc=00000000 ifid_i=00400313 idex_v=0 exmem_v=0 mwb_v=1 stall=0 flush=0 br=0 j=00 rs1=0=00000000 rs2=0=00000000 a=00000000 b=00000000 alu=00000000 ra=8000060c count=00000000
# TRACE t=19125000 pc=80000e38 ifid_pc=80000e34 idex_pc=80000e30 ifid_i=00008067 idex_v=1 exmem_v=0 mwb_v=0 stall=0 flush=0 br=0 j=00 rs1=0=00000000 rs2=4=00000000 a=00000000 b=00000004 alu=00000004 ra=80000e24 count=00000000
# TRACE t=19135000 pc=80000e3c ifid_pc=80000e38 idex_pc=80000e34 ifid_i=000ff297 idex_v=1 exmem_v=1 mwb_v=0 stall=0 flush=1 br=0 j=10 rs1=1=80000e24 rs2=0=00000000 a=80000e24 b=00000000 alu=80000e24 ra=80000e24 count=00000000
# TRACE t=19145000 pc=80000e24 ifid_pc=00000000 idex_pc=00000000 ifid_i=00000000 idex_v=0 exmem_v=1 mwb_v=1 stall=0 flush=0 br=0 j=00 rs1=0=00000000 rs2=0=00000000 a=00000000 b=00000000 alu=00000000 ra=80000e24 count=00000000
# TRACE t=19155000 pc=80000e28 ifid_pc=80000e24 idex_pc=00000000 ifid_i=00000297 idex_v=0 exmem_v=0 mwb_v=1 stall=0 flush=0 br=0 j=00 rs1=0=00000000 rs2=0=00000000 a=00000000 b=00000000 alu=00000000 ra=80000e24 count=00000000
# TRACE t=19165000 pc=80000e2c ifid_pc=80000e28 idex_pc=80000e24 ifid_i=00509863 idex_v=1 exmem_v=0 mwb_v=0 stall=0 flush=0 br=0 j=00 rs1=0=00000000 rs2=0=00000000 a=80000e24 b=00000000 alu=80000e24 ra=80000e24 count=00000000
# TRACE t=19175000 pc=80000e30 ifid_pc=80000e2c idex_pc=80000e28 ifid_i=0280006f idex_v=1 exmem_v=1 mwb_v=0 stall=0 flush=0 br=1 j=00 rs1=1=80000e24 rs2=5=80000e24 a=80000e24 b=80000e24 alu=00000000 ra=80000e24 count=00000000
# TRACE t=19185000 pc=80000e34 ifid_pc=80000e30 idex_pc=80000e2c ifid_i=00400313 idex_v=1 exmem_v=1 mwb_v=1 stall=0 flush=1 br=0 j=01 rs1=0=00000000 rs2=8=80000608 a=00000000 b=80000608 alu=80000608 ra=80000e24 count=00000000
# TRACE t=19195000 pc=80000e54 ifid_pc=00000000 idex_pc=00000000 ifid_i=00000000 idex_v=0 exmem_v=1 mwb_v=1 stall=0 flush=0 br=0 j=00 rs1=0=00000000 rs2=0=00000000 a=00000000 b=00000000 alu=00000000 ra=80000e24 count=00000000
# TRACE t=19205000 pc=80000e58 ifid_pc=80000e54 idex_pc=00000000 ifid_i=000ff297 idex_v=0 exmem_v=0 mwb_v=1 stall=0 flush=0 br=0 j=00 rs1=0=00000000 rs2=0=00000000 a=00000000 b=00000000 alu=00000000 ra=80000e24 count=00000000
# TRACE t=19215000 pc=80000e5c ifid_pc=80000e58 idex_pc=80000e54 ifid_i=1ac28293 idex_v=1 exmem_v=0 mwb_v=0 stall=0 flush=0 br=0 j=00 rs1=31=00000000 rs2=0=00000000 a=80000e54 b=000ff000 alu=800ffe54 ra=80000e24 count=00000000
# TRACE t=19225000 pc=80000e60 ifid_pc=80000e5c idex_pc=80000e58 ifid_i=0002a303 idex_v=1 exmem_v=1 mwb_v=0 stall=0 flush=0 br=0 j=00 rs1=5=800ffe54 rs2=12=00000000 a=800ffe54 b=000001ac alu=80100000 ra=80000e24 count=00000000
# TRACE t=19235000 pc=80000e64 ifid_pc=80000e60 idex_pc=80000e5c ifid_i=00130313 idex_v=1 exmem_v=1 mwb_v=1 stall=1 flush=0 br=0 j=00 rs1=5=80100000 rs2=0=00000000 a=80100000 b=00000000 alu=80100000 ra=80000e24 count=00000000
# TRACE t=19245000 pc=80000e64 ifid_pc=80000e60 idex_pc=00000000 ifid_i=00130313 idex_v=0 exmem_v=1 mwb_v=1 stall=0 flush=0 br=0 j=00 rs1=0=00000000 rs2=0=00000000 a=00000000 b=00000000 alu=00000000 ra=80000e24 count=00000000
# TRACE t=19255000 pc=80000e68 ifid_pc=80000e64 idex_pc=80000e60 ifid_i=0062a023 idex_v=1 exmem_v=0 mwb_v=1 stall=0 flush=0 br=0 j=00 rs1=6=00000000 rs2=1=80000e24 a=00000000 b=00000001 alu=00000001 ra=80000e24 count=00000000
# TRACE t=19265000 pc=80000e6c ifid_pc=80000e68 idex_pc=80000e64 ifid_i=00040093 idex_v=1 exmem_v=1 mwb_v=0 stall=0 flush=0 br=0 j=00 rs1=5=80100000 rs2=6=00000001 a=80100000 b=00000000 alu=80100000 ra=80000e24 count=00000000
# TRACE t=19275000 pc=80000e70 ifid_pc=80000e6c idex_pc=80000e68 ifid_i=00008067 idex_v=1 exmem_v=1 mwb_v=1 stall=0 flush=0 br=0 j=00 rs1=8=80000608 rs2=0=00000000 a=80000608 b=00000000 alu=80000608 ra=80000e24 count=00000000
# COUNT t=19275000 data=00000001
# TRACE t=19285000 pc=80000e74 ifid_pc=80000e70 idex_pc=80000e6c ifid_i=000ff297 idex_v=1 exmem_v=1 mwb_v=1 stall=0 flush=1 br=0 j=10 rs1=1=80000608 rs2=0=00000000 a=80000608 b=00000000 alu=80000608 ra=80000e24 count=00000000
# TRACE t=19325000 pc=80000e1c ifid_pc=00000000 idex_pc=00000000 ifid_i=00000000 idex_v=0 exmem_v=1 mwb_v=0 stall=0 flush=0 br=0 j=00 rs1=0=00000000 rs2=0=00000000 a=00000000 b=00000000 alu=00000000 ra=80000608 count=00000000
# TRACE t=19335000 pc=80000e20 ifid_pc=80000e1c idex_pc=00000000 ifid_i=00008413 idex_v=0 exmem_v=0 mwb_v=1 stall=0 flush=0 br=0 j=00 rs1=0=00000000 rs2=0=00000000 a=00000000 b=00000000 alu=00000000 ra=80000608 count=00000000
# TRACE t=19345000 pc=80000e24 ifid_pc=80000e20 idex_pc=80000e1c ifid_i=010000ef idex_v=1 exmem_v=0 mwb_v=0 stall=0 flush=0 br=0 j=00 rs1=1=80000608 rs2=0=00000000 a=80000608 b=00000000 alu=80000608 ra=8000060c count=00000000
# TRACE t=19355000 pc=80000e28 ifid_pc=80000e24 idex_pc=80000e20 ifid_i=00000297 idex_v=1 exmem_v=1 mwb_v=0 stall=0 flush=1 br=0 j=01 rs1=0=00000000 rs2=16=00000000 a=00000000 b=00000000 alu=00000000 ra=8000060c count=00000000
# TRACE t=19365000 pc=80000e30 ifid_pc=00000000 idex_pc=00000000 ifid_i=00000000 idex_v=0 exmem_v=1 mwb_v=1 stall=0 flush=0 br=0 j=00 rs1=0=00000000 rs2=0=00000000 a=00000000 b=00000000 alu=00000000 ra=8000060c count=00000000
# TRACE t=19375000 pc=80000e34 ifid_pc=80000e30 idex_pc=00000000 ifid_i=00400313 idex_v=0 exmem_v=0 mwb_v=1 stall=0 flush=0 br=0 j=00 rs1=0=00000000 rs2=0=00000000 a=00000000 b=00000000 alu=00000000 ra=8000060c count=00000000
# TRACE t=19385000 pc=80000e38 ifid_pc=80000e34 idex_pc=80000e30 ifid_i=00008067 idex_v=1 exmem_v=0 mwb_v=0 stall=0 flush=0 br=0 j=00 rs1=0=00000000 rs2=4=00000000 a=00000000 b=00000004 alu=00000004 ra=80000e24 count=00000000
# TRACE t=19395000 pc=80000e3c ifid_pc=80000e38 idex_pc=80000e34 ifid_i=000ff297 idex_v=1 exmem_v=1 mwb_v=0 stall=0 flush=1 br=0 j=10 rs1=1=80000e24 rs2=0=00000000 a=80000e24 b=00000000 alu=80000e24 ra=80000e24 count=00000000
# TRACE t=19405000 pc=80000e24 ifid_pc=00000000 idex_pc=00000000 ifid_i=00000000 idex_v=0 exmem_v=1 mwb_v=1 stall=0 flush=0 br=0 j=00 rs1=0=00000000 rs2=0=00000000 a=00000000 b=00000000 alu=00000000 ra=80000e24 count=00000000
# TRACE t=19415000 pc=80000e28 ifid_pc=80000e24 idex_pc=00000000 ifid_i=00000297 idex_v=0 exmem_v=0 mwb_v=1 stall=0 flush=0 br=0 j=00 rs1=0=00000000 rs2=0=00000000 a=00000000 b=00000000 alu=00000000 ra=80000e24 count=00000000
# TRACE t=19425000 pc=80000e2c ifid_pc=80000e28 idex_pc=80000e24 ifid_i=00509863 idex_v=1 exmem_v=0 mwb_v=0 stall=0 flush=0 br=0 j=00 rs1=0=00000000 rs2=0=00000000 a=80000e24 b=00000000 alu=80000e24 ra=80000e24 count=00000000
# TRACE t=19435000 pc=80000e30 ifid_pc=80000e2c idex_pc=80000e28 ifid_i=0280006f idex_v=1 exmem_v=1 mwb_v=0 stall=0 flush=0 br=1 j=00 rs1=1=80000e24 rs2=5=80000e24 a=80000e24 b=80000e24 alu=00000000 ra=80000e24 count=00000000
# TRACE t=19445000 pc=80000e34 ifid_pc=80000e30 idex_pc=80000e2c ifid_i=00400313 idex_v=1 exmem_v=1 mwb_v=1 stall=0 flush=1 br=0 j=01 rs1=0=00000000 rs2=8=80000608 a=00000000 b=80000608 alu=80000608 ra=80000e24 count=00000000
# TRACE t=19455000 pc=80000e54 ifid_pc=00000000 idex_pc=00000000 ifid_i=00000000 idex_v=0 exmem_v=1 mwb_v=1 stall=0 flush=0 br=0 j=00 rs1=0=00000000 rs2=0=00000000 a=00000000 b=00000000 alu=00000000 ra=80000e24 count=00000000
# TRACE t=19465000 pc=80000e58 ifid_pc=80000e54 idex_pc=00000000 ifid_i=000ff297 idex_v=0 exmem_v=0 mwb_v=1 stall=0 flush=0 br=0 j=00 rs1=0=00000000 rs2=0=00000000 a=00000000 b=00000000 alu=00000000 ra=80000e24 count=00000000
# TRACE t=19475000 pc=80000e5c ifid_pc=80000e58 idex_pc=80000e54 ifid_i=1ac28293 idex_v=1 exmem_v=0 mwb_v=0 stall=0 flush=0 br=0 j=00 rs1=31=00000000 rs2=0=00000000 a=80000e54 b=000ff000 alu=800ffe54 ra=80000e24 count=00000000
# TRACE t=19485000 pc=80000e60 ifid_pc=80000e5c idex_pc=80000e58 ifid_i=0002a303 idex_v=1 exmem_v=1 mwb_v=0 stall=0 flush=0 br=0 j=00 rs1=5=800ffe54 rs2=12=00000000 a=800ffe54 b=000001ac alu=80100000 ra=80000e24 count=00000000
# TRACE t=19495000 pc=80000e64 ifid_pc=80000e60 idex_pc=80000e5c ifid_i=00130313 idex_v=1 exmem_v=1 mwb_v=1 stall=1 flush=0 br=0 j=00 rs1=5=80100000 rs2=0=00000000 a=80100000 b=00000000 alu=80100000 ra=80000e24 count=00000000
# TRACE t=19505000 pc=80000e64 ifid_pc=80000e60 idex_pc=00000000 ifid_i=00130313 idex_v=0 exmem_v=1 mwb_v=1 stall=0 flush=0 br=0 j=00 rs1=0=00000000 rs2=0=00000000 a=00000000 b=00000000 alu=00000000 ra=80000e24 count=00000000
# TRACE t=19515000 pc=80000e68 ifid_pc=80000e64 idex_pc=80000e60 ifid_i=0062a023 idex_v=1 exmem_v=0 mwb_v=1 stall=0 flush=0 br=0 j=00 rs1=6=00000000 rs2=1=80000e24 a=00000000 b=00000001 alu=00000001 ra=80000e24 count=00000000
# TRACE t=19525000 pc=80000e6c ifid_pc=80000e68 idex_pc=80000e64 ifid_i=00040093 idex_v=1 exmem_v=1 mwb_v=0 stall=0 flush=0 br=0 j=00 rs1=5=80100000 rs2=6=00000001 a=80100000 b=00000000 alu=80100000 ra=80000e24 count=00000000
# TRACE t=19535000 pc=80000e70 ifid_pc=80000e6c idex_pc=80000e68 ifid_i=00008067 idex_v=1 exmem_v=1 mwb_v=1 stall=0 flush=0 br=0 j=00 rs1=8=80000608 rs2=0=00000000 a=80000608 b=00000000 alu=80000608 ra=80000e24 count=00000000
# COUNT t=19535000 data=00000001
# TRACE t=19545000 pc=80000e74 ifid_pc=80000e70 idex_pc=80000e6c ifid_i=000ff297 idex_v=1 exmem_v=1 mwb_v=1 stall=0 flush=1 br=0 j=10 rs1=1=80000608 rs2=0=00000000 a=80000608 b=00000000 alu=80000608 ra=80000e24 count=00000000
# TRACE t=19585000 pc=80000e1c ifid_pc=00000000 idex_pc=00000000 ifid_i=00000000 idex_v=0 exmem_v=1 mwb_v=0 stall=0 flush=0 br=0 j=00 rs1=0=00000000 rs2=0=00000000 a=00000000 b=00000000 alu=00000000 ra=80000608 count=00000000
# TRACE t=19595000 pc=80000e20 ifid_pc=80000e1c idex_pc=00000000 ifid_i=00008413 idex_v=0 exmem_v=0 mwb_v=1 stall=0 flush=0 br=0 j=00 rs1=0=00000000 rs2=0=00000000 a=00000000 b=00000000 alu=00000000 ra=80000608 count=00000000
# TRACE t=19605000 pc=80000e24 ifid_pc=80000e20 idex_pc=80000e1c ifid_i=010000ef idex_v=1 exmem_v=0 mwb_v=0 stall=0 flush=0 br=0 j=00 rs1=1=80000608 rs2=0=00000000 a=80000608 b=00000000 alu=80000608 ra=8000060c count=00000000
# TRACE t=19615000 pc=80000e28 ifid_pc=80000e24 idex_pc=80000e20 ifid_i=00000297 idex_v=1 exmem_v=1 mwb_v=0 stall=0 flush=1 br=0 j=01 rs1=0=00000000 rs2=16=00000000 a=00000000 b=00000000 alu=00000000 ra=8000060c count=00000000
# TRACE t=19625000 pc=80000e30 ifid_pc=00000000 idex_pc=00000000 ifid_i=00000000 idex_v=0 exmem_v=1 mwb_v=1 stall=0 flush=0 br=0 j=00 rs1=0=00000000 rs2=0=00000000 a=00000000 b=00000000 alu=00000000 ra=8000060c count=00000000
# TRACE t=19635000 pc=80000e34 ifid_pc=80000e30 idex_pc=00000000 ifid_i=00400313 idex_v=0 exmem_v=0 mwb_v=1 stall=0 flush=0 br=0 j=00 rs1=0=00000000 rs2=0=00000000 a=00000000 b=00000000 alu=00000000 ra=8000060c count=00000000
# TRACE t=19645000 pc=80000e38 ifid_pc=80000e34 idex_pc=80000e30 ifid_i=00008067 idex_v=1 exmem_v=0 mwb_v=0 stall=0 flush=0 br=0 j=00 rs1=0=00000000 rs2=4=00000000 a=00000000 b=00000004 alu=00000004 ra=80000e24 count=00000000
# TRACE t=19655000 pc=80000e3c ifid_pc=80000e38 idex_pc=80000e34 ifid_i=000ff297 idex_v=1 exmem_v=1 mwb_v=0 stall=0 flush=1 br=0 j=10 rs1=1=80000e24 rs2=0=00000000 a=80000e24 b=00000000 alu=80000e24 ra=80000e24 count=00000000
# TRACE t=19665000 pc=80000e24 ifid_pc=00000000 idex_pc=00000000 ifid_i=00000000 idex_v=0 exmem_v=1 mwb_v=1 stall=0 flush=0 br=0 j=00 rs1=0=00000000 rs2=0=00000000 a=00000000 b=00000000 alu=00000000 ra=80000e24 count=00000000
# TRACE t=19675000 pc=80000e28 ifid_pc=80000e24 idex_pc=00000000 ifid_i=00000297 idex_v=0 exmem_v=0 mwb_v=1 stall=0 flush=0 br=0 j=00 rs1=0=00000000 rs2=0=00000000 a=00000000 b=00000000 alu=00000000 ra=80000e24 count=00000000
# TRACE t=19685000 pc=80000e2c ifid_pc=80000e28 idex_pc=80000e24 ifid_i=00509863 idex_v=1 exmem_v=0 mwb_v=0 stall=0 flush=0 br=0 j=00 rs1=0=00000000 rs2=0=00000000 a=80000e24 b=00000000 alu=80000e24 ra=80000e24 count=00000000
# TRACE t=19695000 pc=80000e30 ifid_pc=80000e2c idex_pc=80000e28 ifid_i=0280006f idex_v=1 exmem_v=1 mwb_v=0 stall=0 flush=0 br=1 j=00 rs1=1=80000e24 rs2=5=80000e24 a=80000e24 b=80000e24 alu=00000000 ra=80000e24 count=00000000
# TRACE t=19705000 pc=80000e34 ifid_pc=80000e30 idex_pc=80000e2c ifid_i=00400313 idex_v=1 exmem_v=1 mwb_v=1 stall=0 flush=1 br=0 j=01 rs1=0=00000000 rs2=8=80000608 a=00000000 b=80000608 alu=80000608 ra=80000e24 count=00000000
# TRACE t=19715000 pc=80000e54 ifid_pc=00000000 idex_pc=00000000 ifid_i=00000000 idex_v=0 exmem_v=1 mwb_v=1 stall=0 flush=0 br=0 j=00 rs1=0=00000000 rs2=0=00000000 a=00000000 b=00000000 alu=00000000 ra=80000e24 count=00000000
# TRACE t=19725000 pc=80000e58 ifid_pc=80000e54 idex_pc=00000000 ifid_i=000ff297 idex_v=0 exmem_v=0 mwb_v=1 stall=0 flush=0 br=0 j=00 rs1=0=00000000 rs2=0=00000000 a=00000000 b=00000000 alu=00000000 ra=80000e24 count=00000000
# TRACE t=19735000 pc=80000e5c ifid_pc=80000e58 idex_pc=80000e54 ifid_i=1ac28293 idex_v=1 exmem_v=0 mwb_v=0 stall=0 flush=0 br=0 j=00 rs1=31=00000000 rs2=0=00000000 a=80000e54 b=000ff000 alu=800ffe54 ra=80000e24 count=00000000
# TRACE t=19745000 pc=80000e60 ifid_pc=80000e5c idex_pc=80000e58 ifid_i=0002a303 idex_v=1 exmem_v=1 mwb_v=0 stall=0 flush=0 br=0 j=00 rs1=5=800ffe54 rs2=12=00000000 a=800ffe54 b=000001ac alu=80100000 ra=80000e24 count=00000000
# TRACE t=19755000 pc=80000e64 ifid_pc=80000e60 idex_pc=80000e5c ifid_i=00130313 idex_v=1 exmem_v=1 mwb_v=1 stall=1 flush=0 br=0 j=00 rs1=5=80100000 rs2=0=00000000 a=80100000 b=00000000 alu=80100000 ra=80000e24 count=00000000
# TRACE t=19765000 pc=80000e64 ifid_pc=80000e60 idex_pc=00000000 ifid_i=00130313 idex_v=0 exmem_v=1 mwb_v=1 stall=0 flush=0 br=0 j=00 rs1=0=00000000 rs2=0=00000000 a=00000000 b=00000000 alu=00000000 ra=80000e24 count=00000000
# TRACE t=19775000 pc=80000e68 ifid_pc=80000e64 idex_pc=80000e60 ifid_i=0062a023 idex_v=1 exmem_v=0 mwb_v=1 stall=0 flush=0 br=0 j=00 rs1=6=00000000 rs2=1=80000e24 a=00000000 b=00000001 alu=00000001 ra=80000e24 count=00000000
# TRACE t=19785000 pc=80000e6c ifid_pc=80000e68 idex_pc=80000e64 ifid_i=00040093 idex_v=1 exmem_v=1 mwb_v=0 stall=0 flush=0 br=0 j=00 rs1=5=80100000 rs2=6=00000001 a=80100000 b=00000000 alu=80100000 ra=80000e24 count=00000000
# TRACE t=19795000 pc=80000e70 ifid_pc=80000e6c idex_pc=80000e68 ifid_i=00008067 idex_v=1 exmem_v=1 mwb_v=1 stall=0 flush=0 br=0 j=00 rs1=8=80000608 rs2=0=00000000 a=80000608 b=00000000 alu=80000608 ra=80000e24 count=00000000
# COUNT t=19795000 data=00000001
# TRACE t=19805000 pc=80000e74 ifid_pc=80000e70 idex_pc=80000e6c ifid_i=000ff297 idex_v=1 exmem_v=1 mwb_v=1 stall=0 flush=1 br=0 j=10 rs1=1=80000608 rs2=0=00000000 a=80000608 b=00000000 alu=80000608 ra=80000e24 count=00000000
# TRACE t=19845000 pc=80000e1c ifid_pc=00000000 idex_pc=00000000 ifid_i=00000000 idex_v=0 exmem_v=1 mwb_v=0 stall=0 flush=0 br=0 j=00 rs1=0=00000000 rs2=0=00000000 a=00000000 b=00000000 alu=00000000 ra=80000608 count=00000000
# TRACE t=19855000 pc=80000e20 ifid_pc=80000e1c idex_pc=00000000 ifid_i=00008413 idex_v=0 exmem_v=0 mwb_v=1 stall=0 flush=0 br=0 j=00 rs1=0=00000000 rs2=0=00000000 a=00000000 b=00000000 alu=00000000 ra=80000608 count=00000000
# TRACE t=19865000 pc=80000e24 ifid_pc=80000e20 idex_pc=80000e1c ifid_i=010000ef idex_v=1 exmem_v=0 mwb_v=0 stall=0 flush=0 br=0 j=00 rs1=1=80000608 rs2=0=00000000 a=80000608 b=00000000 alu=80000608 ra=8000060c count=00000000
# TRACE t=19875000 pc=80000e28 ifid_pc=80000e24 idex_pc=80000e20 ifid_i=00000297 idex_v=1 exmem_v=1 mwb_v=0 stall=0 flush=1 br=0 j=01 rs1=0=00000000 rs2=16=00000000 a=00000000 b=00000000 alu=00000000 ra=8000060c count=00000000
# TRACE t=19885000 pc=80000e30 ifid_pc=00000000 idex_pc=00000000 ifid_i=00000000 idex_v=0 exmem_v=1 mwb_v=1 stall=0 flush=0 br=0 j=00 rs1=0=00000000 rs2=0=00000000 a=00000000 b=00000000 alu=00000000 ra=8000060c count=00000000
# TRACE t=19895000 pc=80000e34 ifid_pc=80000e30 idex_pc=00000000 ifid_i=00400313 idex_v=0 exmem_v=0 mwb_v=1 stall=0 flush=0 br=0 j=00 rs1=0=00000000 rs2=0=00000000 a=00000000 b=00000000 alu=00000000 ra=8000060c count=00000000
# TRACE t=19905000 pc=80000e38 ifid_pc=80000e34 idex_pc=80000e30 ifid_i=00008067 idex_v=1 exmem_v=0 mwb_v=0 stall=0 flush=0 br=0 j=00 rs1=0=00000000 rs2=4=00000000 a=00000000 b=00000004 alu=00000004 ra=80000e24 count=00000000
# TRACE t=19915000 pc=80000e3c ifid_pc=80000e38 idex_pc=80000e34 ifid_i=000ff297 idex_v=1 exmem_v=1 mwb_v=0 stall=0 flush=1 br=0 j=10 rs1=1=80000e24 rs2=0=00000000 a=80000e24 b=00000000 alu=80000e24 ra=80000e24 count=00000000
# TRACE t=19925000 pc=80000e24 ifid_pc=00000000 idex_pc=00000000 ifid_i=00000000 idex_v=0 exmem_v=1 mwb_v=1 stall=0 flush=0 br=0 j=00 rs1=0=00000000 rs2=0=00000000 a=00000000 b=00000000 alu=00000000 ra=80000e24 count=00000000
# TRACE t=19935000 pc=80000e28 ifid_pc=80000e24 idex_pc=00000000 ifid_i=00000297 idex_v=0 exmem_v=0 mwb_v=1 stall=0 flush=0 br=0 j=00 rs1=0=00000000 rs2=0=00000000 a=00000000 b=00000000 alu=00000000 ra=80000e24 count=00000000
# TRACE t=19945000 pc=80000e2c ifid_pc=80000e28 idex_pc=80000e24 ifid_i=00509863 idex_v=1 exmem_v=0 mwb_v=0 stall=0 flush=0 br=0 j=00 rs1=0=00000000 rs2=0=00000000 a=80000e24 b=00000000 alu=80000e24 ra=80000e24 count=00000000
# TRACE t=19955000 pc=80000e30 ifid_pc=80000e2c idex_pc=80000e28 ifid_i=0280006f idex_v=1 exmem_v=1 mwb_v=0 stall=0 flush=0 br=1 j=00 rs1=1=80000e24 rs2=5=80000e24 a=80000e24 b=80000e24 alu=00000000 ra=80000e24 count=00000000
# TRACE t=19965000 pc=80000e34 ifid_pc=80000e30 idex_pc=80000e2c ifid_i=00400313 idex_v=1 exmem_v=1 mwb_v=1 stall=0 flush=1 br=0 j=01 rs1=0=00000000 rs2=8=80000608 a=00000000 b=80000608 alu=80000608 ra=80000e24 count=00000000
# TRACE t=19975000 pc=80000e54 ifid_pc=00000000 idex_pc=00000000 ifid_i=00000000 idex_v=0 exmem_v=1 mwb_v=1 stall=0 flush=0 br=0 j=00 rs1=0=00000000 rs2=0=00000000 a=00000000 b=00000000 alu=00000000 ra=80000e24 count=00000000
# TRACE t=19985000 pc=80000e58 ifid_pc=80000e54 idex_pc=00000000 ifid_i=000ff297 idex_v=0 exmem_v=0 mwb_v=1 stall=0 flush=0 br=0 j=00 rs1=0=00000000 rs2=0=00000000 a=00000000 b=00000000 alu=00000000 ra=80000e24 count=00000000
# TRACE t=19995000 pc=80000e5c ifid_pc=80000e58 idex_pc=80000e54 ifid_i=1ac28293 idex_v=1 exmem_v=0 mwb_v=0 stall=0 flush=0 br=0 j=00 rs1=31=00000000 rs2=0=00000000 a=80000e54 b=000ff000 alu=800ffe54 ra=80000e24 count=00000000
# TRACE t=20005000 pc=80000e60 ifid_pc=80000e5c idex_pc=80000e58 ifid_i=0002a303 idex_v=1 exmem_v=1 mwb_v=0 stall=0 flush=0 br=0 j=00 rs1=5=800ffe54 rs2=12=00000000 a=800ffe54 b=000001ac alu=80100000 ra=80000e24 count=00000000
# TRACE t=20015000 pc=80000e64 ifid_pc=80000e60 idex_pc=80000e5c ifid_i=00130313 idex_v=1 exmem_v=1 mwb_v=1 stall=1 flush=0 br=0 j=00 rs1=5=80100000 rs2=0=00000000 a=80100000 b=00000000 alu=80100000 ra=80000e24 count=00000000
# TRACE t=20025000 pc=80000e64 ifid_pc=80000e60 idex_pc=00000000 ifid_i=00130313 idex_v=0 exmem_v=1 mwb_v=1 stall=0 flush=0 br=0 j=00 rs1=0=00000000 rs2=0=00000000 a=00000000 b=00000000 alu=00000000 ra=80000e24 count=00000000
# TRACE t=20035000 pc=80000e68 ifid_pc=80000e64 idex_pc=80000e60 ifid_i=0062a023 idex_v=1 exmem_v=0 mwb_v=1 stall=0 flush=0 br=0 j=00 rs1=6=00000000 rs2=1=80000e24 a=00000000 b=00000001 alu=00000001 ra=80000e24 count=00000000
# TRACE t=20045000 pc=80000e6c ifid_pc=80000e68 idex_pc=80000e64 ifid_i=00040093 idex_v=1 exmem_v=1 mwb_v=0 stall=0 flush=0 br=0 j=00 rs1=5=80100000 rs2=6=00000001 a=80100000 b=00000000 alu=80100000 ra=80000e24 count=00000000
# TRACE t=20055000 pc=80000e70 ifid_pc=80000e6c idex_pc=80000e68 ifid_i=00008067 idex_v=1 exmem_v=1 mwb_v=1 stall=0 flush=0 br=0 j=00 rs1=8=80000608 rs2=0=00000000 a=80000608 b=00000000 alu=80000608 ra=80000e24 count=00000000
# COUNT t=20055000 data=00000001
# TRACE t=20065000 pc=80000e74 ifid_pc=80000e70 idex_pc=80000e6c ifid_i=000ff297 idex_v=1 exmem_v=1 mwb_v=1 stall=0 flush=1 br=0 j=10 rs1=1=80000608 rs2=0=00000000 a=80000608 b=00000000 alu=80000608 ra=80000e24 count=00000000
# TRACE t=20105000 pc=80000e1c ifid_pc=00000000 idex_pc=00000000 ifid_i=00000000 idex_v=0 exmem_v=1 mwb_v=0 stall=0 flush=0 br=0 j=00 rs1=0=00000000 rs2=0=00000000 a=00000000 b=00000000 alu=00000000 ra=80000608 count=00000000
# TRACE t=20115000 pc=80000e20 ifid_pc=80000e1c idex_pc=00000000 ifid_i=00008413 idex_v=0 exmem_v=0 mwb_v=1 stall=0 flush=0 br=0 j=00 rs1=0=00000000 rs2=0=00000000 a=00000000 b=00000000 alu=00000000 ra=80000608 count=00000000
# TRACE t=20125000 pc=80000e24 ifid_pc=80000e20 idex_pc=80000e1c ifid_i=010000ef idex_v=1 exmem_v=0 mwb_v=0 stall=0 flush=0 br=0 j=00 rs1=1=80000608 rs2=0=00000000 a=80000608 b=00000000 alu=80000608 ra=8000060c count=00000000
# TRACE t=20135000 pc=80000e28 ifid_pc=80000e24 idex_pc=80000e20 ifid_i=00000297 idex_v=1 exmem_v=1 mwb_v=0 stall=0 flush=1 br=0 j=01 rs1=0=00000000 rs2=16=00000000 a=00000000 b=00000000 alu=00000000 ra=8000060c count=00000000
# TRACE t=20145000 pc=80000e30 ifid_pc=00000000 idex_pc=00000000 ifid_i=00000000 idex_v=0 exmem_v=1 mwb_v=1 stall=0 flush=0 br=0 j=00 rs1=0=00000000 rs2=0=00000000 a=00000000 b=00000000 alu=00000000 ra=8000060c count=00000000
# TRACE t=20155000 pc=80000e34 ifid_pc=80000e30 idex_pc=00000000 ifid_i=00400313 idex_v=0 exmem_v=0 mwb_v=1 stall=0 flush=0 br=0 j=00 rs1=0=00000000 rs2=0=00000000 a=00000000 b=00000000 alu=00000000 ra=8000060c count=00000000
# TRACE t=20165000 pc=80000e38 ifid_pc=80000e34 idex_pc=80000e30 ifid_i=00008067 idex_v=1 exmem_v=0 mwb_v=0 stall=0 flush=0 br=0 j=00 rs1=0=00000000 rs2=4=00000000 a=00000000 b=00000004 alu=00000004 ra=80000e24 count=00000000
# TRACE t=20175000 pc=80000e3c ifid_pc=80000e38 idex_pc=80000e34 ifid_i=000ff297 idex_v=1 exmem_v=1 mwb_v=0 stall=0 flush=1 br=0 j=10 rs1=1=80000e24 rs2=0=00000000 a=80000e24 b=00000000 alu=80000e24 ra=80000e24 count=00000000
# TRACE t=20185000 pc=80000e24 ifid_pc=00000000 idex_pc=00000000 ifid_i=00000000 idex_v=0 exmem_v=1 mwb_v=1 stall=0 flush=0 br=0 j=00 rs1=0=00000000 rs2=0=00000000 a=00000000 b=00000000 alu=00000000 ra=80000e24 count=00000000
# TRACE t=20195000 pc=80000e28 ifid_pc=80000e24 idex_pc=00000000 ifid_i=00000297 idex_v=0 exmem_v=0 mwb_v=1 stall=0 flush=0 br=0 j=00 rs1=0=00000000 rs2=0=00000000 a=00000000 b=00000000 alu=00000000 ra=80000e24 count=00000000
# TRACE t=20205000 pc=80000e2c ifid_pc=80000e28 idex_pc=80000e24 ifid_i=00509863 idex_v=1 exmem_v=0 mwb_v=0 stall=0 flush=0 br=0 j=00 rs1=0=00000000 rs2=0=00000000 a=80000e24 b=00000000 alu=80000e24 ra=80000e24 count=00000000
# TRACE t=20215000 pc=80000e30 ifid_pc=80000e2c idex_pc=80000e28 ifid_i=0280006f idex_v=1 exmem_v=1 mwb_v=0 stall=0 flush=0 br=1 j=00 rs1=1=80000e24 rs2=5=80000e24 a=80000e24 b=80000e24 alu=00000000 ra=80000e24 count=00000000
# TRACE t=20225000 pc=80000e34 ifid_pc=80000e30 idex_pc=80000e2c ifid_i=00400313 idex_v=1 exmem_v=1 mwb_v=1 stall=0 flush=1 br=0 j=01 rs1=0=00000000 rs2=8=80000608 a=00000000 b=80000608 alu=80000608 ra=80000e24 count=00000000
# TRACE t=20235000 pc=80000e54 ifid_pc=00000000 idex_pc=00000000 ifid_i=00000000 idex_v=0 exmem_v=1 mwb_v=1 stall=0 flush=0 br=0 j=00 rs1=0=00000000 rs2=0=00000000 a=00000000 b=00000000 alu=00000000 ra=80000e24 count=00000000
# TRACE t=20245000 pc=80000e58 ifid_pc=80000e54 idex_pc=00000000 ifid_i=000ff297 idex_v=0 exmem_v=0 mwb_v=1 stall=0 flush=0 br=0 j=00 rs1=0=00000000 rs2=0=00000000 a=00000000 b=00000000 alu=00000000 ra=80000e24 count=00000000
# TRACE t=20255000 pc=80000e5c ifid_pc=80000e58 idex_pc=80000e54 ifid_i=1ac28293 idex_v=1 exmem_v=0 mwb_v=0 stall=0 flush=0 br=0 j=00 rs1=31=00000000 rs2=0=00000000 a=80000e54 b=000ff000 alu=800ffe54 ra=80000e24 count=00000000
# TRACE t=20265000 pc=80000e60 ifid_pc=80000e5c idex_pc=80000e58 ifid_i=0002a303 idex_v=1 exmem_v=1 mwb_v=0 stall=0 flush=0 br=0 j=00 rs1=5=800ffe54 rs2=12=00000000 a=800ffe54 b=000001ac alu=80100000 ra=80000e24 count=00000000
# TRACE t=20275000 pc=80000e64 ifid_pc=80000e60 idex_pc=80000e5c ifid_i=00130313 idex_v=1 exmem_v=1 mwb_v=1 stall=1 flush=0 br=0 j=00 rs1=5=80100000 rs2=0=00000000 a=80100000 b=00000000 alu=80100000 ra=80000e24 count=00000000
# TRACE t=20285000 pc=80000e64 ifid_pc=80000e60 idex_pc=00000000 ifid_i=00130313 idex_v=0 exmem_v=1 mwb_v=1 stall=0 flush=0 br=0 j=00 rs1=0=00000000 rs2=0=00000000 a=00000000 b=00000000 alu=00000000 ra=80000e24 count=00000000
# TRACE t=20295000 pc=80000e68 ifid_pc=80000e64 idex_pc=80000e60 ifid_i=0062a023 idex_v=1 exmem_v=0 mwb_v=1 stall=0 flush=0 br=0 j=00 rs1=6=00000000 rs2=1=80000e24 a=00000000 b=00000001 alu=00000001 ra=80000e24 count=00000000
# TRACE t=20305000 pc=80000e6c ifid_pc=80000e68 idex_pc=80000e64 ifid_i=00040093 idex_v=1 exmem_v=1 mwb_v=0 stall=0 flush=0 br=0 j=00 rs1=5=80100000 rs2=6=00000001 a=80100000 b=00000000 alu=80100000 ra=80000e24 count=00000000
# TRACE t=20315000 pc=80000e70 ifid_pc=80000e6c idex_pc=80000e68 ifid_i=00008067 idex_v=1 exmem_v=1 mwb_v=1 stall=0 flush=0 br=0 j=00 rs1=8=80000608 rs2=0=00000000 a=80000608 b=00000000 alu=80000608 ra=80000e24 count=00000000
# COUNT t=20315000 data=00000001
# TRACE t=20325000 pc=80000e74 ifid_pc=80000e70 idex_pc=80000e6c ifid_i=000ff297 idex_v=1 exmem_v=1 mwb_v=1 stall=0 flush=1 br=0 j=10 rs1=1=80000608 rs2=0=00000000 a=80000608 b=00000000 alu=80000608 ra=80000e24 count=00000000
# TRACE t=20365000 pc=80000e1c ifid_pc=00000000 idex_pc=00000000 ifid_i=00000000 idex_v=0 exmem_v=1 mwb_v=0 stall=0 flush=0 br=0 j=00 rs1=0=00000000 rs2=0=00000000 a=00000000 b=00000000 alu=00000000 ra=80000608 count=00000000
# TRACE t=20375000 pc=80000e20 ifid_pc=80000e1c idex_pc=00000000 ifid_i=00008413 idex_v=0 exmem_v=0 mwb_v=1 stall=0 flush=0 br=0 j=00 rs1=0=00000000 rs2=0=00000000 a=00000000 b=00000000 alu=00000000 ra=80000608 count=00000000
# TRACE t=20385000 pc=80000e24 ifid_pc=80000e20 idex_pc=80000e1c ifid_i=010000ef idex_v=1 exmem_v=0 mwb_v=0 stall=0 flush=0 br=0 j=00 rs1=1=80000608 rs2=0=00000000 a=80000608 b=00000000 alu=80000608 ra=8000060c count=00000000
# TRACE t=20395000 pc=80000e28 ifid_pc=80000e24 idex_pc=80000e20 ifid_i=00000297 idex_v=1 exmem_v=1 mwb_v=0 stall=0 flush=1 br=0 j=01 rs1=0=00000000 rs2=16=00000000 a=00000000 b=00000000 alu=00000000 ra=8000060c count=00000000
# TRACE t=20405000 pc=80000e30 ifid_pc=00000000 idex_pc=00000000 ifid_i=00000000 idex_v=0 exmem_v=1 mwb_v=1 stall=0 flush=0 br=0 j=00 rs1=0=00000000 rs2=0=00000000 a=00000000 b=00000000 alu=00000000 ra=8000060c count=00000000
# TRACE t=20415000 pc=80000e34 ifid_pc=80000e30 idex_pc=00000000 ifid_i=00400313 idex_v=0 exmem_v=0 mwb_v=1 stall=0 flush=0 br=0 j=00 rs1=0=00000000 rs2=0=00000000 a=00000000 b=00000000 alu=00000000 ra=8000060c count=00000000
# TRACE t=20425000 pc=80000e38 ifid_pc=80000e34 idex_pc=80000e30 ifid_i=00008067 idex_v=1 exmem_v=0 mwb_v=0 stall=0 flush=0 br=0 j=00 rs1=0=00000000 rs2=4=00000000 a=00000000 b=00000004 alu=00000004 ra=80000e24 count=00000000
# TRACE t=20435000 pc=80000e3c ifid_pc=80000e38 idex_pc=80000e34 ifid_i=000ff297 idex_v=1 exmem_v=1 mwb_v=0 stall=0 flush=1 br=0 j=10 rs1=1=80000e24 rs2=0=00000000 a=80000e24 b=00000000 alu=80000e24 ra=80000e24 count=00000000
# TRACE t=20445000 pc=80000e24 ifid_pc=00000000 idex_pc=00000000 ifid_i=00000000 idex_v=0 exmem_v=1 mwb_v=1 stall=0 flush=0 br=0 j=00 rs1=0=00000000 rs2=0=00000000 a=00000000 b=00000000 alu=00000000 ra=80000e24 count=00000000
# TRACE t=20455000 pc=80000e28 ifid_pc=80000e24 idex_pc=00000000 ifid_i=00000297 idex_v=0 exmem_v=0 mwb_v=1 stall=0 flush=0 br=0 j=00 rs1=0=00000000 rs2=0=00000000 a=00000000 b=00000000 alu=00000000 ra=80000e24 count=00000000
# TRACE t=20465000 pc=80000e2c ifid_pc=80000e28 idex_pc=80000e24 ifid_i=00509863 idex_v=1 exmem_v=0 mwb_v=0 stall=0 flush=0 br=0 j=00 rs1=0=00000000 rs2=0=00000000 a=80000e24 b=00000000 alu=80000e24 ra=80000e24 count=00000000
# TRACE t=20475000 pc=80000e30 ifid_pc=80000e2c idex_pc=80000e28 ifid_i=0280006f idex_v=1 exmem_v=1 mwb_v=0 stall=0 flush=0 br=1 j=00 rs1=1=80000e24 rs2=5=80000e24 a=80000e24 b=80000e24 alu=00000000 ra=80000e24 count=00000000
# TRACE t=20485000 pc=80000e34 ifid_pc=80000e30 idex_pc=80000e2c ifid_i=00400313 idex_v=1 exmem_v=1 mwb_v=1 stall=0 flush=1 br=0 j=01 rs1=0=00000000 rs2=8=80000608 a=00000000 b=80000608 alu=80000608 ra=80000e24 count=00000000
# TRACE t=20495000 pc=80000e54 ifid_pc=00000000 idex_pc=00000000 ifid_i=00000000 idex_v=0 exmem_v=1 mwb_v=1 stall=0 flush=0 br=0 j=00 rs1=0=00000000 rs2=0=00000000 a=00000000 b=00000000 alu=00000000 ra=80000e24 count=00000000
# TRACE t=20505000 pc=80000e58 ifid_pc=80000e54 idex_pc=00000000 ifid_i=000ff297 idex_v=0 exmem_v=0 mwb_v=1 stall=0 flush=0 br=0 j=00 rs1=0=00000000 rs2=0=00000000 a=00000000 b=00000000 alu=00000000 ra=80000e24 count=00000000
# TRACE t=20515000 pc=80000e5c ifid_pc=80000e58 idex_pc=80000e54 ifid_i=1ac28293 idex_v=1 exmem_v=0 mwb_v=0 stall=0 flush=0 br=0 j=00 rs1=31=00000000 rs2=0=00000000 a=80000e54 b=000ff000 alu=800ffe54 ra=80000e24 count=00000000
# TRACE t=20525000 pc=80000e60 ifid_pc=80000e5c idex_pc=80000e58 ifid_i=0002a303 idex_v=1 exmem_v=1 mwb_v=0 stall=0 flush=0 br=0 j=00 rs1=5=800ffe54 rs2=12=00000000 a=800ffe54 b=000001ac alu=80100000 ra=80000e24 count=00000000
# TRACE t=20535000 pc=80000e64 ifid_pc=80000e60 idex_pc=80000e5c ifid_i=00130313 idex_v=1 exmem_v=1 mwb_v=1 stall=1 flush=0 br=0 j=00 rs1=5=80100000 rs2=0=00000000 a=80100000 b=00000000 alu=80100000 ra=80000e24 count=00000000
# TRACE t=20545000 pc=80000e64 ifid_pc=80000e60 idex_pc=00000000 ifid_i=00130313 idex_v=0 exmem_v=1 mwb_v=1 stall=0 flush=0 br=0 j=00 rs1=0=00000000 rs2=0=00000000 a=00000000 b=00000000 alu=00000000 ra=80000e24 count=00000000
# TRACE t=20555000 pc=80000e68 ifid_pc=80000e64 idex_pc=80000e60 ifid_i=0062a023 idex_v=1 exmem_v=0 mwb_v=1 stall=0 flush=0 br=0 j=00 rs1=6=00000000 rs2=1=80000e24 a=00000000 b=00000001 alu=00000001 ra=80000e24 count=00000000
# TRACE t=20565000 pc=80000e6c ifid_pc=80000e68 idex_pc=80000e64 ifid_i=00040093 idex_v=1 exmem_v=1 mwb_v=0 stall=0 flush=0 br=0 j=00 rs1=5=80100000 rs2=6=00000001 a=80100000 b=00000000 alu=80100000 ra=80000e24 count=00000000
# TRACE t=20575000 pc=80000e70 ifid_pc=80000e6c idex_pc=80000e68 ifid_i=00008067 idex_v=1 exmem_v=1 mwb_v=1 stall=0 flush=0 br=0 j=00 rs1=8=80000608 rs2=0=00000000 a=80000608 b=00000000 alu=80000608 ra=80000e24 count=00000000
# COUNT t=20575000 data=00000001
# TRACE t=20585000 pc=80000e74 ifid_pc=80000e70 idex_pc=80000e6c ifid_i=000ff297 idex_v=1 exmem_v=1 mwb_v=1 stall=0 flush=1 br=0 j=10 rs1=1=80000608 rs2=0=00000000 a=80000608 b=00000000 alu=80000608 ra=80000e24 count=00000000
# TRACE t=20625000 pc=80000e1c ifid_pc=00000000 idex_pc=00000000 ifid_i=00000000 idex_v=0 exmem_v=1 mwb_v=0 stall=0 flush=0 br=0 j=00 rs1=0=00000000 rs2=0=00000000 a=00000000 b=00000000 alu=00000000 ra=80000608 count=00000000
# TRACE t=20635000 pc=80000e20 ifid_pc=80000e1c idex_pc=00000000 ifid_i=00008413 idex_v=0 exmem_v=0 mwb_v=1 stall=0 flush=0 br=0 j=00 rs1=0=00000000 rs2=0=00000000 a=00000000 b=00000000 alu=00000000 ra=80000608 count=00000000
# TRACE t=20645000 pc=80000e24 ifid_pc=80000e20 idex_pc=80000e1c ifid_i=010000ef idex_v=1 exmem_v=0 mwb_v=0 stall=0 flush=0 br=0 j=00 rs1=1=80000608 rs2=0=00000000 a=80000608 b=00000000 alu=80000608 ra=8000060c count=00000000
# TRACE t=20655000 pc=80000e28 ifid_pc=80000e24 idex_pc=80000e20 ifid_i=00000297 idex_v=1 exmem_v=1 mwb_v=0 stall=0 flush=1 br=0 j=01 rs1=0=00000000 rs2=16=00000000 a=00000000 b=00000000 alu=00000000 ra=8000060c count=00000000
# TRACE t=20665000 pc=80000e30 ifid_pc=00000000 idex_pc=00000000 ifid_i=00000000 idex_v=0 exmem_v=1 mwb_v=1 stall=0 flush=0 br=0 j=00 rs1=0=00000000 rs2=0=00000000 a=00000000 b=00000000 alu=00000000 ra=8000060c count=00000000
# TRACE t=20675000 pc=80000e34 ifid_pc=80000e30 idex_pc=00000000 ifid_i=00400313 idex_v=0 exmem_v=0 mwb_v=1 stall=0 flush=0 br=0 j=00 rs1=0=00000000 rs2=0=00000000 a=00000000 b=00000000 alu=00000000 ra=8000060c count=00000000
# TRACE t=20685000 pc=80000e38 ifid_pc=80000e34 idex_pc=80000e30 ifid_i=00008067 idex_v=1 exmem_v=0 mwb_v=0 stall=0 flush=0 br=0 j=00 rs1=0=00000000 rs2=4=00000000 a=00000000 b=00000004 alu=00000004 ra=80000e24 count=00000000
# TRACE t=20695000 pc=80000e3c ifid_pc=80000e38 idex_pc=80000e34 ifid_i=000ff297 idex_v=1 exmem_v=1 mwb_v=0 stall=0 flush=1 br=0 j=10 rs1=1=80000e24 rs2=0=00000000 a=80000e24 b=00000000 alu=80000e24 ra=80000e24 count=00000000
# TRACE t=20705000 pc=80000e24 ifid_pc=00000000 idex_pc=00000000 ifid_i=00000000 idex_v=0 exmem_v=1 mwb_v=1 stall=0 flush=0 br=0 j=00 rs1=0=00000000 rs2=0=00000000 a=00000000 b=00000000 alu=00000000 ra=80000e24 count=00000000
# TRACE t=20715000 pc=80000e28 ifid_pc=80000e24 idex_pc=00000000 ifid_i=00000297 idex_v=0 exmem_v=0 mwb_v=1 stall=0 flush=0 br=0 j=00 rs1=0=00000000 rs2=0=00000000 a=00000000 b=00000000 alu=00000000 ra=80000e24 count=00000000
# TRACE t=20725000 pc=80000e2c ifid_pc=80000e28 idex_pc=80000e24 ifid_i=00509863 idex_v=1 exmem_v=0 mwb_v=0 stall=0 flush=0 br=0 j=00 rs1=0=00000000 rs2=0=00000000 a=80000e24 b=00000000 alu=80000e24 ra=80000e24 count=00000000
# TRACE t=20735000 pc=80000e30 ifid_pc=80000e2c idex_pc=80000e28 ifid_i=0280006f idex_v=1 exmem_v=1 mwb_v=0 stall=0 flush=0 br=1 j=00 rs1=1=80000e24 rs2=5=80000e24 a=80000e24 b=80000e24 alu=00000000 ra=80000e24 count=00000000
# TRACE t=20745000 pc=80000e34 ifid_pc=80000e30 idex_pc=80000e2c ifid_i=00400313 idex_v=1 exmem_v=1 mwb_v=1 stall=0 flush=1 br=0 j=01 rs1=0=00000000 rs2=8=80000608 a=00000000 b=80000608 alu=80000608 ra=80000e24 count=00000000
# TRACE t=20755000 pc=80000e54 ifid_pc=00000000 idex_pc=00000000 ifid_i=00000000 idex_v=0 exmem_v=1 mwb_v=1 stall=0 flush=0 br=0 j=00 rs1=0=00000000 rs2=0=00000000 a=00000000 b=00000000 alu=00000000 ra=80000e24 count=00000000
# TRACE t=20765000 pc=80000e58 ifid_pc=80000e54 idex_pc=00000000 ifid_i=000ff297 idex_v=0 exmem_v=0 mwb_v=1 stall=0 flush=0 br=0 j=00 rs1=0=00000000 rs2=0=00000000 a=00000000 b=00000000 alu=00000000 ra=80000e24 count=00000000
# TRACE t=20775000 pc=80000e5c ifid_pc=80000e58 idex_pc=80000e54 ifid_i=1ac28293 idex_v=1 exmem_v=0 mwb_v=0 stall=0 flush=0 br=0 j=00 rs1=31=00000000 rs2=0=00000000 a=80000e54 b=000ff000 alu=800ffe54 ra=80000e24 count=00000000
# TRACE t=20785000 pc=80000e60 ifid_pc=80000e5c idex_pc=80000e58 ifid_i=0002a303 idex_v=1 exmem_v=1 mwb_v=0 stall=0 flush=0 br=0 j=00 rs1=5=800ffe54 rs2=12=00000000 a=800ffe54 b=000001ac alu=80100000 ra=80000e24 count=00000000
# TRACE t=20795000 pc=80000e64 ifid_pc=80000e60 idex_pc=80000e5c ifid_i=00130313 idex_v=1 exmem_v=1 mwb_v=1 stall=1 flush=0 br=0 j=00 rs1=5=80100000 rs2=0=00000000 a=80100000 b=00000000 alu=80100000 ra=80000e24 count=00000000
# TRACE t=20805000 pc=80000e64 ifid_pc=80000e60 idex_pc=00000000 ifid_i=00130313 idex_v=0 exmem_v=1 mwb_v=1 stall=0 flush=0 br=0 j=00 rs1=0=00000000 rs2=0=00000000 a=00000000 b=00000000 alu=00000000 ra=80000e24 count=00000000
# TRACE t=20815000 pc=80000e68 ifid_pc=80000e64 idex_pc=80000e60 ifid_i=0062a023 idex_v=1 exmem_v=0 mwb_v=1 stall=0 flush=0 br=0 j=00 rs1=6=00000000 rs2=1=80000e24 a=00000000 b=00000001 alu=00000001 ra=80000e24 count=00000000
# TRACE t=20825000 pc=80000e6c ifid_pc=80000e68 idex_pc=80000e64 ifid_i=00040093 idex_v=1 exmem_v=1 mwb_v=0 stall=0 flush=0 br=0 j=00 rs1=5=80100000 rs2=6=00000001 a=80100000 b=00000000 alu=80100000 ra=80000e24 count=00000000
# TRACE t=20835000 pc=80000e70 ifid_pc=80000e6c idex_pc=80000e68 ifid_i=00008067 idex_v=1 exmem_v=1 mwb_v=1 stall=0 flush=0 br=0 j=00 rs1=8=80000608 rs2=0=00000000 a=80000608 b=00000000 alu=80000608 ra=80000e24 count=00000000
# COUNT t=20835000 data=00000001
# TRACE t=20845000 pc=80000e74 ifid_pc=80000e70 idex_pc=80000e6c ifid_i=000ff297 idex_v=1 exmem_v=1 mwb_v=1 stall=0 flush=1 br=0 j=10 rs1=1=80000608 rs2=0=00000000 a=80000608 b=00000000 alu=80000608 ra=80000e24 count=00000000
# TRACE t=20885000 pc=80000e1c ifid_pc=00000000 idex_pc=00000000 ifid_i=00000000 idex_v=0 exmem_v=1 mwb_v=0 stall=0 flush=0 br=0 j=00 rs1=0=00000000 rs2=0=00000000 a=00000000 b=00000000 alu=00000000 ra=80000608 count=00000000
# TRACE t=20895000 pc=80000e20 ifid_pc=80000e1c idex_pc=00000000 ifid_i=00008413 idex_v=0 exmem_v=0 mwb_v=1 stall=0 flush=0 br=0 j=00 rs1=0=00000000 rs2=0=00000000 a=00000000 b=00000000 alu=00000000 ra=80000608 count=00000000
# TRACE t=20905000 pc=80000e24 ifid_pc=80000e20 idex_pc=80000e1c ifid_i=010000ef idex_v=1 exmem_v=0 mwb_v=0 stall=0 flush=0 br=0 j=00 rs1=1=80000608 rs2=0=00000000 a=80000608 b=00000000 alu=80000608 ra=8000060c count=00000000
# TRACE t=20915000 pc=80000e28 ifid_pc=80000e24 idex_pc=80000e20 ifid_i=00000297 idex_v=1 exmem_v=1 mwb_v=0 stall=0 flush=1 br=0 j=01 rs1=0=00000000 rs2=16=00000000 a=00000000 b=00000000 alu=00000000 ra=8000060c count=00000000
# TRACE t=20925000 pc=80000e30 ifid_pc=00000000 idex_pc=00000000 ifid_i=00000000 idex_v=0 exmem_v=1 mwb_v=1 stall=0 flush=0 br=0 j=00 rs1=0=00000000 rs2=0=00000000 a=00000000 b=00000000 alu=00000000 ra=8000060c count=00000000
# TRACE t=20935000 pc=80000e34 ifid_pc=80000e30 idex_pc=00000000 ifid_i=00400313 idex_v=0 exmem_v=0 mwb_v=1 stall=0 flush=0 br=0 j=00 rs1=0=00000000 rs2=0=00000000 a=00000000 b=00000000 alu=00000000 ra=8000060c count=00000000
# TRACE t=20945000 pc=80000e38 ifid_pc=80000e34 idex_pc=80000e30 ifid_i=00008067 idex_v=1 exmem_v=0 mwb_v=0 stall=0 flush=0 br=0 j=00 rs1=0=00000000 rs2=4=00000000 a=00000000 b=00000004 alu=00000004 ra=80000e24 count=00000000
# TRACE t=20955000 pc=80000e3c ifid_pc=80000e38 idex_pc=80000e34 ifid_i=000ff297 idex_v=1 exmem_v=1 mwb_v=0 stall=0 flush=1 br=0 j=10 rs1=1=80000e24 rs2=0=00000000 a=80000e24 b=00000000 alu=80000e24 ra=80000e24 count=00000000
# TRACE t=20965000 pc=80000e24 ifid_pc=00000000 idex_pc=00000000 ifid_i=00000000 idex_v=0 exmem_v=1 mwb_v=1 stall=0 flush=0 br=0 j=00 rs1=0=00000000 rs2=0=00000000 a=00000000 b=00000000 alu=00000000 ra=80000e24 count=00000000
# TRACE t=20975000 pc=80000e28 ifid_pc=80000e24 idex_pc=00000000 ifid_i=00000297 idex_v=0 exmem_v=0 mwb_v=1 stall=0 flush=0 br=0 j=00 rs1=0=00000000 rs2=0=00000000 a=00000000 b=00000000 alu=00000000 ra=80000e24 count=00000000
# TRACE t=20985000 pc=80000e2c ifid_pc=80000e28 idex_pc=80000e24 ifid_i=00509863 idex_v=1 exmem_v=0 mwb_v=0 stall=0 flush=0 br=0 j=00 rs1=0=00000000 rs2=0=00000000 a=80000e24 b=00000000 alu=80000e24 ra=80000e24 count=00000000
# TRACE t=20995000 pc=80000e30 ifid_pc=80000e2c idex_pc=80000e28 ifid_i=0280006f idex_v=1 exmem_v=1 mwb_v=0 stall=0 flush=0 br=1 j=00 rs1=1=80000e24 rs2=5=80000e24 a=80000e24 b=80000e24 alu=00000000 ra=80000e24 count=00000000
# TRACE t=21005000 pc=80000e34 ifid_pc=80000e30 idex_pc=80000e2c ifid_i=00400313 idex_v=1 exmem_v=1 mwb_v=1 stall=0 flush=1 br=0 j=01 rs1=0=00000000 rs2=8=80000608 a=00000000 b=80000608 alu=80000608 ra=80000e24 count=00000000
# TRACE t=21015000 pc=80000e54 ifid_pc=00000000 idex_pc=00000000 ifid_i=00000000 idex_v=0 exmem_v=1 mwb_v=1 stall=0 flush=0 br=0 j=00 rs1=0=00000000 rs2=0=00000000 a=00000000 b=00000000 alu=00000000 ra=80000e24 count=00000000
# TRACE t=21025000 pc=80000e58 ifid_pc=80000e54 idex_pc=00000000 ifid_i=000ff297 idex_v=0 exmem_v=0 mwb_v=1 stall=0 flush=0 br=0 j=00 rs1=0=00000000 rs2=0=00000000 a=00000000 b=00000000 alu=00000000 ra=80000e24 count=00000000
# TRACE t=21035000 pc=80000e5c ifid_pc=80000e58 idex_pc=80000e54 ifid_i=1ac28293 idex_v=1 exmem_v=0 mwb_v=0 stall=0 flush=0 br=0 j=00 rs1=31=00000000 rs2=0=00000000 a=80000e54 b=000ff000 alu=800ffe54 ra=80000e24 count=00000000
# TRACE t=21045000 pc=80000e60 ifid_pc=80000e5c idex_pc=80000e58 ifid_i=0002a303 idex_v=1 exmem_v=1 mwb_v=0 stall=0 flush=0 br=0 j=00 rs1=5=800ffe54 rs2=12=00000000 a=800ffe54 b=000001ac alu=80100000 ra=80000e24 count=00000000
# TRACE t=21055000 pc=80000e64 ifid_pc=80000e60 idex_pc=80000e5c ifid_i=00130313 idex_v=1 exmem_v=1 mwb_v=1 stall=1 flush=0 br=0 j=00 rs1=5=80100000 rs2=0=00000000 a=80100000 b=00000000 alu=80100000 ra=80000e24 count=00000000
# TRACE t=21065000 pc=80000e64 ifid_pc=80000e60 idex_pc=00000000 ifid_i=00130313 idex_v=0 exmem_v=1 mwb_v=1 stall=0 flush=0 br=0 j=00 rs1=0=00000000 rs2=0=00000000 a=00000000 b=00000000 alu=00000000 ra=80000e24 count=00000000
# TRACE t=21075000 pc=80000e68 ifid_pc=80000e64 idex_pc=80000e60 ifid_i=0062a023 idex_v=1 exmem_v=0 mwb_v=1 stall=0 flush=0 br=0 j=00 rs1=6=00000000 rs2=1=80000e24 a=00000000 b=00000001 alu=00000001 ra=80000e24 count=00000000
# TRACE t=21085000 pc=80000e6c ifid_pc=80000e68 idex_pc=80000e64 ifid_i=00040093 idex_v=1 exmem_v=1 mwb_v=0 stall=0 flush=0 br=0 j=00 rs1=5=80100000 rs2=6=00000001 a=80100000 b=00000000 alu=80100000 ra=80000e24 count=00000000
# TRACE t=21095000 pc=80000e70 ifid_pc=80000e6c idex_pc=80000e68 ifid_i=00008067 idex_v=1 exmem_v=1 mwb_v=1 stall=0 flush=0 br=0 j=00 rs1=8=80000608 rs2=0=00000000 a=80000608 b=00000000 alu=80000608 ra=80000e24 count=00000000
# COUNT t=21095000 data=00000001
# TRACE t=21105000 pc=80000e74 ifid_pc=80000e70 idex_pc=80000e6c ifid_i=000ff297 idex_v=1 exmem_v=1 mwb_v=1 stall=0 flush=1 br=0 j=10 rs1=1=80000608 rs2=0=00000000 a=80000608 b=00000000 alu=80000608 ra=80000e24 count=00000000
# TRACE t=21145000 pc=80000e1c ifid_pc=00000000 idex_pc=00000000 ifid_i=00000000 idex_v=0 exmem_v=1 mwb_v=0 stall=0 flush=0 br=0 j=00 rs1=0=00000000 rs2=0=00000000 a=00000000 b=00000000 alu=00000000 ra=80000608 count=00000000
# TRACE t=21155000 pc=80000e20 ifid_pc=80000e1c idex_pc=00000000 ifid_i=00008413 idex_v=0 exmem_v=0 mwb_v=1 stall=0 flush=0 br=0 j=00 rs1=0=00000000 rs2=0=00000000 a=00000000 b=00000000 alu=00000000 ra=80000608 count=00000000
# TRACE t=21165000 pc=80000e24 ifid_pc=80000e20 idex_pc=80000e1c ifid_i=010000ef idex_v=1 exmem_v=0 mwb_v=0 stall=0 flush=0 br=0 j=00 rs1=1=80000608 rs2=0=00000000 a=80000608 b=00000000 alu=80000608 ra=8000060c count=00000000
# TRACE t=21175000 pc=80000e28 ifid_pc=80000e24 idex_pc=80000e20 ifid_i=00000297 idex_v=1 exmem_v=1 mwb_v=0 stall=0 flush=1 br=0 j=01 rs1=0=00000000 rs2=16=00000000 a=00000000 b=00000000 alu=00000000 ra=8000060c count=00000000
# TRACE t=21185000 pc=80000e30 ifid_pc=00000000 idex_pc=00000000 ifid_i=00000000 idex_v=0 exmem_v=1 mwb_v=1 stall=0 flush=0 br=0 j=00 rs1=0=00000000 rs2=0=00000000 a=00000000 b=00000000 alu=00000000 ra=8000060c count=00000000
# TRACE t=21195000 pc=80000e34 ifid_pc=80000e30 idex_pc=00000000 ifid_i=00400313 idex_v=0 exmem_v=0 mwb_v=1 stall=0 flush=0 br=0 j=00 rs1=0=00000000 rs2=0=00000000 a=00000000 b=00000000 alu=00000000 ra=8000060c count=00000000
# TRACE t=21205000 pc=80000e38 ifid_pc=80000e34 idex_pc=80000e30 ifid_i=00008067 idex_v=1 exmem_v=0 mwb_v=0 stall=0 flush=0 br=0 j=00 rs1=0=00000000 rs2=4=00000000 a=00000000 b=00000004 alu=00000004 ra=80000e24 count=00000000
# TRACE t=21215000 pc=80000e3c ifid_pc=80000e38 idex_pc=80000e34 ifid_i=000ff297 idex_v=1 exmem_v=1 mwb_v=0 stall=0 flush=1 br=0 j=10 rs1=1=80000e24 rs2=0=00000000 a=80000e24 b=00000000 alu=80000e24 ra=80000e24 count=00000000
# TRACE t=21225000 pc=80000e24 ifid_pc=00000000 idex_pc=00000000 ifid_i=00000000 idex_v=0 exmem_v=1 mwb_v=1 stall=0 flush=0 br=0 j=00 rs1=0=00000000 rs2=0=00000000 a=00000000 b=00000000 alu=00000000 ra=80000e24 count=00000000
# TRACE t=21235000 pc=80000e28 ifid_pc=80000e24 idex_pc=00000000 ifid_i=00000297 idex_v=0 exmem_v=0 mwb_v=1 stall=0 flush=0 br=0 j=00 rs1=0=00000000 rs2=0=00000000 a=00000000 b=00000000 alu=00000000 ra=80000e24 count=00000000
# TRACE t=21245000 pc=80000e2c ifid_pc=80000e28 idex_pc=80000e24 ifid_i=00509863 idex_v=1 exmem_v=0 mwb_v=0 stall=0 flush=0 br=0 j=00 rs1=0=00000000 rs2=0=00000000 a=80000e24 b=00000000 alu=80000e24 ra=80000e24 count=00000000
# TRACE t=21255000 pc=80000e30 ifid_pc=80000e2c idex_pc=80000e28 ifid_i=0280006f idex_v=1 exmem_v=1 mwb_v=0 stall=0 flush=0 br=1 j=00 rs1=1=80000e24 rs2=5=80000e24 a=80000e24 b=80000e24 alu=00000000 ra=80000e24 count=00000000
# TRACE t=21265000 pc=80000e34 ifid_pc=80000e30 idex_pc=80000e2c ifid_i=00400313 idex_v=1 exmem_v=1 mwb_v=1 stall=0 flush=1 br=0 j=01 rs1=0=00000000 rs2=8=80000608 a=00000000 b=80000608 alu=80000608 ra=80000e24 count=00000000
# TRACE t=21275000 pc=80000e54 ifid_pc=00000000 idex_pc=00000000 ifid_i=00000000 idex_v=0 exmem_v=1 mwb_v=1 stall=0 flush=0 br=0 j=00 rs1=0=00000000 rs2=0=00000000 a=00000000 b=00000000 alu=00000000 ra=80000e24 count=00000000
# TRACE t=21285000 pc=80000e58 ifid_pc=80000e54 idex_pc=00000000 ifid_i=000ff297 idex_v=0 exmem_v=0 mwb_v=1 stall=0 flush=0 br=0 j=00 rs1=0=00000000 rs2=0=00000000 a=00000000 b=00000000 alu=00000000 ra=80000e24 count=00000000
# TRACE t=21295000 pc=80000e5c ifid_pc=80000e58 idex_pc=80000e54 ifid_i=1ac28293 idex_v=1 exmem_v=0 mwb_v=0 stall=0 flush=0 br=0 j=00 rs1=31=00000000 rs2=0=00000000 a=80000e54 b=000ff000 alu=800ffe54 ra=80000e24 count=00000000
# TRACE t=21305000 pc=80000e60 ifid_pc=80000e5c idex_pc=80000e58 ifid_i=0002a303 idex_v=1 exmem_v=1 mwb_v=0 stall=0 flush=0 br=0 j=00 rs1=5=800ffe54 rs2=12=00000000 a=800ffe54 b=000001ac alu=80100000 ra=80000e24 count=00000000
# TRACE t=21315000 pc=80000e64 ifid_pc=80000e60 idex_pc=80000e5c ifid_i=00130313 idex_v=1 exmem_v=1 mwb_v=1 stall=1 flush=0 br=0 j=00 rs1=5=80100000 rs2=0=00000000 a=80100000 b=00000000 alu=80100000 ra=80000e24 count=00000000
# TRACE t=21325000 pc=80000e64 ifid_pc=80000e60 idex_pc=00000000 ifid_i=00130313 idex_v=0 exmem_v=1 mwb_v=1 stall=0 flush=0 br=0 j=00 rs1=0=00000000 rs2=0=00000000 a=00000000 b=00000000 alu=00000000 ra=80000e24 count=00000000
# TRACE t=21335000 pc=80000e68 ifid_pc=80000e64 idex_pc=80000e60 ifid_i=0062a023 idex_v=1 exmem_v=0 mwb_v=1 stall=0 flush=0 br=0 j=00 rs1=6=00000000 rs2=1=80000e24 a=00000000 b=00000001 alu=00000001 ra=80000e24 count=00000000
# TRACE t=21345000 pc=80000e6c ifid_pc=80000e68 idex_pc=80000e64 ifid_i=00040093 idex_v=1 exmem_v=1 mwb_v=0 stall=0 flush=0 br=0 j=00 rs1=5=80100000 rs2=6=00000001 a=80100000 b=00000000 alu=80100000 ra=80000e24 count=00000000
# TRACE t=21355000 pc=80000e70 ifid_pc=80000e6c idex_pc=80000e68 ifid_i=00008067 idex_v=1 exmem_v=1 mwb_v=1 stall=0 flush=0 br=0 j=00 rs1=8=80000608 rs2=0=00000000 a=80000608 b=00000000 alu=80000608 ra=80000e24 count=00000000
# COUNT t=21355000 data=00000001
# TRACE t=21365000 pc=80000e74 ifid_pc=80000e70 idex_pc=80000e6c ifid_i=000ff297 idex_v=1 exmem_v=1 mwb_v=1 stall=0 flush=1 br=0 j=10 rs1=1=80000608 rs2=0=00000000 a=80000608 b=00000000 alu=80000608 ra=80000e24 count=00000000
# TRACE t=21405000 pc=80000e1c ifid_pc=00000000 idex_pc=00000000 ifid_i=00000000 idex_v=0 exmem_v=1 mwb_v=0 stall=0 flush=0 br=0 j=00 rs1=0=00000000 rs2=0=00000000 a=00000000 b=00000000 alu=00000000 ra=80000608 count=00000000
# TRACE t=21415000 pc=80000e20 ifid_pc=80000e1c idex_pc=00000000 ifid_i=00008413 idex_v=0 exmem_v=0 mwb_v=1 stall=0 flush=0 br=0 j=00 rs1=0=00000000 rs2=0=00000000 a=00000000 b=00000000 alu=00000000 ra=80000608 count=00000000
# TRACE t=21425000 pc=80000e24 ifid_pc=80000e20 idex_pc=80000e1c ifid_i=010000ef idex_v=1 exmem_v=0 mwb_v=0 stall=0 flush=0 br=0 j=00 rs1=1=80000608 rs2=0=00000000 a=80000608 b=00000000 alu=80000608 ra=8000060c count=00000000
# TRACE t=21435000 pc=80000e28 ifid_pc=80000e24 idex_pc=80000e20 ifid_i=00000297 idex_v=1 exmem_v=1 mwb_v=0 stall=0 flush=1 br=0 j=01 rs1=0=00000000 rs2=16=00000000 a=00000000 b=00000000 alu=00000000 ra=8000060c count=00000000
# TRACE t=21445000 pc=80000e30 ifid_pc=00000000 idex_pc=00000000 ifid_i=00000000 idex_v=0 exmem_v=1 mwb_v=1 stall=0 flush=0 br=0 j=00 rs1=0=00000000 rs2=0=00000000 a=00000000 b=00000000 alu=00000000 ra=8000060c count=00000000
# TRACE t=21455000 pc=80000e34 ifid_pc=80000e30 idex_pc=00000000 ifid_i=00400313 idex_v=0 exmem_v=0 mwb_v=1 stall=0 flush=0 br=0 j=00 rs1=0=00000000 rs2=0=00000000 a=00000000 b=00000000 alu=00000000 ra=8000060c count=00000000
# TRACE t=21465000 pc=80000e38 ifid_pc=80000e34 idex_pc=80000e30 ifid_i=00008067 idex_v=1 exmem_v=0 mwb_v=0 stall=0 flush=0 br=0 j=00 rs1=0=00000000 rs2=4=00000000 a=00000000 b=00000004 alu=00000004 ra=80000e24 count=00000000
# TRACE t=21475000 pc=80000e3c ifid_pc=80000e38 idex_pc=80000e34 ifid_i=000ff297 idex_v=1 exmem_v=1 mwb_v=0 stall=0 flush=1 br=0 j=10 rs1=1=80000e24 rs2=0=00000000 a=80000e24 b=00000000 alu=80000e24 ra=80000e24 count=00000000
# TRACE t=21485000 pc=80000e24 ifid_pc=00000000 idex_pc=00000000 ifid_i=00000000 idex_v=0 exmem_v=1 mwb_v=1 stall=0 flush=0 br=0 j=00 rs1=0=00000000 rs2=0=00000000 a=00000000 b=00000000 alu=00000000 ra=80000e24 count=00000000
# TRACE t=21495000 pc=80000e28 ifid_pc=80000e24 idex_pc=00000000 ifid_i=00000297 idex_v=0 exmem_v=0 mwb_v=1 stall=0 flush=0 br=0 j=00 rs1=0=00000000 rs2=0=00000000 a=00000000 b=00000000 alu=00000000 ra=80000e24 count=00000000
# TRACE t=21505000 pc=80000e2c ifid_pc=80000e28 idex_pc=80000e24 ifid_i=00509863 idex_v=1 exmem_v=0 mwb_v=0 stall=0 flush=0 br=0 j=00 rs1=0=00000000 rs2=0=00000000 a=80000e24 b=00000000 alu=80000e24 ra=80000e24 count=00000000
# TRACE t=21515000 pc=80000e30 ifid_pc=80000e2c idex_pc=80000e28 ifid_i=0280006f idex_v=1 exmem_v=1 mwb_v=0 stall=0 flush=0 br=1 j=00 rs1=1=80000e24 rs2=5=80000e24 a=80000e24 b=80000e24 alu=00000000 ra=80000e24 count=00000000
# TRACE t=21525000 pc=80000e34 ifid_pc=80000e30 idex_pc=80000e2c ifid_i=00400313 idex_v=1 exmem_v=1 mwb_v=1 stall=0 flush=1 br=0 j=01 rs1=0=00000000 rs2=8=80000608 a=00000000 b=80000608 alu=80000608 ra=80000e24 count=00000000
# TRACE t=21535000 pc=80000e54 ifid_pc=00000000 idex_pc=00000000 ifid_i=00000000 idex_v=0 exmem_v=1 mwb_v=1 stall=0 flush=0 br=0 j=00 rs1=0=00000000 rs2=0=00000000 a=00000000 b=00000000 alu=00000000 ra=80000e24 count=00000000
# TRACE t=21545000 pc=80000e58 ifid_pc=80000e54 idex_pc=00000000 ifid_i=000ff297 idex_v=0 exmem_v=0 mwb_v=1 stall=0 flush=0 br=0 j=00 rs1=0=00000000 rs2=0=00000000 a=00000000 b=00000000 alu=00000000 ra=80000e24 count=00000000
# TRACE t=21555000 pc=80000e5c ifid_pc=80000e58 idex_pc=80000e54 ifid_i=1ac28293 idex_v=1 exmem_v=0 mwb_v=0 stall=0 flush=0 br=0 j=00 rs1=31=00000000 rs2=0=00000000 a=80000e54 b=000ff000 alu=800ffe54 ra=80000e24 count=00000000
# TRACE t=21565000 pc=80000e60 ifid_pc=80000e5c idex_pc=80000e58 ifid_i=0002a303 idex_v=1 exmem_v=1 mwb_v=0 stall=0 flush=0 br=0 j=00 rs1=5=800ffe54 rs2=12=00000000 a=800ffe54 b=000001ac alu=80100000 ra=80000e24 count=00000000
# TRACE t=21575000 pc=80000e64 ifid_pc=80000e60 idex_pc=80000e5c ifid_i=00130313 idex_v=1 exmem_v=1 mwb_v=1 stall=1 flush=0 br=0 j=00 rs1=5=80100000 rs2=0=00000000 a=80100000 b=00000000 alu=80100000 ra=80000e24 count=00000000
# TRACE t=21585000 pc=80000e64 ifid_pc=80000e60 idex_pc=00000000 ifid_i=00130313 idex_v=0 exmem_v=1 mwb_v=1 stall=0 flush=0 br=0 j=00 rs1=0=00000000 rs2=0=00000000 a=00000000 b=00000000 alu=00000000 ra=80000e24 count=00000000
# TRACE t=21595000 pc=80000e68 ifid_pc=80000e64 idex_pc=80000e60 ifid_i=0062a023 idex_v=1 exmem_v=0 mwb_v=1 stall=0 flush=0 br=0 j=00 rs1=6=00000000 rs2=1=80000e24 a=00000000 b=00000001 alu=00000001 ra=80000e24 count=00000000
# TRACE t=21605000 pc=80000e6c ifid_pc=80000e68 idex_pc=80000e64 ifid_i=00040093 idex_v=1 exmem_v=1 mwb_v=0 stall=0 flush=0 br=0 j=00 rs1=5=80100000 rs2=6=00000001 a=80100000 b=00000000 alu=80100000 ra=80000e24 count=00000000
# TRACE t=21615000 pc=80000e70 ifid_pc=80000e6c idex_pc=80000e68 ifid_i=00008067 idex_v=1 exmem_v=1 mwb_v=1 stall=0 flush=0 br=0 j=00 rs1=8=80000608 rs2=0=00000000 a=80000608 b=00000000 alu=80000608 ra=80000e24 count=00000000
# COUNT t=21615000 data=00000001
# TRACE t=21625000 pc=80000e74 ifid_pc=80000e70 idex_pc=80000e6c ifid_i=000ff297 idex_v=1 exmem_v=1 mwb_v=1 stall=0 flush=1 br=0 j=10 rs1=1=80000608 rs2=0=00000000 a=80000608 b=00000000 alu=80000608 ra=80000e24 count=00000000
# TRACE t=21665000 pc=80000e1c ifid_pc=00000000 idex_pc=00000000 ifid_i=00000000 idex_v=0 exmem_v=1 mwb_v=0 stall=0 flush=0 br=0 j=00 rs1=0=00000000 rs2=0=00000000 a=00000000 b=00000000 alu=00000000 ra=80000608 count=00000000
# TRACE t=21675000 pc=80000e20 ifid_pc=80000e1c idex_pc=00000000 ifid_i=00008413 idex_v=0 exmem_v=0 mwb_v=1 stall=0 flush=0 br=0 j=00 rs1=0=00000000 rs2=0=00000000 a=00000000 b=00000000 alu=00000000 ra=80000608 count=00000000
# TRACE t=21685000 pc=80000e24 ifid_pc=80000e20 idex_pc=80000e1c ifid_i=010000ef idex_v=1 exmem_v=0 mwb_v=0 stall=0 flush=0 br=0 j=00 rs1=1=80000608 rs2=0=00000000 a=80000608 b=00000000 alu=80000608 ra=8000060c count=00000000
# TRACE t=21695000 pc=80000e28 ifid_pc=80000e24 idex_pc=80000e20 ifid_i=00000297 idex_v=1 exmem_v=1 mwb_v=0 stall=0 flush=1 br=0 j=01 rs1=0=00000000 rs2=16=00000000 a=00000000 b=00000000 alu=00000000 ra=8000060c count=00000000
# TRACE t=21705000 pc=80000e30 ifid_pc=00000000 idex_pc=00000000 ifid_i=00000000 idex_v=0 exmem_v=1 mwb_v=1 stall=0 flush=0 br=0 j=00 rs1=0=00000000 rs2=0=00000000 a=00000000 b=00000000 alu=00000000 ra=8000060c count=00000000
# TRACE t=21715000 pc=80000e34 ifid_pc=80000e30 idex_pc=00000000 ifid_i=00400313 idex_v=0 exmem_v=0 mwb_v=1 stall=0 flush=0 br=0 j=00 rs1=0=00000000 rs2=0=00000000 a=00000000 b=00000000 alu=00000000 ra=8000060c count=00000000
# TRACE t=21725000 pc=80000e38 ifid_pc=80000e34 idex_pc=80000e30 ifid_i=00008067 idex_v=1 exmem_v=0 mwb_v=0 stall=0 flush=0 br=0 j=00 rs1=0=00000000 rs2=4=00000000 a=00000000 b=00000004 alu=00000004 ra=80000e24 count=00000000
# TRACE t=21735000 pc=80000e3c ifid_pc=80000e38 idex_pc=80000e34 ifid_i=000ff297 idex_v=1 exmem_v=1 mwb_v=0 stall=0 flush=1 br=0 j=10 rs1=1=80000e24 rs2=0=00000000 a=80000e24 b=00000000 alu=80000e24 ra=80000e24 count=00000000
# TRACE t=21745000 pc=80000e24 ifid_pc=00000000 idex_pc=00000000 ifid_i=00000000 idex_v=0 exmem_v=1 mwb_v=1 stall=0 flush=0 br=0 j=00 rs1=0=00000000 rs2=0=00000000 a=00000000 b=00000000 alu=00000000 ra=80000e24 count=00000000
# TRACE t=21755000 pc=80000e28 ifid_pc=80000e24 idex_pc=00000000 ifid_i=00000297 idex_v=0 exmem_v=0 mwb_v=1 stall=0 flush=0 br=0 j=00 rs1=0=00000000 rs2=0=00000000 a=00000000 b=00000000 alu=00000000 ra=80000e24 count=00000000
# TRACE t=21765000 pc=80000e2c ifid_pc=80000e28 idex_pc=80000e24 ifid_i=00509863 idex_v=1 exmem_v=0 mwb_v=0 stall=0 flush=0 br=0 j=00 rs1=0=00000000 rs2=0=00000000 a=80000e24 b=00000000 alu=80000e24 ra=80000e24 count=00000000
# TRACE t=21775000 pc=80000e30 ifid_pc=80000e2c idex_pc=80000e28 ifid_i=0280006f idex_v=1 exmem_v=1 mwb_v=0 stall=0 flush=0 br=1 j=00 rs1=1=80000e24 rs2=5=80000e24 a=80000e24 b=80000e24 alu=00000000 ra=80000e24 count=00000000
# TRACE t=21785000 pc=80000e34 ifid_pc=80000e30 idex_pc=80000e2c ifid_i=00400313 idex_v=1 exmem_v=1 mwb_v=1 stall=0 flush=1 br=0 j=01 rs1=0=00000000 rs2=8=80000608 a=00000000 b=80000608 alu=80000608 ra=80000e24 count=00000000
# TRACE t=21795000 pc=80000e54 ifid_pc=00000000 idex_pc=00000000 ifid_i=00000000 idex_v=0 exmem_v=1 mwb_v=1 stall=0 flush=0 br=0 j=00 rs1=0=00000000 rs2=0=00000000 a=00000000 b=00000000 alu=00000000 ra=80000e24 count=00000000
# TRACE t=21805000 pc=80000e58 ifid_pc=80000e54 idex_pc=00000000 ifid_i=000ff297 idex_v=0 exmem_v=0 mwb_v=1 stall=0 flush=0 br=0 j=00 rs1=0=00000000 rs2=0=00000000 a=00000000 b=00000000 alu=00000000 ra=80000e24 count=00000000
# TRACE t=21815000 pc=80000e5c ifid_pc=80000e58 idex_pc=80000e54 ifid_i=1ac28293 idex_v=1 exmem_v=0 mwb_v=0 stall=0 flush=0 br=0 j=00 rs1=31=00000000 rs2=0=00000000 a=80000e54 b=000ff000 alu=800ffe54 ra=80000e24 count=00000000
# TRACE t=21825000 pc=80000e60 ifid_pc=80000e5c idex_pc=80000e58 ifid_i=0002a303 idex_v=1 exmem_v=1 mwb_v=0 stall=0 flush=0 br=0 j=00 rs1=5=800ffe54 rs2=12=00000000 a=800ffe54 b=000001ac alu=80100000 ra=80000e24 count=00000000
# TRACE t=21835000 pc=80000e64 ifid_pc=80000e60 idex_pc=80000e5c ifid_i=00130313 idex_v=1 exmem_v=1 mwb_v=1 stall=1 flush=0 br=0 j=00 rs1=5=80100000 rs2=0=00000000 a=80100000 b=00000000 alu=80100000 ra=80000e24 count=00000000
# TRACE t=21845000 pc=80000e64 ifid_pc=80000e60 idex_pc=00000000 ifid_i=00130313 idex_v=0 exmem_v=1 mwb_v=1 stall=0 flush=0 br=0 j=00 rs1=0=00000000 rs2=0=00000000 a=00000000 b=00000000 alu=00000000 ra=80000e24 count=00000000
# TRACE t=21855000 pc=80000e68 ifid_pc=80000e64 idex_pc=80000e60 ifid_i=0062a023 idex_v=1 exmem_v=0 mwb_v=1 stall=0 flush=0 br=0 j=00 rs1=6=00000000 rs2=1=80000e24 a=00000000 b=00000001 alu=00000001 ra=80000e24 count=00000000
# TRACE t=21865000 pc=80000e6c ifid_pc=80000e68 idex_pc=80000e64 ifid_i=00040093 idex_v=1 exmem_v=1 mwb_v=0 stall=0 flush=0 br=0 j=00 rs1=5=80100000 rs2=6=00000001 a=80100000 b=00000000 alu=80100000 ra=80000e24 count=00000000
# TRACE t=21875000 pc=80000e70 ifid_pc=80000e6c idex_pc=80000e68 ifid_i=00008067 idex_v=1 exmem_v=1 mwb_v=1 stall=0 flush=0 br=0 j=00 rs1=8=80000608 rs2=0=00000000 a=80000608 b=00000000 alu=80000608 ra=80000e24 count=00000000
# COUNT t=21875000 data=00000001
# TRACE t=21885000 pc=80000e74 ifid_pc=80000e70 idex_pc=80000e6c ifid_i=000ff297 idex_v=1 exmem_v=1 mwb_v=1 stall=0 flush=1 br=0 j=10 rs1=1=80000608 rs2=0=00000000 a=80000608 b=00000000 alu=80000608 ra=80000e24 count=00000000
# TRACE t=21925000 pc=80000e1c ifid_pc=00000000 idex_pc=00000000 ifid_i=00000000 idex_v=0 exmem_v=1 mwb_v=0 stall=0 flush=0 br=0 j=00 rs1=0=00000000 rs2=0=00000000 a=00000000 b=00000000 alu=00000000 ra=80000608 count=00000000
# TRACE t=21935000 pc=80000e20 ifid_pc=80000e1c idex_pc=00000000 ifid_i=00008413 idex_v=0 exmem_v=0 mwb_v=1 stall=0 flush=0 br=0 j=00 rs1=0=00000000 rs2=0=00000000 a=00000000 b=00000000 alu=00000000 ra=80000608 count=00000000
# TRACE t=21945000 pc=80000e24 ifid_pc=80000e20 idex_pc=80000e1c ifid_i=010000ef idex_v=1 exmem_v=0 mwb_v=0 stall=0 flush=0 br=0 j=00 rs1=1=80000608 rs2=0=00000000 a=80000608 b=00000000 alu=80000608 ra=8000060c count=00000000
# TRACE t=21955000 pc=80000e28 ifid_pc=80000e24 idex_pc=80000e20 ifid_i=00000297 idex_v=1 exmem_v=1 mwb_v=0 stall=0 flush=1 br=0 j=01 rs1=0=00000000 rs2=16=00000000 a=00000000 b=00000000 alu=00000000 ra=8000060c count=00000000
# TRACE t=21965000 pc=80000e30 ifid_pc=00000000 idex_pc=00000000 ifid_i=00000000 idex_v=0 exmem_v=1 mwb_v=1 stall=0 flush=0 br=0 j=00 rs1=0=00000000 rs2=0=00000000 a=00000000 b=00000000 alu=00000000 ra=8000060c count=00000000
# TRACE t=21975000 pc=80000e34 ifid_pc=80000e30 idex_pc=00000000 ifid_i=00400313 idex_v=0 exmem_v=0 mwb_v=1 stall=0 flush=0 br=0 j=00 rs1=0=00000000 rs2=0=00000000 a=00000000 b=00000000 alu=00000000 ra=8000060c count=00000000
# TRACE t=21985000 pc=80000e38 ifid_pc=80000e34 idex_pc=80000e30 ifid_i=00008067 idex_v=1 exmem_v=0 mwb_v=0 stall=0 flush=0 br=0 j=00 rs1=0=00000000 rs2=4=00000000 a=00000000 b=00000004 alu=00000004 ra=80000e24 count=00000000
# TRACE t=21995000 pc=80000e3c ifid_pc=80000e38 idex_pc=80000e34 ifid_i=000ff297 idex_v=1 exmem_v=1 mwb_v=0 stall=0 flush=1 br=0 j=10 rs1=1=80000e24 rs2=0=00000000 a=80000e24 b=00000000 alu=80000e24 ra=80000e24 count=00000000
# TRACE t=22005000 pc=80000e24 ifid_pc=00000000 idex_pc=00000000 ifid_i=00000000 idex_v=0 exmem_v=1 mwb_v=1 stall=0 flush=0 br=0 j=00 rs1=0=00000000 rs2=0=00000000 a=00000000 b=00000000 alu=00000000 ra=80000e24 count=00000000
# TRACE t=22015000 pc=80000e28 ifid_pc=80000e24 idex_pc=00000000 ifid_i=00000297 idex_v=0 exmem_v=0 mwb_v=1 stall=0 flush=0 br=0 j=00 rs1=0=00000000 rs2=0=00000000 a=00000000 b=00000000 alu=00000000 ra=80000e24 count=00000000
# TRACE t=22025000 pc=80000e2c ifid_pc=80000e28 idex_pc=80000e24 ifid_i=00509863 idex_v=1 exmem_v=0 mwb_v=0 stall=0 flush=0 br=0 j=00 rs1=0=00000000 rs2=0=00000000 a=80000e24 b=00000000 alu=80000e24 ra=80000e24 count=00000000
# TRACE t=22035000 pc=80000e30 ifid_pc=80000e2c idex_pc=80000e28 ifid_i=0280006f idex_v=1 exmem_v=1 mwb_v=0 stall=0 flush=0 br=1 j=00 rs1=1=80000e24 rs2=5=80000e24 a=80000e24 b=80000e24 alu=00000000 ra=80000e24 count=00000000
# TRACE t=22045000 pc=80000e34 ifid_pc=80000e30 idex_pc=80000e2c ifid_i=00400313 idex_v=1 exmem_v=1 mwb_v=1 stall=0 flush=1 br=0 j=01 rs1=0=00000000 rs2=8=80000608 a=00000000 b=80000608 alu=80000608 ra=80000e24 count=00000000
# TRACE t=22055000 pc=80000e54 ifid_pc=00000000 idex_pc=00000000 ifid_i=00000000 idex_v=0 exmem_v=1 mwb_v=1 stall=0 flush=0 br=0 j=00 rs1=0=00000000 rs2=0=00000000 a=00000000 b=00000000 alu=00000000 ra=80000e24 count=00000000
# TRACE t=22065000 pc=80000e58 ifid_pc=80000e54 idex_pc=00000000 ifid_i=000ff297 idex_v=0 exmem_v=0 mwb_v=1 stall=0 flush=0 br=0 j=00 rs1=0=00000000 rs2=0=00000000 a=00000000 b=00000000 alu=00000000 ra=80000e24 count=00000000
# TRACE t=22075000 pc=80000e5c ifid_pc=80000e58 idex_pc=80000e54 ifid_i=1ac28293 idex_v=1 exmem_v=0 mwb_v=0 stall=0 flush=0 br=0 j=00 rs1=31=00000000 rs2=0=00000000 a=80000e54 b=000ff000 alu=800ffe54 ra=80000e24 count=00000000
# TRACE t=22085000 pc=80000e60 ifid_pc=80000e5c idex_pc=80000e58 ifid_i=0002a303 idex_v=1 exmem_v=1 mwb_v=0 stall=0 flush=0 br=0 j=00 rs1=5=800ffe54 rs2=12=00000000 a=800ffe54 b=000001ac alu=80100000 ra=80000e24 count=00000000
# TRACE t=22095000 pc=80000e64 ifid_pc=80000e60 idex_pc=80000e5c ifid_i=00130313 idex_v=1 exmem_v=1 mwb_v=1 stall=1 flush=0 br=0 j=00 rs1=5=80100000 rs2=0=00000000 a=80100000 b=00000000 alu=80100000 ra=80000e24 count=00000000
# TRACE t=22105000 pc=80000e64 ifid_pc=80000e60 idex_pc=00000000 ifid_i=00130313 idex_v=0 exmem_v=1 mwb_v=1 stall=0 flush=0 br=0 j=00 rs1=0=00000000 rs2=0=00000000 a=00000000 b=00000000 alu=00000000 ra=80000e24 count=00000000
# TRACE t=22115000 pc=80000e68 ifid_pc=80000e64 idex_pc=80000e60 ifid_i=0062a023 idex_v=1 exmem_v=0 mwb_v=1 stall=0 flush=0 br=0 j=00 rs1=6=00000000 rs2=1=80000e24 a=00000000 b=00000001 alu=00000001 ra=80000e24 count=00000000
# TRACE t=22125000 pc=80000e6c ifid_pc=80000e68 idex_pc=80000e64 ifid_i=00040093 idex_v=1 exmem_v=1 mwb_v=0 stall=0 flush=0 br=0 j=00 rs1=5=80100000 rs2=6=00000001 a=80100000 b=00000000 alu=80100000 ra=80000e24 count=00000000
# TRACE t=22135000 pc=80000e70 ifid_pc=80000e6c idex_pc=80000e68 ifid_i=00008067 idex_v=1 exmem_v=1 mwb_v=1 stall=0 flush=0 br=0 j=00 rs1=8=80000608 rs2=0=00000000 a=80000608 b=00000000 alu=80000608 ra=80000e24 count=00000000
# COUNT t=22135000 data=00000001
# TRACE t=22145000 pc=80000e74 ifid_pc=80000e70 idex_pc=80000e6c ifid_i=000ff297 idex_v=1 exmem_v=1 mwb_v=1 stall=0 flush=1 br=0 j=10 rs1=1=80000608 rs2=0=00000000 a=80000608 b=00000000 alu=80000608 ra=80000e24 count=00000000
# TRACE t=22185000 pc=80000e1c ifid_pc=00000000 idex_pc=00000000 ifid_i=00000000 idex_v=0 exmem_v=1 mwb_v=0 stall=0 flush=0 br=0 j=00 rs1=0=00000000 rs2=0=00000000 a=00000000 b=00000000 alu=00000000 ra=80000608 count=00000000
# TRACE t=22195000 pc=80000e20 ifid_pc=80000e1c idex_pc=00000000 ifid_i=00008413 idex_v=0 exmem_v=0 mwb_v=1 stall=0 flush=0 br=0 j=00 rs1=0=00000000 rs2=0=00000000 a=00000000 b=00000000 alu=00000000 ra=80000608 count=00000000
# TRACE t=22205000 pc=80000e24 ifid_pc=80000e20 idex_pc=80000e1c ifid_i=010000ef idex_v=1 exmem_v=0 mwb_v=0 stall=0 flush=0 br=0 j=00 rs1=1=80000608 rs2=0=00000000 a=80000608 b=00000000 alu=80000608 ra=8000060c count=00000000
# TRACE t=22215000 pc=80000e28 ifid_pc=80000e24 idex_pc=80000e20 ifid_i=00000297 idex_v=1 exmem_v=1 mwb_v=0 stall=0 flush=1 br=0 j=01 rs1=0=00000000 rs2=16=00000000 a=00000000 b=00000000 alu=00000000 ra=8000060c count=00000000
# TRACE t=22225000 pc=80000e30 ifid_pc=00000000 idex_pc=00000000 ifid_i=00000000 idex_v=0 exmem_v=1 mwb_v=1 stall=0 flush=0 br=0 j=00 rs1=0=00000000 rs2=0=00000000 a=00000000 b=00000000 alu=00000000 ra=8000060c count=00000000
# TRACE t=22235000 pc=80000e34 ifid_pc=80000e30 idex_pc=00000000 ifid_i=00400313 idex_v=0 exmem_v=0 mwb_v=1 stall=0 flush=0 br=0 j=00 rs1=0=00000000 rs2=0=00000000 a=00000000 b=00000000 alu=00000000 ra=8000060c count=00000000
# TRACE t=22245000 pc=80000e38 ifid_pc=80000e34 idex_pc=80000e30 ifid_i=00008067 idex_v=1 exmem_v=0 mwb_v=0 stall=0 flush=0 br=0 j=00 rs1=0=00000000 rs2=4=00000000 a=00000000 b=00000004 alu=00000004 ra=80000e24 count=00000000
# TRACE t=22255000 pc=80000e3c ifid_pc=80000e38 idex_pc=80000e34 ifid_i=000ff297 idex_v=1 exmem_v=1 mwb_v=0 stall=0 flush=1 br=0 j=10 rs1=1=80000e24 rs2=0=00000000 a=80000e24 b=00000000 alu=80000e24 ra=80000e24 count=00000000
# TRACE t=22265000 pc=80000e24 ifid_pc=00000000 idex_pc=00000000 ifid_i=00000000 idex_v=0 exmem_v=1 mwb_v=1 stall=0 flush=0 br=0 j=00 rs1=0=00000000 rs2=0=00000000 a=00000000 b=00000000 alu=00000000 ra=80000e24 count=00000000
# TRACE t=22275000 pc=80000e28 ifid_pc=80000e24 idex_pc=00000000 ifid_i=00000297 idex_v=0 exmem_v=0 mwb_v=1 stall=0 flush=0 br=0 j=00 rs1=0=00000000 rs2=0=00000000 a=00000000 b=00000000 alu=00000000 ra=80000e24 count=00000000
# TRACE t=22285000 pc=80000e2c ifid_pc=80000e28 idex_pc=80000e24 ifid_i=00509863 idex_v=1 exmem_v=0 mwb_v=0 stall=0 flush=0 br=0 j=00 rs1=0=00000000 rs2=0=00000000 a=80000e24 b=00000000 alu=80000e24 ra=80000e24 count=00000000
# TRACE t=22295000 pc=80000e30 ifid_pc=80000e2c idex_pc=80000e28 ifid_i=0280006f idex_v=1 exmem_v=1 mwb_v=0 stall=0 flush=0 br=1 j=00 rs1=1=80000e24 rs2=5=80000e24 a=80000e24 b=80000e24 alu=00000000 ra=80000e24 count=00000000
# TRACE t=22305000 pc=80000e34 ifid_pc=80000e30 idex_pc=80000e2c ifid_i=00400313 idex_v=1 exmem_v=1 mwb_v=1 stall=0 flush=1 br=0 j=01 rs1=0=00000000 rs2=8=80000608 a=00000000 b=80000608 alu=80000608 ra=80000e24 count=00000000
# TRACE t=22315000 pc=80000e54 ifid_pc=00000000 idex_pc=00000000 ifid_i=00000000 idex_v=0 exmem_v=1 mwb_v=1 stall=0 flush=0 br=0 j=00 rs1=0=00000000 rs2=0=00000000 a=00000000 b=00000000 alu=00000000 ra=80000e24 count=00000000
# TRACE t=22325000 pc=80000e58 ifid_pc=80000e54 idex_pc=00000000 ifid_i=000ff297 idex_v=0 exmem_v=0 mwb_v=1 stall=0 flush=0 br=0 j=00 rs1=0=00000000 rs2=0=00000000 a=00000000 b=00000000 alu=00000000 ra=80000e24 count=00000000
# TRACE t=22335000 pc=80000e5c ifid_pc=80000e58 idex_pc=80000e54 ifid_i=1ac28293 idex_v=1 exmem_v=0 mwb_v=0 stall=0 flush=0 br=0 j=00 rs1=31=00000000 rs2=0=00000000 a=80000e54 b=000ff000 alu=800ffe54 ra=80000e24 count=00000000
# TRACE t=22345000 pc=80000e60 ifid_pc=80000e5c idex_pc=80000e58 ifid_i=0002a303 idex_v=1 exmem_v=1 mwb_v=0 stall=0 flush=0 br=0 j=00 rs1=5=800ffe54 rs2=12=00000000 a=800ffe54 b=000001ac alu=80100000 ra=80000e24 count=00000000
# TRACE t=22355000 pc=80000e64 ifid_pc=80000e60 idex_pc=80000e5c ifid_i=00130313 idex_v=1 exmem_v=1 mwb_v=1 stall=1 flush=0 br=0 j=00 rs1=5=80100000 rs2=0=00000000 a=80100000 b=00000000 alu=80100000 ra=80000e24 count=00000000
# TRACE t=22365000 pc=80000e64 ifid_pc=80000e60 idex_pc=00000000 ifid_i=00130313 idex_v=0 exmem_v=1 mwb_v=1 stall=0 flush=0 br=0 j=00 rs1=0=00000000 rs2=0=00000000 a=00000000 b=00000000 alu=00000000 ra=80000e24 count=00000000
# TRACE t=22375000 pc=80000e68 ifid_pc=80000e64 idex_pc=80000e60 ifid_i=0062a023 idex_v=1 exmem_v=0 mwb_v=1 stall=0 flush=0 br=0 j=00 rs1=6=00000000 rs2=1=80000e24 a=00000000 b=00000001 alu=00000001 ra=80000e24 count=00000000
# TRACE t=22385000 pc=80000e6c ifid_pc=80000e68 idex_pc=80000e64 ifid_i=00040093 idex_v=1 exmem_v=1 mwb_v=0 stall=0 flush=0 br=0 j=00 rs1=5=80100000 rs2=6=00000001 a=80100000 b=00000000 alu=80100000 ra=80000e24 count=00000000
# TRACE t=22395000 pc=80000e70 ifid_pc=80000e6c idex_pc=80000e68 ifid_i=00008067 idex_v=1 exmem_v=1 mwb_v=1 stall=0 flush=0 br=0 j=00 rs1=8=80000608 rs2=0=00000000 a=80000608 b=00000000 alu=80000608 ra=80000e24 count=00000000
# COUNT t=22395000 data=00000001
# TRACE t=22405000 pc=80000e74 ifid_pc=80000e70 idex_pc=80000e6c ifid_i=000ff297 idex_v=1 exmem_v=1 mwb_v=1 stall=0 flush=1 br=0 j=10 rs1=1=80000608 rs2=0=00000000 a=80000608 b=00000000 alu=80000608 ra=80000e24 count=00000000
# TRACE t=22445000 pc=80000e1c ifid_pc=00000000 idex_pc=00000000 ifid_i=00000000 idex_v=0 exmem_v=1 mwb_v=0 stall=0 flush=0 br=0 j=00 rs1=0=00000000 rs2=0=00000000 a=00000000 b=00000000 alu=00000000 ra=80000608 count=00000000
# TRACE t=22455000 pc=80000e20 ifid_pc=80000e1c idex_pc=00000000 ifid_i=00008413 idex_v=0 exmem_v=0 mwb_v=1 stall=0 flush=0 br=0 j=00 rs1=0=00000000 rs2=0=00000000 a=00000000 b=00000000 alu=00000000 ra=80000608 count=00000000
# TRACE t=22465000 pc=80000e24 ifid_pc=80000e20 idex_pc=80000e1c ifid_i=010000ef idex_v=1 exmem_v=0 mwb_v=0 stall=0 flush=0 br=0 j=00 rs1=1=80000608 rs2=0=00000000 a=80000608 b=00000000 alu=80000608 ra=8000060c count=00000000
# TRACE t=22475000 pc=80000e28 ifid_pc=80000e24 idex_pc=80000e20 ifid_i=00000297 idex_v=1 exmem_v=1 mwb_v=0 stall=0 flush=1 br=0 j=01 rs1=0=00000000 rs2=16=00000000 a=00000000 b=00000000 alu=00000000 ra=8000060c count=00000000
# TRACE t=22485000 pc=80000e30 ifid_pc=00000000 idex_pc=00000000 ifid_i=00000000 idex_v=0 exmem_v=1 mwb_v=1 stall=0 flush=0 br=0 j=00 rs1=0=00000000 rs2=0=00000000 a=00000000 b=00000000 alu=00000000 ra=8000060c count=00000000
# TRACE t=22495000 pc=80000e34 ifid_pc=80000e30 idex_pc=00000000 ifid_i=00400313 idex_v=0 exmem_v=0 mwb_v=1 stall=0 flush=0 br=0 j=00 rs1=0=00000000 rs2=0=00000000 a=00000000 b=00000000 alu=00000000 ra=8000060c count=00000000
# TRACE t=22505000 pc=80000e38 ifid_pc=80000e34 idex_pc=80000e30 ifid_i=00008067 idex_v=1 exmem_v=0 mwb_v=0 stall=0 flush=0 br=0 j=00 rs1=0=00000000 rs2=4=00000000 a=00000000 b=00000004 alu=00000004 ra=80000e24 count=00000000
# TRACE t=22515000 pc=80000e3c ifid_pc=80000e38 idex_pc=80000e34 ifid_i=000ff297 idex_v=1 exmem_v=1 mwb_v=0 stall=0 flush=1 br=0 j=10 rs1=1=80000e24 rs2=0=00000000 a=80000e24 b=00000000 alu=80000e24 ra=80000e24 count=00000000
# TRACE t=22525000 pc=80000e24 ifid_pc=00000000 idex_pc=00000000 ifid_i=00000000 idex_v=0 exmem_v=1 mwb_v=1 stall=0 flush=0 br=0 j=00 rs1=0=00000000 rs2=0=00000000 a=00000000 b=00000000 alu=00000000 ra=80000e24 count=00000000
# TRACE t=22535000 pc=80000e28 ifid_pc=80000e24 idex_pc=00000000 ifid_i=00000297 idex_v=0 exmem_v=0 mwb_v=1 stall=0 flush=0 br=0 j=00 rs1=0=00000000 rs2=0=00000000 a=00000000 b=00000000 alu=00000000 ra=80000e24 count=00000000
# TRACE t=22545000 pc=80000e2c ifid_pc=80000e28 idex_pc=80000e24 ifid_i=00509863 idex_v=1 exmem_v=0 mwb_v=0 stall=0 flush=0 br=0 j=00 rs1=0=00000000 rs2=0=00000000 a=80000e24 b=00000000 alu=80000e24 ra=80000e24 count=00000000
# TRACE t=22555000 pc=80000e30 ifid_pc=80000e2c idex_pc=80000e28 ifid_i=0280006f idex_v=1 exmem_v=1 mwb_v=0 stall=0 flush=0 br=1 j=00 rs1=1=80000e24 rs2=5=80000e24 a=80000e24 b=80000e24 alu=00000000 ra=80000e24 count=00000000
# TRACE t=22565000 pc=80000e34 ifid_pc=80000e30 idex_pc=80000e2c ifid_i=00400313 idex_v=1 exmem_v=1 mwb_v=1 stall=0 flush=1 br=0 j=01 rs1=0=00000000 rs2=8=80000608 a=00000000 b=80000608 alu=80000608 ra=80000e24 count=00000000
# TRACE t=22575000 pc=80000e54 ifid_pc=00000000 idex_pc=00000000 ifid_i=00000000 idex_v=0 exmem_v=1 mwb_v=1 stall=0 flush=0 br=0 j=00 rs1=0=00000000 rs2=0=00000000 a=00000000 b=00000000 alu=00000000 ra=80000e24 count=00000000
# TRACE t=22585000 pc=80000e58 ifid_pc=80000e54 idex_pc=00000000 ifid_i=000ff297 idex_v=0 exmem_v=0 mwb_v=1 stall=0 flush=0 br=0 j=00 rs1=0=00000000 rs2=0=00000000 a=00000000 b=00000000 alu=00000000 ra=80000e24 count=00000000
# TRACE t=22595000 pc=80000e5c ifid_pc=80000e58 idex_pc=80000e54 ifid_i=1ac28293 idex_v=1 exmem_v=0 mwb_v=0 stall=0 flush=0 br=0 j=00 rs1=31=00000000 rs2=0=00000000 a=80000e54 b=000ff000 alu=800ffe54 ra=80000e24 count=00000000
# TRACE t=22605000 pc=80000e60 ifid_pc=80000e5c idex_pc=80000e58 ifid_i=0002a303 idex_v=1 exmem_v=1 mwb_v=0 stall=0 flush=0 br=0 j=00 rs1=5=800ffe54 rs2=12=00000000 a=800ffe54 b=000001ac alu=80100000 ra=80000e24 count=00000000
# TRACE t=22615000 pc=80000e64 ifid_pc=80000e60 idex_pc=80000e5c ifid_i=00130313 idex_v=1 exmem_v=1 mwb_v=1 stall=1 flush=0 br=0 j=00 rs1=5=80100000 rs2=0=00000000 a=80100000 b=00000000 alu=80100000 ra=80000e24 count=00000000
# TRACE t=22625000 pc=80000e64 ifid_pc=80000e60 idex_pc=00000000 ifid_i=00130313 idex_v=0 exmem_v=1 mwb_v=1 stall=0 flush=0 br=0 j=00 rs1=0=00000000 rs2=0=00000000 a=00000000 b=00000000 alu=00000000 ra=80000e24 count=00000000
# TRACE t=22635000 pc=80000e68 ifid_pc=80000e64 idex_pc=80000e60 ifid_i=0062a023 idex_v=1 exmem_v=0 mwb_v=1 stall=0 flush=0 br=0 j=00 rs1=6=00000000 rs2=1=80000e24 a=00000000 b=00000001 alu=00000001 ra=80000e24 count=00000000
# TRACE t=22645000 pc=80000e6c ifid_pc=80000e68 idex_pc=80000e64 ifid_i=00040093 idex_v=1 exmem_v=1 mwb_v=0 stall=0 flush=0 br=0 j=00 rs1=5=80100000 rs2=6=00000001 a=80100000 b=00000000 alu=80100000 ra=80000e24 count=00000000
# TRACE t=22655000 pc=80000e70 ifid_pc=80000e6c idex_pc=80000e68 ifid_i=00008067 idex_v=1 exmem_v=1 mwb_v=1 stall=0 flush=0 br=0 j=00 rs1=8=80000608 rs2=0=00000000 a=80000608 b=00000000 alu=80000608 ra=80000e24 count=00000000
# COUNT t=22655000 data=00000001
# TRACE t=22665000 pc=80000e74 ifid_pc=80000e70 idex_pc=80000e6c ifid_i=000ff297 idex_v=1 exmem_v=1 mwb_v=1 stall=0 flush=1 br=0 j=10 rs1=1=80000608 rs2=0=00000000 a=80000608 b=00000000 alu=80000608 ra=80000e24 count=00000000
# TRACE t=22705000 pc=80000e1c ifid_pc=00000000 idex_pc=00000000 ifid_i=00000000 idex_v=0 exmem_v=1 mwb_v=0 stall=0 flush=0 br=0 j=00 rs1=0=00000000 rs2=0=00000000 a=00000000 b=00000000 alu=00000000 ra=80000608 count=00000000
# TRACE t=22715000 pc=80000e20 ifid_pc=80000e1c idex_pc=00000000 ifid_i=00008413 idex_v=0 exmem_v=0 mwb_v=1 stall=0 flush=0 br=0 j=00 rs1=0=00000000 rs2=0=00000000 a=00000000 b=00000000 alu=00000000 ra=80000608 count=00000000
# TRACE t=22725000 pc=80000e24 ifid_pc=80000e20 idex_pc=80000e1c ifid_i=010000ef idex_v=1 exmem_v=0 mwb_v=0 stall=0 flush=0 br=0 j=00 rs1=1=80000608 rs2=0=00000000 a=80000608 b=00000000 alu=80000608 ra=8000060c count=00000000
# TRACE t=22735000 pc=80000e28 ifid_pc=80000e24 idex_pc=80000e20 ifid_i=00000297 idex_v=1 exmem_v=1 mwb_v=0 stall=0 flush=1 br=0 j=01 rs1=0=00000000 rs2=16=00000000 a=00000000 b=00000000 alu=00000000 ra=8000060c count=00000000
# TRACE t=22745000 pc=80000e30 ifid_pc=00000000 idex_pc=00000000 ifid_i=00000000 idex_v=0 exmem_v=1 mwb_v=1 stall=0 flush=0 br=0 j=00 rs1=0=00000000 rs2=0=00000000 a=00000000 b=00000000 alu=00000000 ra=8000060c count=00000000
# TRACE t=22755000 pc=80000e34 ifid_pc=80000e30 idex_pc=00000000 ifid_i=00400313 idex_v=0 exmem_v=0 mwb_v=1 stall=0 flush=0 br=0 j=00 rs1=0=00000000 rs2=0=00000000 a=00000000 b=00000000 alu=00000000 ra=8000060c count=00000000
# TRACE t=22765000 pc=80000e38 ifid_pc=80000e34 idex_pc=80000e30 ifid_i=00008067 idex_v=1 exmem_v=0 mwb_v=0 stall=0 flush=0 br=0 j=00 rs1=0=00000000 rs2=4=00000000 a=00000000 b=00000004 alu=00000004 ra=80000e24 count=00000000
# TRACE t=22775000 pc=80000e3c ifid_pc=80000e38 idex_pc=80000e34 ifid_i=000ff297 idex_v=1 exmem_v=1 mwb_v=0 stall=0 flush=1 br=0 j=10 rs1=1=80000e24 rs2=0=00000000 a=80000e24 b=00000000 alu=80000e24 ra=80000e24 count=00000000
# TRACE t=22785000 pc=80000e24 ifid_pc=00000000 idex_pc=00000000 ifid_i=00000000 idex_v=0 exmem_v=1 mwb_v=1 stall=0 flush=0 br=0 j=00 rs1=0=00000000 rs2=0=00000000 a=00000000 b=00000000 alu=00000000 ra=80000e24 count=00000000
# TRACE t=22795000 pc=80000e28 ifid_pc=80000e24 idex_pc=00000000 ifid_i=00000297 idex_v=0 exmem_v=0 mwb_v=1 stall=0 flush=0 br=0 j=00 rs1=0=00000000 rs2=0=00000000 a=00000000 b=00000000 alu=00000000 ra=80000e24 count=00000000
# TRACE t=22805000 pc=80000e2c ifid_pc=80000e28 idex_pc=80000e24 ifid_i=00509863 idex_v=1 exmem_v=0 mwb_v=0 stall=0 flush=0 br=0 j=00 rs1=0=00000000 rs2=0=00000000 a=80000e24 b=00000000 alu=80000e24 ra=80000e24 count=00000000
# TRACE t=22815000 pc=80000e30 ifid_pc=80000e2c idex_pc=80000e28 ifid_i=0280006f idex_v=1 exmem_v=1 mwb_v=0 stall=0 flush=0 br=1 j=00 rs1=1=80000e24 rs2=5=80000e24 a=80000e24 b=80000e24 alu=00000000 ra=80000e24 count=00000000
# TRACE t=22825000 pc=80000e34 ifid_pc=80000e30 idex_pc=80000e2c ifid_i=00400313 idex_v=1 exmem_v=1 mwb_v=1 stall=0 flush=1 br=0 j=01 rs1=0=00000000 rs2=8=80000608 a=00000000 b=80000608 alu=80000608 ra=80000e24 count=00000000
# TRACE t=22835000 pc=80000e54 ifid_pc=00000000 idex_pc=00000000 ifid_i=00000000 idex_v=0 exmem_v=1 mwb_v=1 stall=0 flush=0 br=0 j=00 rs1=0=00000000 rs2=0=00000000 a=00000000 b=00000000 alu=00000000 ra=80000e24 count=00000000
# TRACE t=22845000 pc=80000e58 ifid_pc=80000e54 idex_pc=00000000 ifid_i=000ff297 idex_v=0 exmem_v=0 mwb_v=1 stall=0 flush=0 br=0 j=00 rs1=0=00000000 rs2=0=00000000 a=00000000 b=00000000 alu=00000000 ra=80000e24 count=00000000
# TRACE t=22855000 pc=80000e5c ifid_pc=80000e58 idex_pc=80000e54 ifid_i=1ac28293 idex_v=1 exmem_v=0 mwb_v=0 stall=0 flush=0 br=0 j=00 rs1=31=00000000 rs2=0=00000000 a=80000e54 b=000ff000 alu=800ffe54 ra=80000e24 count=00000000
# TRACE t=22865000 pc=80000e60 ifid_pc=80000e5c idex_pc=80000e58 ifid_i=0002a303 idex_v=1 exmem_v=1 mwb_v=0 stall=0 flush=0 br=0 j=00 rs1=5=800ffe54 rs2=12=00000000 a=800ffe54 b=000001ac alu=80100000 ra=80000e24 count=00000000
# TRACE t=22875000 pc=80000e64 ifid_pc=80000e60 idex_pc=80000e5c ifid_i=00130313 idex_v=1 exmem_v=1 mwb_v=1 stall=1 flush=0 br=0 j=00 rs1=5=80100000 rs2=0=00000000 a=80100000 b=00000000 alu=80100000 ra=80000e24 count=00000000
# TRACE t=22885000 pc=80000e64 ifid_pc=80000e60 idex_pc=00000000 ifid_i=00130313 idex_v=0 exmem_v=1 mwb_v=1 stall=0 flush=0 br=0 j=00 rs1=0=00000000 rs2=0=00000000 a=00000000 b=00000000 alu=00000000 ra=80000e24 count=00000000
# TRACE t=22895000 pc=80000e68 ifid_pc=80000e64 idex_pc=80000e60 ifid_i=0062a023 idex_v=1 exmem_v=0 mwb_v=1 stall=0 flush=0 br=0 j=00 rs1=6=00000000 rs2=1=80000e24 a=00000000 b=00000001 alu=00000001 ra=80000e24 count=00000000
# TRACE t=22905000 pc=80000e6c ifid_pc=80000e68 idex_pc=80000e64 ifid_i=00040093 idex_v=1 exmem_v=1 mwb_v=0 stall=0 flush=0 br=0 j=00 rs1=5=80100000 rs2=6=00000001 a=80100000 b=00000000 alu=80100000 ra=80000e24 count=00000000
# TRACE t=22915000 pc=80000e70 ifid_pc=80000e6c idex_pc=80000e68 ifid_i=00008067 idex_v=1 exmem_v=1 mwb_v=1 stall=0 flush=0 br=0 j=00 rs1=8=80000608 rs2=0=00000000 a=80000608 b=00000000 alu=80000608 ra=80000e24 count=00000000
# COUNT t=22915000 data=00000001
# TRACE t=22925000 pc=80000e74 ifid_pc=80000e70 idex_pc=80000e6c ifid_i=000ff297 idex_v=1 exmem_v=1 mwb_v=1 stall=0 flush=1 br=0 j=10 rs1=1=80000608 rs2=0=00000000 a=80000608 b=00000000 alu=80000608 ra=80000e24 count=00000000
# TRACE t=22965000 pc=80000e1c ifid_pc=00000000 idex_pc=00000000 ifid_i=00000000 idex_v=0 exmem_v=1 mwb_v=0 stall=0 flush=0 br=0 j=00 rs1=0=00000000 rs2=0=00000000 a=00000000 b=00000000 alu=00000000 ra=80000608 count=00000000
# TRACE t=22975000 pc=80000e20 ifid_pc=80000e1c idex_pc=00000000 ifid_i=00008413 idex_v=0 exmem_v=0 mwb_v=1 stall=0 flush=0 br=0 j=00 rs1=0=00000000 rs2=0=00000000 a=00000000 b=00000000 alu=00000000 ra=80000608 count=00000000
# TRACE t=22985000 pc=80000e24 ifid_pc=80000e20 idex_pc=80000e1c ifid_i=010000ef idex_v=1 exmem_v=0 mwb_v=0 stall=0 flush=0 br=0 j=00 rs1=1=80000608 rs2=0=00000000 a=80000608 b=00000000 alu=80000608 ra=8000060c count=00000000
# TRACE t=22995000 pc=80000e28 ifid_pc=80000e24 idex_pc=80000e20 ifid_i=00000297 idex_v=1 exmem_v=1 mwb_v=0 stall=0 flush=1 br=0 j=01 rs1=0=00000000 rs2=16=00000000 a=00000000 b=00000000 alu=00000000 ra=8000060c count=00000000
# TRACE t=23005000 pc=80000e30 ifid_pc=00000000 idex_pc=00000000 ifid_i=00000000 idex_v=0 exmem_v=1 mwb_v=1 stall=0 flush=0 br=0 j=00 rs1=0=00000000 rs2=0=00000000 a=00000000 b=00000000 alu=00000000 ra=8000060c count=00000000
# TRACE t=23015000 pc=80000e34 ifid_pc=80000e30 idex_pc=00000000 ifid_i=00400313 idex_v=0 exmem_v=0 mwb_v=1 stall=0 flush=0 br=0 j=00 rs1=0=00000000 rs2=0=00000000 a=00000000 b=00000000 alu=00000000 ra=8000060c count=00000000
# TRACE t=23025000 pc=80000e38 ifid_pc=80000e34 idex_pc=80000e30 ifid_i=00008067 idex_v=1 exmem_v=0 mwb_v=0 stall=0 flush=0 br=0 j=00 rs1=0=00000000 rs2=4=00000000 a=00000000 b=00000004 alu=00000004 ra=80000e24 count=00000000
# TRACE t=23035000 pc=80000e3c ifid_pc=80000e38 idex_pc=80000e34 ifid_i=000ff297 idex_v=1 exmem_v=1 mwb_v=0 stall=0 flush=1 br=0 j=10 rs1=1=80000e24 rs2=0=00000000 a=80000e24 b=00000000 alu=80000e24 ra=80000e24 count=00000000
# TRACE t=23045000 pc=80000e24 ifid_pc=00000000 idex_pc=00000000 ifid_i=00000000 idex_v=0 exmem_v=1 mwb_v=1 stall=0 flush=0 br=0 j=00 rs1=0=00000000 rs2=0=00000000 a=00000000 b=00000000 alu=00000000 ra=80000e24 count=00000000
# TRACE t=23055000 pc=80000e28 ifid_pc=80000e24 idex_pc=00000000 ifid_i=00000297 idex_v=0 exmem_v=0 mwb_v=1 stall=0 flush=0 br=0 j=00 rs1=0=00000000 rs2=0=00000000 a=00000000 b=00000000 alu=00000000 ra=80000e24 count=00000000
# TRACE t=23065000 pc=80000e2c ifid_pc=80000e28 idex_pc=80000e24 ifid_i=00509863 idex_v=1 exmem_v=0 mwb_v=0 stall=0 flush=0 br=0 j=00 rs1=0=00000000 rs2=0=00000000 a=80000e24 b=00000000 alu=80000e24 ra=80000e24 count=00000000
# TRACE t=23075000 pc=80000e30 ifid_pc=80000e2c idex_pc=80000e28 ifid_i=0280006f idex_v=1 exmem_v=1 mwb_v=0 stall=0 flush=0 br=1 j=00 rs1=1=80000e24 rs2=5=80000e24 a=80000e24 b=80000e24 alu=00000000 ra=80000e24 count=00000000
# TRACE t=23085000 pc=80000e34 ifid_pc=80000e30 idex_pc=80000e2c ifid_i=00400313 idex_v=1 exmem_v=1 mwb_v=1 stall=0 flush=1 br=0 j=01 rs1=0=00000000 rs2=8=80000608 a=00000000 b=80000608 alu=80000608 ra=80000e24 count=00000000
# TRACE t=23095000 pc=80000e54 ifid_pc=00000000 idex_pc=00000000 ifid_i=00000000 idex_v=0 exmem_v=1 mwb_v=1 stall=0 flush=0 br=0 j=00 rs1=0=00000000 rs2=0=00000000 a=00000000 b=00000000 alu=00000000 ra=80000e24 count=00000000
# TRACE t=23105000 pc=80000e58 ifid_pc=80000e54 idex_pc=00000000 ifid_i=000ff297 idex_v=0 exmem_v=0 mwb_v=1 stall=0 flush=0 br=0 j=00 rs1=0=00000000 rs2=0=00000000 a=00000000 b=00000000 alu=00000000 ra=80000e24 count=00000000
# TRACE t=23115000 pc=80000e5c ifid_pc=80000e58 idex_pc=80000e54 ifid_i=1ac28293 idex_v=1 exmem_v=0 mwb_v=0 stall=0 flush=0 br=0 j=00 rs1=31=00000000 rs2=0=00000000 a=80000e54 b=000ff000 alu=800ffe54 ra=80000e24 count=00000000
# TRACE t=23125000 pc=80000e60 ifid_pc=80000e5c idex_pc=80000e58 ifid_i=0002a303 idex_v=1 exmem_v=1 mwb_v=0 stall=0 flush=0 br=0 j=00 rs1=5=800ffe54 rs2=12=00000000 a=800ffe54 b=000001ac alu=80100000 ra=80000e24 count=00000000
# TRACE t=23135000 pc=80000e64 ifid_pc=80000e60 idex_pc=80000e5c ifid_i=00130313 idex_v=1 exmem_v=1 mwb_v=1 stall=1 flush=0 br=0 j=00 rs1=5=80100000 rs2=0=00000000 a=80100000 b=00000000 alu=80100000 ra=80000e24 count=00000000
# TRACE t=23145000 pc=80000e64 ifid_pc=80000e60 idex_pc=00000000 ifid_i=00130313 idex_v=0 exmem_v=1 mwb_v=1 stall=0 flush=0 br=0 j=00 rs1=0=00000000 rs2=0=00000000 a=00000000 b=00000000 alu=00000000 ra=80000e24 count=00000000
# TRACE t=23155000 pc=80000e68 ifid_pc=80000e64 idex_pc=80000e60 ifid_i=0062a023 idex_v=1 exmem_v=0 mwb_v=1 stall=0 flush=0 br=0 j=00 rs1=6=00000000 rs2=1=80000e24 a=00000000 b=00000001 alu=00000001 ra=80000e24 count=00000000
# TRACE t=23165000 pc=80000e6c ifid_pc=80000e68 idex_pc=80000e64 ifid_i=00040093 idex_v=1 exmem_v=1 mwb_v=0 stall=0 flush=0 br=0 j=00 rs1=5=80100000 rs2=6=00000001 a=80100000 b=00000000 alu=80100000 ra=80000e24 count=00000000
# TRACE t=23175000 pc=80000e70 ifid_pc=80000e6c idex_pc=80000e68 ifid_i=00008067 idex_v=1 exmem_v=1 mwb_v=1 stall=0 flush=0 br=0 j=00 rs1=8=80000608 rs2=0=00000000 a=80000608 b=00000000 alu=80000608 ra=80000e24 count=00000000
# COUNT t=23175000 data=00000001
# TRACE t=23185000 pc=80000e74 ifid_pc=80000e70 idex_pc=80000e6c ifid_i=000ff297 idex_v=1 exmem_v=1 mwb_v=1 stall=0 flush=1 br=0 j=10 rs1=1=80000608 rs2=0=00000000 a=80000608 b=00000000 alu=80000608 ra=80000e24 count=00000000
# TRACE t=23225000 pc=80000e1c ifid_pc=00000000 idex_pc=00000000 ifid_i=00000000 idex_v=0 exmem_v=1 mwb_v=0 stall=0 flush=0 br=0 j=00 rs1=0=00000000 rs2=0=00000000 a=00000000 b=00000000 alu=00000000 ra=80000608 count=00000000
# TRACE t=23235000 pc=80000e20 ifid_pc=80000e1c idex_pc=00000000 ifid_i=00008413 idex_v=0 exmem_v=0 mwb_v=1 stall=0 flush=0 br=0 j=00 rs1=0=00000000 rs2=0=00000000 a=00000000 b=00000000 alu=00000000 ra=80000608 count=00000000
# TRACE t=23245000 pc=80000e24 ifid_pc=80000e20 idex_pc=80000e1c ifid_i=010000ef idex_v=1 exmem_v=0 mwb_v=0 stall=0 flush=0 br=0 j=00 rs1=1=80000608 rs2=0=00000000 a=80000608 b=00000000 alu=80000608 ra=8000060c count=00000000
# TRACE t=23255000 pc=80000e28 ifid_pc=80000e24 idex_pc=80000e20 ifid_i=00000297 idex_v=1 exmem_v=1 mwb_v=0 stall=0 flush=1 br=0 j=01 rs1=0=00000000 rs2=16=00000000 a=00000000 b=00000000 alu=00000000 ra=8000060c count=00000000
# TRACE t=23265000 pc=80000e30 ifid_pc=00000000 idex_pc=00000000 ifid_i=00000000 idex_v=0 exmem_v=1 mwb_v=1 stall=0 flush=0 br=0 j=00 rs1=0=00000000 rs2=0=00000000 a=00000000 b=00000000 alu=00000000 ra=8000060c count=00000000
# TRACE t=23275000 pc=80000e34 ifid_pc=80000e30 idex_pc=00000000 ifid_i=00400313 idex_v=0 exmem_v=0 mwb_v=1 stall=0 flush=0 br=0 j=00 rs1=0=00000000 rs2=0=00000000 a=00000000 b=00000000 alu=00000000 ra=8000060c count=00000000
# TRACE t=23285000 pc=80000e38 ifid_pc=80000e34 idex_pc=80000e30 ifid_i=00008067 idex_v=1 exmem_v=0 mwb_v=0 stall=0 flush=0 br=0 j=00 rs1=0=00000000 rs2=4=00000000 a=00000000 b=00000004 alu=00000004 ra=80000e24 count=00000000
# TRACE t=23295000 pc=80000e3c ifid_pc=80000e38 idex_pc=80000e34 ifid_i=000ff297 idex_v=1 exmem_v=1 mwb_v=0 stall=0 flush=1 br=0 j=10 rs1=1=80000e24 rs2=0=00000000 a=80000e24 b=00000000 alu=80000e24 ra=80000e24 count=00000000
# TRACE t=23305000 pc=80000e24 ifid_pc=00000000 idex_pc=00000000 ifid_i=00000000 idex_v=0 exmem_v=1 mwb_v=1 stall=0 flush=0 br=0 j=00 rs1=0=00000000 rs2=0=00000000 a=00000000 b=00000000 alu=00000000 ra=80000e24 count=00000000
# TRACE t=23315000 pc=80000e28 ifid_pc=80000e24 idex_pc=00000000 ifid_i=00000297 idex_v=0 exmem_v=0 mwb_v=1 stall=0 flush=0 br=0 j=00 rs1=0=00000000 rs2=0=00000000 a=00000000 b=00000000 alu=00000000 ra=80000e24 count=00000000
# TRACE t=23325000 pc=80000e2c ifid_pc=80000e28 idex_pc=80000e24 ifid_i=00509863 idex_v=1 exmem_v=0 mwb_v=0 stall=0 flush=0 br=0 j=00 rs1=0=00000000 rs2=0=00000000 a=80000e24 b=00000000 alu=80000e24 ra=80000e24 count=00000000
# TRACE t=23335000 pc=80000e30 ifid_pc=80000e2c idex_pc=80000e28 ifid_i=0280006f idex_v=1 exmem_v=1 mwb_v=0 stall=0 flush=0 br=1 j=00 rs1=1=80000e24 rs2=5=80000e24 a=80000e24 b=80000e24 alu=00000000 ra=80000e24 count=00000000
# TRACE t=23345000 pc=80000e34 ifid_pc=80000e30 idex_pc=80000e2c ifid_i=00400313 idex_v=1 exmem_v=1 mwb_v=1 stall=0 flush=1 br=0 j=01 rs1=0=00000000 rs2=8=80000608 a=00000000 b=80000608 alu=80000608 ra=80000e24 count=00000000
# TRACE t=23355000 pc=80000e54 ifid_pc=00000000 idex_pc=00000000 ifid_i=00000000 idex_v=0 exmem_v=1 mwb_v=1 stall=0 flush=0 br=0 j=00 rs1=0=00000000 rs2=0=00000000 a=00000000 b=00000000 alu=00000000 ra=80000e24 count=00000000
# TRACE t=23365000 pc=80000e58 ifid_pc=80000e54 idex_pc=00000000 ifid_i=000ff297 idex_v=0 exmem_v=0 mwb_v=1 stall=0 flush=0 br=0 j=00 rs1=0=00000000 rs2=0=00000000 a=00000000 b=00000000 alu=00000000 ra=80000e24 count=00000000
# TRACE t=23375000 pc=80000e5c ifid_pc=80000e58 idex_pc=80000e54 ifid_i=1ac28293 idex_v=1 exmem_v=0 mwb_v=0 stall=0 flush=0 br=0 j=00 rs1=31=00000000 rs2=0=00000000 a=80000e54 b=000ff000 alu=800ffe54 ra=80000e24 count=00000000
# TRACE t=23385000 pc=80000e60 ifid_pc=80000e5c idex_pc=80000e58 ifid_i=0002a303 idex_v=1 exmem_v=1 mwb_v=0 stall=0 flush=0 br=0 j=00 rs1=5=800ffe54 rs2=12=00000000 a=800ffe54 b=000001ac alu=80100000 ra=80000e24 count=00000000
# TRACE t=23395000 pc=80000e64 ifid_pc=80000e60 idex_pc=80000e5c ifid_i=00130313 idex_v=1 exmem_v=1 mwb_v=1 stall=1 flush=0 br=0 j=00 rs1=5=80100000 rs2=0=00000000 a=80100000 b=00000000 alu=80100000 ra=80000e24 count=00000000
# TRACE t=23405000 pc=80000e64 ifid_pc=80000e60 idex_pc=00000000 ifid_i=00130313 idex_v=0 exmem_v=1 mwb_v=1 stall=0 flush=0 br=0 j=00 rs1=0=00000000 rs2=0=00000000 a=00000000 b=00000000 alu=00000000 ra=80000e24 count=00000000
# TRACE t=23415000 pc=80000e68 ifid_pc=80000e64 idex_pc=80000e60 ifid_i=0062a023 idex_v=1 exmem_v=0 mwb_v=1 stall=0 flush=0 br=0 j=00 rs1=6=00000000 rs2=1=80000e24 a=00000000 b=00000001 alu=00000001 ra=80000e24 count=00000000
# TRACE t=23425000 pc=80000e6c ifid_pc=80000e68 idex_pc=80000e64 ifid_i=00040093 idex_v=1 exmem_v=1 mwb_v=0 stall=0 flush=0 br=0 j=00 rs1=5=80100000 rs2=6=00000001 a=80100000 b=00000000 alu=80100000 ra=80000e24 count=00000000
# TRACE t=23435000 pc=80000e70 ifid_pc=80000e6c idex_pc=80000e68 ifid_i=00008067 idex_v=1 exmem_v=1 mwb_v=1 stall=0 flush=0 br=0 j=00 rs1=8=80000608 rs2=0=00000000 a=80000608 b=00000000 alu=80000608 ra=80000e24 count=00000000
# COUNT t=23435000 data=00000001
# TRACE t=23445000 pc=80000e74 ifid_pc=80000e70 idex_pc=80000e6c ifid_i=000ff297 idex_v=1 exmem_v=1 mwb_v=1 stall=0 flush=1 br=0 j=10 rs1=1=80000608 rs2=0=00000000 a=80000608 b=00000000 alu=80000608 ra=80000e24 count=00000000
# TRACE t=23485000 pc=80000e1c ifid_pc=00000000 idex_pc=00000000 ifid_i=00000000 idex_v=0 exmem_v=1 mwb_v=0 stall=0 flush=0 br=0 j=00 rs1=0=00000000 rs2=0=00000000 a=00000000 b=00000000 alu=00000000 ra=80000608 count=00000000
# TRACE t=23495000 pc=80000e20 ifid_pc=80000e1c idex_pc=00000000 ifid_i=00008413 idex_v=0 exmem_v=0 mwb_v=1 stall=0 flush=0 br=0 j=00 rs1=0=00000000 rs2=0=00000000 a=00000000 b=00000000 alu=00000000 ra=80000608 count=00000000
# TRACE t=23505000 pc=80000e24 ifid_pc=80000e20 idex_pc=80000e1c ifid_i=010000ef idex_v=1 exmem_v=0 mwb_v=0 stall=0 flush=0 br=0 j=00 rs1=1=80000608 rs2=0=00000000 a=80000608 b=00000000 alu=80000608 ra=8000060c count=00000000
# TRACE t=23515000 pc=80000e28 ifid_pc=80000e24 idex_pc=80000e20 ifid_i=00000297 idex_v=1 exmem_v=1 mwb_v=0 stall=0 flush=1 br=0 j=01 rs1=0=00000000 rs2=16=00000000 a=00000000 b=00000000 alu=00000000 ra=8000060c count=00000000
# TRACE t=23525000 pc=80000e30 ifid_pc=00000000 idex_pc=00000000 ifid_i=00000000 idex_v=0 exmem_v=1 mwb_v=1 stall=0 flush=0 br=0 j=00 rs1=0=00000000 rs2=0=00000000 a=00000000 b=00000000 alu=00000000 ra=8000060c count=00000000
# TRACE t=23535000 pc=80000e34 ifid_pc=80000e30 idex_pc=00000000 ifid_i=00400313 idex_v=0 exmem_v=0 mwb_v=1 stall=0 flush=0 br=0 j=00 rs1=0=00000000 rs2=0=00000000 a=00000000 b=00000000 alu=00000000 ra=8000060c count=00000000
# TRACE t=23545000 pc=80000e38 ifid_pc=80000e34 idex_pc=80000e30 ifid_i=00008067 idex_v=1 exmem_v=0 mwb_v=0 stall=0 flush=0 br=0 j=00 rs1=0=00000000 rs2=4=00000000 a=00000000 b=00000004 alu=00000004 ra=80000e24 count=00000000
# TRACE t=23555000 pc=80000e3c ifid_pc=80000e38 idex_pc=80000e34 ifid_i=000ff297 idex_v=1 exmem_v=1 mwb_v=0 stall=0 flush=1 br=0 j=10 rs1=1=80000e24 rs2=0=00000000 a=80000e24 b=00000000 alu=80000e24 ra=80000e24 count=00000000
# TRACE t=23565000 pc=80000e24 ifid_pc=00000000 idex_pc=00000000 ifid_i=00000000 idex_v=0 exmem_v=1 mwb_v=1 stall=0 flush=0 br=0 j=00 rs1=0=00000000 rs2=0=00000000 a=00000000 b=00000000 alu=00000000 ra=80000e24 count=00000000
# TRACE t=23575000 pc=80000e28 ifid_pc=80000e24 idex_pc=00000000 ifid_i=00000297 idex_v=0 exmem_v=0 mwb_v=1 stall=0 flush=0 br=0 j=00 rs1=0=00000000 rs2=0=00000000 a=00000000 b=00000000 alu=00000000 ra=80000e24 count=00000000
# TRACE t=23585000 pc=80000e2c ifid_pc=80000e28 idex_pc=80000e24 ifid_i=00509863 idex_v=1 exmem_v=0 mwb_v=0 stall=0 flush=0 br=0 j=00 rs1=0=00000000 rs2=0=00000000 a=80000e24 b=00000000 alu=80000e24 ra=80000e24 count=00000000
# TRACE t=23595000 pc=80000e30 ifid_pc=80000e2c idex_pc=80000e28 ifid_i=0280006f idex_v=1 exmem_v=1 mwb_v=0 stall=0 flush=0 br=1 j=00 rs1=1=80000e24 rs2=5=80000e24 a=80000e24 b=80000e24 alu=00000000 ra=80000e24 count=00000000
# TRACE t=23605000 pc=80000e34 ifid_pc=80000e30 idex_pc=80000e2c ifid_i=00400313 idex_v=1 exmem_v=1 mwb_v=1 stall=0 flush=1 br=0 j=01 rs1=0=00000000 rs2=8=80000608 a=00000000 b=80000608 alu=80000608 ra=80000e24 count=00000000
# TRACE t=23615000 pc=80000e54 ifid_pc=00000000 idex_pc=00000000 ifid_i=00000000 idex_v=0 exmem_v=1 mwb_v=1 stall=0 flush=0 br=0 j=00 rs1=0=00000000 rs2=0=00000000 a=00000000 b=00000000 alu=00000000 ra=80000e24 count=00000000
# TRACE t=23625000 pc=80000e58 ifid_pc=80000e54 idex_pc=00000000 ifid_i=000ff297 idex_v=0 exmem_v=0 mwb_v=1 stall=0 flush=0 br=0 j=00 rs1=0=00000000 rs2=0=00000000 a=00000000 b=00000000 alu=00000000 ra=80000e24 count=00000000
# TRACE t=23635000 pc=80000e5c ifid_pc=80000e58 idex_pc=80000e54 ifid_i=1ac28293 idex_v=1 exmem_v=0 mwb_v=0 stall=0 flush=0 br=0 j=00 rs1=31=00000000 rs2=0=00000000 a=80000e54 b=000ff000 alu=800ffe54 ra=80000e24 count=00000000
# TRACE t=23645000 pc=80000e60 ifid_pc=80000e5c idex_pc=80000e58 ifid_i=0002a303 idex_v=1 exmem_v=1 mwb_v=0 stall=0 flush=0 br=0 j=00 rs1=5=800ffe54 rs2=12=00000000 a=800ffe54 b=000001ac alu=80100000 ra=80000e24 count=00000000
# TRACE t=23655000 pc=80000e64 ifid_pc=80000e60 idex_pc=80000e5c ifid_i=00130313 idex_v=1 exmem_v=1 mwb_v=1 stall=1 flush=0 br=0 j=00 rs1=5=80100000 rs2=0=00000000 a=80100000 b=00000000 alu=80100000 ra=80000e24 count=00000000
# TRACE t=23665000 pc=80000e64 ifid_pc=80000e60 idex_pc=00000000 ifid_i=00130313 idex_v=0 exmem_v=1 mwb_v=1 stall=0 flush=0 br=0 j=00 rs1=0=00000000 rs2=0=00000000 a=00000000 b=00000000 alu=00000000 ra=80000e24 count=00000000
# TRACE t=23675000 pc=80000e68 ifid_pc=80000e64 idex_pc=80000e60 ifid_i=0062a023 idex_v=1 exmem_v=0 mwb_v=1 stall=0 flush=0 br=0 j=00 rs1=6=00000000 rs2=1=80000e24 a=00000000 b=00000001 alu=00000001 ra=80000e24 count=00000000
# TRACE t=23685000 pc=80000e6c ifid_pc=80000e68 idex_pc=80000e64 ifid_i=00040093 idex_v=1 exmem_v=1 mwb_v=0 stall=0 flush=0 br=0 j=00 rs1=5=80100000 rs2=6=00000001 a=80100000 b=00000000 alu=80100000 ra=80000e24 count=00000000
# TRACE t=23695000 pc=80000e70 ifid_pc=80000e6c idex_pc=80000e68 ifid_i=00008067 idex_v=1 exmem_v=1 mwb_v=1 stall=0 flush=0 br=0 j=00 rs1=8=80000608 rs2=0=00000000 a=80000608 b=00000000 alu=80000608 ra=80000e24 count=00000000
# COUNT t=23695000 data=00000001
# TRACE t=23705000 pc=80000e74 ifid_pc=80000e70 idex_pc=80000e6c ifid_i=000ff297 idex_v=1 exmem_v=1 mwb_v=1 stall=0 flush=1 br=0 j=10 rs1=1=80000608 rs2=0=00000000 a=80000608 b=00000000 alu=80000608 ra=80000e24 count=00000000
# TRACE t=23745000 pc=80000e1c ifid_pc=00000000 idex_pc=00000000 ifid_i=00000000 idex_v=0 exmem_v=1 mwb_v=0 stall=0 flush=0 br=0 j=00 rs1=0=00000000 rs2=0=00000000 a=00000000 b=00000000 alu=00000000 ra=80000608 count=00000000
# TRACE t=23755000 pc=80000e20 ifid_pc=80000e1c idex_pc=00000000 ifid_i=00008413 idex_v=0 exmem_v=0 mwb_v=1 stall=0 flush=0 br=0 j=00 rs1=0=00000000 rs2=0=00000000 a=00000000 b=00000000 alu=00000000 ra=80000608 count=00000000
# TRACE t=23765000 pc=80000e24 ifid_pc=80000e20 idex_pc=80000e1c ifid_i=010000ef idex_v=1 exmem_v=0 mwb_v=0 stall=0 flush=0 br=0 j=00 rs1=1=80000608 rs2=0=00000000 a=80000608 b=00000000 alu=80000608 ra=8000060c count=00000000
# TRACE t=23775000 pc=80000e28 ifid_pc=80000e24 idex_pc=80000e20 ifid_i=00000297 idex_v=1 exmem_v=1 mwb_v=0 stall=0 flush=1 br=0 j=01 rs1=0=00000000 rs2=16=00000000 a=00000000 b=00000000 alu=00000000 ra=8000060c count=00000000
# TRACE t=23785000 pc=80000e30 ifid_pc=00000000 idex_pc=00000000 ifid_i=00000000 idex_v=0 exmem_v=1 mwb_v=1 stall=0 flush=0 br=0 j=00 rs1=0=00000000 rs2=0=00000000 a=00000000 b=00000000 alu=00000000 ra=8000060c count=00000000
# TRACE t=23795000 pc=80000e34 ifid_pc=80000e30 idex_pc=00000000 ifid_i=00400313 idex_v=0 exmem_v=0 mwb_v=1 stall=0 flush=0 br=0 j=00 rs1=0=00000000 rs2=0=00000000 a=00000000 b=00000000 alu=00000000 ra=8000060c count=00000000
# TRACE t=23805000 pc=80000e38 ifid_pc=80000e34 idex_pc=80000e30 ifid_i=00008067 idex_v=1 exmem_v=0 mwb_v=0 stall=0 flush=0 br=0 j=00 rs1=0=00000000 rs2=4=00000000 a=00000000 b=00000004 alu=00000004 ra=80000e24 count=00000000
# TRACE t=23815000 pc=80000e3c ifid_pc=80000e38 idex_pc=80000e34 ifid_i=000ff297 idex_v=1 exmem_v=1 mwb_v=0 stall=0 flush=1 br=0 j=10 rs1=1=80000e24 rs2=0=00000000 a=80000e24 b=00000000 alu=80000e24 ra=80000e24 count=00000000
# TRACE t=23825000 pc=80000e24 ifid_pc=00000000 idex_pc=00000000 ifid_i=00000000 idex_v=0 exmem_v=1 mwb_v=1 stall=0 flush=0 br=0 j=00 rs1=0=00000000 rs2=0=00000000 a=00000000 b=00000000 alu=00000000 ra=80000e24 count=00000000
# TRACE t=23835000 pc=80000e28 ifid_pc=80000e24 idex_pc=00000000 ifid_i=00000297 idex_v=0 exmem_v=0 mwb_v=1 stall=0 flush=0 br=0 j=00 rs1=0=00000000 rs2=0=00000000 a=00000000 b=00000000 alu=00000000 ra=80000e24 count=00000000
# TRACE t=23845000 pc=80000e2c ifid_pc=80000e28 idex_pc=80000e24 ifid_i=00509863 idex_v=1 exmem_v=0 mwb_v=0 stall=0 flush=0 br=0 j=00 rs1=0=00000000 rs2=0=00000000 a=80000e24 b=00000000 alu=80000e24 ra=80000e24 count=00000000
# TRACE t=23855000 pc=80000e30 ifid_pc=80000e2c idex_pc=80000e28 ifid_i=0280006f idex_v=1 exmem_v=1 mwb_v=0 stall=0 flush=0 br=1 j=00 rs1=1=80000e24 rs2=5=80000e24 a=80000e24 b=80000e24 alu=00000000 ra=80000e24 count=00000000
# TRACE t=23865000 pc=80000e34 ifid_pc=80000e30 idex_pc=80000e2c ifid_i=00400313 idex_v=1 exmem_v=1 mwb_v=1 stall=0 flush=1 br=0 j=01 rs1=0=00000000 rs2=8=80000608 a=00000000 b=80000608 alu=80000608 ra=80000e24 count=00000000
# TRACE t=23875000 pc=80000e54 ifid_pc=00000000 idex_pc=00000000 ifid_i=00000000 idex_v=0 exmem_v=1 mwb_v=1 stall=0 flush=0 br=0 j=00 rs1=0=00000000 rs2=0=00000000 a=00000000 b=00000000 alu=00000000 ra=80000e24 count=00000000
# TRACE t=23885000 pc=80000e58 ifid_pc=80000e54 idex_pc=00000000 ifid_i=000ff297 idex_v=0 exmem_v=0 mwb_v=1 stall=0 flush=0 br=0 j=00 rs1=0=00000000 rs2=0=00000000 a=00000000 b=00000000 alu=00000000 ra=80000e24 count=00000000
# TRACE t=23895000 pc=80000e5c ifid_pc=80000e58 idex_pc=80000e54 ifid_i=1ac28293 idex_v=1 exmem_v=0 mwb_v=0 stall=0 flush=0 br=0 j=00 rs1=31=00000000 rs2=0=00000000 a=80000e54 b=000ff000 alu=800ffe54 ra=80000e24 count=00000000
# TRACE t=23905000 pc=80000e60 ifid_pc=80000e5c idex_pc=80000e58 ifid_i=0002a303 idex_v=1 exmem_v=1 mwb_v=0 stall=0 flush=0 br=0 j=00 rs1=5=800ffe54 rs2=12=00000000 a=800ffe54 b=000001ac alu=80100000 ra=80000e24 count=00000000
# TRACE t=23915000 pc=80000e64 ifid_pc=80000e60 idex_pc=80000e5c ifid_i=00130313 idex_v=1 exmem_v=1 mwb_v=1 stall=1 flush=0 br=0 j=00 rs1=5=80100000 rs2=0=00000000 a=80100000 b=00000000 alu=80100000 ra=80000e24 count=00000000
# TRACE t=23925000 pc=80000e64 ifid_pc=80000e60 idex_pc=00000000 ifid_i=00130313 idex_v=0 exmem_v=1 mwb_v=1 stall=0 flush=0 br=0 j=00 rs1=0=00000000 rs2=0=00000000 a=00000000 b=00000000 alu=00000000 ra=80000e24 count=00000000
# TRACE t=23935000 pc=80000e68 ifid_pc=80000e64 idex_pc=80000e60 ifid_i=0062a023 idex_v=1 exmem_v=0 mwb_v=1 stall=0 flush=0 br=0 j=00 rs1=6=00000000 rs2=1=80000e24 a=00000000 b=00000001 alu=00000001 ra=80000e24 count=00000000
# TRACE t=23945000 pc=80000e6c ifid_pc=80000e68 idex_pc=80000e64 ifid_i=00040093 idex_v=1 exmem_v=1 mwb_v=0 stall=0 flush=0 br=0 j=00 rs1=5=80100000 rs2=6=00000001 a=80100000 b=00000000 alu=80100000 ra=80000e24 count=00000000
# TRACE t=23955000 pc=80000e70 ifid_pc=80000e6c idex_pc=80000e68 ifid_i=00008067 idex_v=1 exmem_v=1 mwb_v=1 stall=0 flush=0 br=0 j=00 rs1=8=80000608 rs2=0=00000000 a=80000608 b=00000000 alu=80000608 ra=80000e24 count=00000000
# COUNT t=23955000 data=00000001
# TRACE t=23965000 pc=80000e74 ifid_pc=80000e70 idex_pc=80000e6c ifid_i=000ff297 idex_v=1 exmem_v=1 mwb_v=1 stall=0 flush=1 br=0 j=10 rs1=1=80000608 rs2=0=00000000 a=80000608 b=00000000 alu=80000608 ra=80000e24 count=00000000
# TRACE t=24005000 pc=80000e1c ifid_pc=00000000 idex_pc=00000000 ifid_i=00000000 idex_v=0 exmem_v=1 mwb_v=0 stall=0 flush=0 br=0 j=00 rs1=0=00000000 rs2=0=00000000 a=00000000 b=00000000 alu=00000000 ra=80000608 count=00000000
# TRACE t=24015000 pc=80000e20 ifid_pc=80000e1c idex_pc=00000000 ifid_i=00008413 idex_v=0 exmem_v=0 mwb_v=1 stall=0 flush=0 br=0 j=00 rs1=0=00000000 rs2=0=00000000 a=00000000 b=00000000 alu=00000000 ra=80000608 count=00000000
# TRACE t=24025000 pc=80000e24 ifid_pc=80000e20 idex_pc=80000e1c ifid_i=010000ef idex_v=1 exmem_v=0 mwb_v=0 stall=0 flush=0 br=0 j=00 rs1=1=80000608 rs2=0=00000000 a=80000608 b=00000000 alu=80000608 ra=8000060c count=00000000
# TRACE t=24035000 pc=80000e28 ifid_pc=80000e24 idex_pc=80000e20 ifid_i=00000297 idex_v=1 exmem_v=1 mwb_v=0 stall=0 flush=1 br=0 j=01 rs1=0=00000000 rs2=16=00000000 a=00000000 b=00000000 alu=00000000 ra=8000060c count=00000000
# TRACE t=24045000 pc=80000e30 ifid_pc=00000000 idex_pc=00000000 ifid_i=00000000 idex_v=0 exmem_v=1 mwb_v=1 stall=0 flush=0 br=0 j=00 rs1=0=00000000 rs2=0=00000000 a=00000000 b=00000000 alu=00000000 ra=8000060c count=00000000
# TRACE t=24055000 pc=80000e34 ifid_pc=80000e30 idex_pc=00000000 ifid_i=00400313 idex_v=0 exmem_v=0 mwb_v=1 stall=0 flush=0 br=0 j=00 rs1=0=00000000 rs2=0=00000000 a=00000000 b=00000000 alu=00000000 ra=8000060c count=00000000
# TRACE t=24065000 pc=80000e38 ifid_pc=80000e34 idex_pc=80000e30 ifid_i=00008067 idex_v=1 exmem_v=0 mwb_v=0 stall=0 flush=0 br=0 j=00 rs1=0=00000000 rs2=4=00000000 a=00000000 b=00000004 alu=00000004 ra=80000e24 count=00000000
# TRACE t=24075000 pc=80000e3c ifid_pc=80000e38 idex_pc=80000e34 ifid_i=000ff297 idex_v=1 exmem_v=1 mwb_v=0 stall=0 flush=1 br=0 j=10 rs1=1=80000e24 rs2=0=00000000 a=80000e24 b=00000000 alu=80000e24 ra=80000e24 count=00000000
# TRACE t=24085000 pc=80000e24 ifid_pc=00000000 idex_pc=00000000 ifid_i=00000000 idex_v=0 exmem_v=1 mwb_v=1 stall=0 flush=0 br=0 j=00 rs1=0=00000000 rs2=0=00000000 a=00000000 b=00000000 alu=00000000 ra=80000e24 count=00000000
# TRACE t=24095000 pc=80000e28 ifid_pc=80000e24 idex_pc=00000000 ifid_i=00000297 idex_v=0 exmem_v=0 mwb_v=1 stall=0 flush=0 br=0 j=00 rs1=0=00000000 rs2=0=00000000 a=00000000 b=00000000 alu=00000000 ra=80000e24 count=00000000
# TRACE t=24105000 pc=80000e2c ifid_pc=80000e28 idex_pc=80000e24 ifid_i=00509863 idex_v=1 exmem_v=0 mwb_v=0 stall=0 flush=0 br=0 j=00 rs1=0=00000000 rs2=0=00000000 a=80000e24 b=00000000 alu=80000e24 ra=80000e24 count=00000000
# TRACE t=24115000 pc=80000e30 ifid_pc=80000e2c idex_pc=80000e28 ifid_i=0280006f idex_v=1 exmem_v=1 mwb_v=0 stall=0 flush=0 br=1 j=00 rs1=1=80000e24 rs2=5=80000e24 a=80000e24 b=80000e24 alu=00000000 ra=80000e24 count=00000000
# TRACE t=24125000 pc=80000e34 ifid_pc=80000e30 idex_pc=80000e2c ifid_i=00400313 idex_v=1 exmem_v=1 mwb_v=1 stall=0 flush=1 br=0 j=01 rs1=0=00000000 rs2=8=80000608 a=00000000 b=80000608 alu=80000608 ra=80000e24 count=00000000
# TRACE t=24135000 pc=80000e54 ifid_pc=00000000 idex_pc=00000000 ifid_i=00000000 idex_v=0 exmem_v=1 mwb_v=1 stall=0 flush=0 br=0 j=00 rs1=0=00000000 rs2=0=00000000 a=00000000 b=00000000 alu=00000000 ra=80000e24 count=00000000
# TRACE t=24145000 pc=80000e58 ifid_pc=80000e54 idex_pc=00000000 ifid_i=000ff297 idex_v=0 exmem_v=0 mwb_v=1 stall=0 flush=0 br=0 j=00 rs1=0=00000000 rs2=0=00000000 a=00000000 b=00000000 alu=00000000 ra=80000e24 count=00000000
# TRACE t=24155000 pc=80000e5c ifid_pc=80000e58 idex_pc=80000e54 ifid_i=1ac28293 idex_v=1 exmem_v=0 mwb_v=0 stall=0 flush=0 br=0 j=00 rs1=31=00000000 rs2=0=00000000 a=80000e54 b=000ff000 alu=800ffe54 ra=80000e24 count=00000000
# TRACE t=24165000 pc=80000e60 ifid_pc=80000e5c idex_pc=80000e58 ifid_i=0002a303 idex_v=1 exmem_v=1 mwb_v=0 stall=0 flush=0 br=0 j=00 rs1=5=800ffe54 rs2=12=00000000 a=800ffe54 b=000001ac alu=80100000 ra=80000e24 count=00000000
# TRACE t=24175000 pc=80000e64 ifid_pc=80000e60 idex_pc=80000e5c ifid_i=00130313 idex_v=1 exmem_v=1 mwb_v=1 stall=1 flush=0 br=0 j=00 rs1=5=80100000 rs2=0=00000000 a=80100000 b=00000000 alu=80100000 ra=80000e24 count=00000000
# TRACE t=24185000 pc=80000e64 ifid_pc=80000e60 idex_pc=00000000 ifid_i=00130313 idex_v=0 exmem_v=1 mwb_v=1 stall=0 flush=0 br=0 j=00 rs1=0=00000000 rs2=0=00000000 a=00000000 b=00000000 alu=00000000 ra=80000e24 count=00000000
# TRACE t=24195000 pc=80000e68 ifid_pc=80000e64 idex_pc=80000e60 ifid_i=0062a023 idex_v=1 exmem_v=0 mwb_v=1 stall=0 flush=0 br=0 j=00 rs1=6=00000000 rs2=1=80000e24 a=00000000 b=00000001 alu=00000001 ra=80000e24 count=00000000
# TRACE t=24205000 pc=80000e6c ifid_pc=80000e68 idex_pc=80000e64 ifid_i=00040093 idex_v=1 exmem_v=1 mwb_v=0 stall=0 flush=0 br=0 j=00 rs1=5=80100000 rs2=6=00000001 a=80100000 b=00000000 alu=80100000 ra=80000e24 count=00000000
# TRACE t=24215000 pc=80000e70 ifid_pc=80000e6c idex_pc=80000e68 ifid_i=00008067 idex_v=1 exmem_v=1 mwb_v=1 stall=0 flush=0 br=0 j=00 rs1=8=80000608 rs2=0=00000000 a=80000608 b=00000000 alu=80000608 ra=80000e24 count=00000000
# COUNT t=24215000 data=00000001
# TRACE t=24225000 pc=80000e74 ifid_pc=80000e70 idex_pc=80000e6c ifid_i=000ff297 idex_v=1 exmem_v=1 mwb_v=1 stall=0 flush=1 br=0 j=10 rs1=1=80000608 rs2=0=00000000 a=80000608 b=00000000 alu=80000608 ra=80000e24 count=00000000
# TRACE t=24265000 pc=80000e1c ifid_pc=00000000 idex_pc=00000000 ifid_i=00000000 idex_v=0 exmem_v=1 mwb_v=0 stall=0 flush=0 br=0 j=00 rs1=0=00000000 rs2=0=00000000 a=00000000 b=00000000 alu=00000000 ra=80000608 count=00000000
# TRACE t=24275000 pc=80000e20 ifid_pc=80000e1c idex_pc=00000000 ifid_i=00008413 idex_v=0 exmem_v=0 mwb_v=1 stall=0 flush=0 br=0 j=00 rs1=0=00000000 rs2=0=00000000 a=00000000 b=00000000 alu=00000000 ra=80000608 count=00000000
# TRACE t=24285000 pc=80000e24 ifid_pc=80000e20 idex_pc=80000e1c ifid_i=010000ef idex_v=1 exmem_v=0 mwb_v=0 stall=0 flush=0 br=0 j=00 rs1=1=80000608 rs2=0=00000000 a=80000608 b=00000000 alu=80000608 ra=8000060c count=00000000
# TRACE t=24295000 pc=80000e28 ifid_pc=80000e24 idex_pc=80000e20 ifid_i=00000297 idex_v=1 exmem_v=1 mwb_v=0 stall=0 flush=1 br=0 j=01 rs1=0=00000000 rs2=16=00000000 a=00000000 b=00000000 alu=00000000 ra=8000060c count=00000000
# TRACE t=24305000 pc=80000e30 ifid_pc=00000000 idex_pc=00000000 ifid_i=00000000 idex_v=0 exmem_v=1 mwb_v=1 stall=0 flush=0 br=0 j=00 rs1=0=00000000 rs2=0=00000000 a=00000000 b=00000000 alu=00000000 ra=8000060c count=00000000
# TRACE t=24315000 pc=80000e34 ifid_pc=80000e30 idex_pc=00000000 ifid_i=00400313 idex_v=0 exmem_v=0 mwb_v=1 stall=0 flush=0 br=0 j=00 rs1=0=00000000 rs2=0=00000000 a=00000000 b=00000000 alu=00000000 ra=8000060c count=00000000
# TRACE t=24325000 pc=80000e38 ifid_pc=80000e34 idex_pc=80000e30 ifid_i=00008067 idex_v=1 exmem_v=0 mwb_v=0 stall=0 flush=0 br=0 j=00 rs1=0=00000000 rs2=4=00000000 a=00000000 b=00000004 alu=00000004 ra=80000e24 count=00000000
# TRACE t=24335000 pc=80000e3c ifid_pc=80000e38 idex_pc=80000e34 ifid_i=000ff297 idex_v=1 exmem_v=1 mwb_v=0 stall=0 flush=1 br=0 j=10 rs1=1=80000e24 rs2=0=00000000 a=80000e24 b=00000000 alu=80000e24 ra=80000e24 count=00000000
# TRACE t=24345000 pc=80000e24 ifid_pc=00000000 idex_pc=00000000 ifid_i=00000000 idex_v=0 exmem_v=1 mwb_v=1 stall=0 flush=0 br=0 j=00 rs1=0=00000000 rs2=0=00000000 a=00000000 b=00000000 alu=00000000 ra=80000e24 count=00000000
# TRACE t=24355000 pc=80000e28 ifid_pc=80000e24 idex_pc=00000000 ifid_i=00000297 idex_v=0 exmem_v=0 mwb_v=1 stall=0 flush=0 br=0 j=00 rs1=0=00000000 rs2=0=00000000 a=00000000 b=00000000 alu=00000000 ra=80000e24 count=00000000
# TRACE t=24365000 pc=80000e2c ifid_pc=80000e28 idex_pc=80000e24 ifid_i=00509863 idex_v=1 exmem_v=0 mwb_v=0 stall=0 flush=0 br=0 j=00 rs1=0=00000000 rs2=0=00000000 a=80000e24 b=00000000 alu=80000e24 ra=80000e24 count=00000000
# TRACE t=24375000 pc=80000e30 ifid_pc=80000e2c idex_pc=80000e28 ifid_i=0280006f idex_v=1 exmem_v=1 mwb_v=0 stall=0 flush=0 br=1 j=00 rs1=1=80000e24 rs2=5=80000e24 a=80000e24 b=80000e24 alu=00000000 ra=80000e24 count=00000000
# TRACE t=24385000 pc=80000e34 ifid_pc=80000e30 idex_pc=80000e2c ifid_i=00400313 idex_v=1 exmem_v=1 mwb_v=1 stall=0 flush=1 br=0 j=01 rs1=0=00000000 rs2=8=80000608 a=00000000 b=80000608 alu=80000608 ra=80000e24 count=00000000
# TRACE t=24395000 pc=80000e54 ifid_pc=00000000 idex_pc=00000000 ifid_i=00000000 idex_v=0 exmem_v=1 mwb_v=1 stall=0 flush=0 br=0 j=00 rs1=0=00000000 rs2=0=00000000 a=00000000 b=00000000 alu=00000000 ra=80000e24 count=00000000
# TRACE t=24405000 pc=80000e58 ifid_pc=80000e54 idex_pc=00000000 ifid_i=000ff297 idex_v=0 exmem_v=0 mwb_v=1 stall=0 flush=0 br=0 j=00 rs1=0=00000000 rs2=0=00000000 a=00000000 b=00000000 alu=00000000 ra=80000e24 count=00000000
# TRACE t=24415000 pc=80000e5c ifid_pc=80000e58 idex_pc=80000e54 ifid_i=1ac28293 idex_v=1 exmem_v=0 mwb_v=0 stall=0 flush=0 br=0 j=00 rs1=31=00000000 rs2=0=00000000 a=80000e54 b=000ff000 alu=800ffe54 ra=80000e24 count=00000000
# TRACE t=24425000 pc=80000e60 ifid_pc=80000e5c idex_pc=80000e58 ifid_i=0002a303 idex_v=1 exmem_v=1 mwb_v=0 stall=0 flush=0 br=0 j=00 rs1=5=800ffe54 rs2=12=00000000 a=800ffe54 b=000001ac alu=80100000 ra=80000e24 count=00000000
# TRACE t=24435000 pc=80000e64 ifid_pc=80000e60 idex_pc=80000e5c ifid_i=00130313 idex_v=1 exmem_v=1 mwb_v=1 stall=1 flush=0 br=0 j=00 rs1=5=80100000 rs2=0=00000000 a=80100000 b=00000000 alu=80100000 ra=80000e24 count=00000000
# TRACE t=24445000 pc=80000e64 ifid_pc=80000e60 idex_pc=00000000 ifid_i=00130313 idex_v=0 exmem_v=1 mwb_v=1 stall=0 flush=0 br=0 j=00 rs1=0=00000000 rs2=0=00000000 a=00000000 b=00000000 alu=00000000 ra=80000e24 count=00000000
# TRACE t=24455000 pc=80000e68 ifid_pc=80000e64 idex_pc=80000e60 ifid_i=0062a023 idex_v=1 exmem_v=0 mwb_v=1 stall=0 flush=0 br=0 j=00 rs1=6=00000000 rs2=1=80000e24 a=00000000 b=00000001 alu=00000001 ra=80000e24 count=00000000
# TRACE t=24465000 pc=80000e6c ifid_pc=80000e68 idex_pc=80000e64 ifid_i=00040093 idex_v=1 exmem_v=1 mwb_v=0 stall=0 flush=0 br=0 j=00 rs1=5=80100000 rs2=6=00000001 a=80100000 b=00000000 alu=80100000 ra=80000e24 count=00000000
# TRACE t=24475000 pc=80000e70 ifid_pc=80000e6c idex_pc=80000e68 ifid_i=00008067 idex_v=1 exmem_v=1 mwb_v=1 stall=0 flush=0 br=0 j=00 rs1=8=80000608 rs2=0=00000000 a=80000608 b=00000000 alu=80000608 ra=80000e24 count=00000000
# COUNT t=24475000 data=00000001
# TRACE t=24485000 pc=80000e74 ifid_pc=80000e70 idex_pc=80000e6c ifid_i=000ff297 idex_v=1 exmem_v=1 mwb_v=1 stall=0 flush=1 br=0 j=10 rs1=1=80000608 rs2=0=00000000 a=80000608 b=00000000 alu=80000608 ra=80000e24 count=00000000
# TRACE t=24525000 pc=80000e1c ifid_pc=00000000 idex_pc=00000000 ifid_i=00000000 idex_v=0 exmem_v=1 mwb_v=0 stall=0 flush=0 br=0 j=00 rs1=0=00000000 rs2=0=00000000 a=00000000 b=00000000 alu=00000000 ra=80000608 count=00000000
# TRACE t=24535000 pc=80000e20 ifid_pc=80000e1c idex_pc=00000000 ifid_i=00008413 idex_v=0 exmem_v=0 mwb_v=1 stall=0 flush=0 br=0 j=00 rs1=0=00000000 rs2=0=00000000 a=00000000 b=00000000 alu=00000000 ra=80000608 count=00000000
# TRACE t=24545000 pc=80000e24 ifid_pc=80000e20 idex_pc=80000e1c ifid_i=010000ef idex_v=1 exmem_v=0 mwb_v=0 stall=0 flush=0 br=0 j=00 rs1=1=80000608 rs2=0=00000000 a=80000608 b=00000000 alu=80000608 ra=8000060c count=00000000
# TRACE t=24555000 pc=80000e28 ifid_pc=80000e24 idex_pc=80000e20 ifid_i=00000297 idex_v=1 exmem_v=1 mwb_v=0 stall=0 flush=1 br=0 j=01 rs1=0=00000000 rs2=16=00000000 a=00000000 b=00000000 alu=00000000 ra=8000060c count=00000000
# TRACE t=24565000 pc=80000e30 ifid_pc=00000000 idex_pc=00000000 ifid_i=00000000 idex_v=0 exmem_v=1 mwb_v=1 stall=0 flush=0 br=0 j=00 rs1=0=00000000 rs2=0=00000000 a=00000000 b=00000000 alu=00000000 ra=8000060c count=00000000
# TRACE t=24575000 pc=80000e34 ifid_pc=80000e30 idex_pc=00000000 ifid_i=00400313 idex_v=0 exmem_v=0 mwb_v=1 stall=0 flush=0 br=0 j=00 rs1=0=00000000 rs2=0=00000000 a=00000000 b=00000000 alu=00000000 ra=8000060c count=00000000
# TRACE t=24585000 pc=80000e38 ifid_pc=80000e34 idex_pc=80000e30 ifid_i=00008067 idex_v=1 exmem_v=0 mwb_v=0 stall=0 flush=0 br=0 j=00 rs1=0=00000000 rs2=4=00000000 a=00000000 b=00000004 alu=00000004 ra=80000e24 count=00000000
# TRACE t=24595000 pc=80000e3c ifid_pc=80000e38 idex_pc=80000e34 ifid_i=000ff297 idex_v=1 exmem_v=1 mwb_v=0 stall=0 flush=1 br=0 j=10 rs1=1=80000e24 rs2=0=00000000 a=80000e24 b=00000000 alu=80000e24 ra=80000e24 count=00000000
# TRACE t=24605000 pc=80000e24 ifid_pc=00000000 idex_pc=00000000 ifid_i=00000000 idex_v=0 exmem_v=1 mwb_v=1 stall=0 flush=0 br=0 j=00 rs1=0=00000000 rs2=0=00000000 a=00000000 b=00000000 alu=00000000 ra=80000e24 count=00000000
# TRACE t=24615000 pc=80000e28 ifid_pc=80000e24 idex_pc=00000000 ifid_i=00000297 idex_v=0 exmem_v=0 mwb_v=1 stall=0 flush=0 br=0 j=00 rs1=0=00000000 rs2=0=00000000 a=00000000 b=00000000 alu=00000000 ra=80000e24 count=00000000
# TRACE t=24625000 pc=80000e2c ifid_pc=80000e28 idex_pc=80000e24 ifid_i=00509863 idex_v=1 exmem_v=0 mwb_v=0 stall=0 flush=0 br=0 j=00 rs1=0=00000000 rs2=0=00000000 a=80000e24 b=00000000 alu=80000e24 ra=80000e24 count=00000000
# TRACE t=24635000 pc=80000e30 ifid_pc=80000e2c idex_pc=80000e28 ifid_i=0280006f idex_v=1 exmem_v=1 mwb_v=0 stall=0 flush=0 br=1 j=00 rs1=1=80000e24 rs2=5=80000e24 a=80000e24 b=80000e24 alu=00000000 ra=80000e24 count=00000000
# TRACE t=24645000 pc=80000e34 ifid_pc=80000e30 idex_pc=80000e2c ifid_i=00400313 idex_v=1 exmem_v=1 mwb_v=1 stall=0 flush=1 br=0 j=01 rs1=0=00000000 rs2=8=80000608 a=00000000 b=80000608 alu=80000608 ra=80000e24 count=00000000
# TRACE t=24655000 pc=80000e54 ifid_pc=00000000 idex_pc=00000000 ifid_i=00000000 idex_v=0 exmem_v=1 mwb_v=1 stall=0 flush=0 br=0 j=00 rs1=0=00000000 rs2=0=00000000 a=00000000 b=00000000 alu=00000000 ra=80000e24 count=00000000
# TRACE t=24665000 pc=80000e58 ifid_pc=80000e54 idex_pc=00000000 ifid_i=000ff297 idex_v=0 exmem_v=0 mwb_v=1 stall=0 flush=0 br=0 j=00 rs1=0=00000000 rs2=0=00000000 a=00000000 b=00000000 alu=00000000 ra=80000e24 count=00000000
# TRACE t=24675000 pc=80000e5c ifid_pc=80000e58 idex_pc=80000e54 ifid_i=1ac28293 idex_v=1 exmem_v=0 mwb_v=0 stall=0 flush=0 br=0 j=00 rs1=31=00000000 rs2=0=00000000 a=80000e54 b=000ff000 alu=800ffe54 ra=80000e24 count=00000000
# TRACE t=24685000 pc=80000e60 ifid_pc=80000e5c idex_pc=80000e58 ifid_i=0002a303 idex_v=1 exmem_v=1 mwb_v=0 stall=0 flush=0 br=0 j=00 rs1=5=800ffe54 rs2=12=00000000 a=800ffe54 b=000001ac alu=80100000 ra=80000e24 count=00000000
# TRACE t=24695000 pc=80000e64 ifid_pc=80000e60 idex_pc=80000e5c ifid_i=00130313 idex_v=1 exmem_v=1 mwb_v=1 stall=1 flush=0 br=0 j=00 rs1=5=80100000 rs2=0=00000000 a=80100000 b=00000000 alu=80100000 ra=80000e24 count=00000000
# TRACE t=24705000 pc=80000e64 ifid_pc=80000e60 idex_pc=00000000 ifid_i=00130313 idex_v=0 exmem_v=1 mwb_v=1 stall=0 flush=0 br=0 j=00 rs1=0=00000000 rs2=0=00000000 a=00000000 b=00000000 alu=00000000 ra=80000e24 count=00000000
# TRACE t=24715000 pc=80000e68 ifid_pc=80000e64 idex_pc=80000e60 ifid_i=0062a023 idex_v=1 exmem_v=0 mwb_v=1 stall=0 flush=0 br=0 j=00 rs1=6=00000000 rs2=1=80000e24 a=00000000 b=00000001 alu=00000001 ra=80000e24 count=00000000
# TRACE t=24725000 pc=80000e6c ifid_pc=80000e68 idex_pc=80000e64 ifid_i=00040093 idex_v=1 exmem_v=1 mwb_v=0 stall=0 flush=0 br=0 j=00 rs1=5=80100000 rs2=6=00000001 a=80100000 b=00000000 alu=80100000 ra=80000e24 count=00000000
# TRACE t=24735000 pc=80000e70 ifid_pc=80000e6c idex_pc=80000e68 ifid_i=00008067 idex_v=1 exmem_v=1 mwb_v=1 stall=0 flush=0 br=0 j=00 rs1=8=80000608 rs2=0=00000000 a=80000608 b=00000000 alu=80000608 ra=80000e24 count=00000000
# COUNT t=24735000 data=00000001
# TRACE t=24745000 pc=80000e74 ifid_pc=80000e70 idex_pc=80000e6c ifid_i=000ff297 idex_v=1 exmem_v=1 mwb_v=1 stall=0 flush=1 br=0 j=10 rs1=1=80000608 rs2=0=00000000 a=80000608 b=00000000 alu=80000608 ra=80000e24 count=00000000
# TRACE t=24785000 pc=80000e1c ifid_pc=00000000 idex_pc=00000000 ifid_i=00000000 idex_v=0 exmem_v=1 mwb_v=0 stall=0 flush=0 br=0 j=00 rs1=0=00000000 rs2=0=00000000 a=00000000 b=00000000 alu=00000000 ra=80000608 count=00000000
# TRACE t=24795000 pc=80000e20 ifid_pc=80000e1c idex_pc=00000000 ifid_i=00008413 idex_v=0 exmem_v=0 mwb_v=1 stall=0 flush=0 br=0 j=00 rs1=0=00000000 rs2=0=00000000 a=00000000 b=00000000 alu=00000000 ra=80000608 count=00000000
# TRACE t=24805000 pc=80000e24 ifid_pc=80000e20 idex_pc=80000e1c ifid_i=010000ef idex_v=1 exmem_v=0 mwb_v=0 stall=0 flush=0 br=0 j=00 rs1=1=80000608 rs2=0=00000000 a=80000608 b=00000000 alu=80000608 ra=8000060c count=00000000
# TRACE t=24815000 pc=80000e28 ifid_pc=80000e24 idex_pc=80000e20 ifid_i=00000297 idex_v=1 exmem_v=1 mwb_v=0 stall=0 flush=1 br=0 j=01 rs1=0=00000000 rs2=16=00000000 a=00000000 b=00000000 alu=00000000 ra=8000060c count=00000000
# TRACE t=24825000 pc=80000e30 ifid_pc=00000000 idex_pc=00000000 ifid_i=00000000 idex_v=0 exmem_v=1 mwb_v=1 stall=0 flush=0 br=0 j=00 rs1=0=00000000 rs2=0=00000000 a=00000000 b=00000000 alu=00000000 ra=8000060c count=00000000
# TRACE t=24835000 pc=80000e34 ifid_pc=80000e30 idex_pc=00000000 ifid_i=00400313 idex_v=0 exmem_v=0 mwb_v=1 stall=0 flush=0 br=0 j=00 rs1=0=00000000 rs2=0=00000000 a=00000000 b=00000000 alu=00000000 ra=8000060c count=00000000
# TRACE t=24845000 pc=80000e38 ifid_pc=80000e34 idex_pc=80000e30 ifid_i=00008067 idex_v=1 exmem_v=0 mwb_v=0 stall=0 flush=0 br=0 j=00 rs1=0=00000000 rs2=4=00000000 a=00000000 b=00000004 alu=00000004 ra=80000e24 count=00000000
# TRACE t=24855000 pc=80000e3c ifid_pc=80000e38 idex_pc=80000e34 ifid_i=000ff297 idex_v=1 exmem_v=1 mwb_v=0 stall=0 flush=1 br=0 j=10 rs1=1=80000e24 rs2=0=00000000 a=80000e24 b=00000000 alu=80000e24 ra=80000e24 count=00000000
# TRACE t=24865000 pc=80000e24 ifid_pc=00000000 idex_pc=00000000 ifid_i=00000000 idex_v=0 exmem_v=1 mwb_v=1 stall=0 flush=0 br=0 j=00 rs1=0=00000000 rs2=0=00000000 a=00000000 b=00000000 alu=00000000 ra=80000e24 count=00000000
# TRACE t=24875000 pc=80000e28 ifid_pc=80000e24 idex_pc=00000000 ifid_i=00000297 idex_v=0 exmem_v=0 mwb_v=1 stall=0 flush=0 br=0 j=00 rs1=0=00000000 rs2=0=00000000 a=00000000 b=00000000 alu=00000000 ra=80000e24 count=00000000
# TRACE t=24885000 pc=80000e2c ifid_pc=80000e28 idex_pc=80000e24 ifid_i=00509863 idex_v=1 exmem_v=0 mwb_v=0 stall=0 flush=0 br=0 j=00 rs1=0=00000000 rs2=0=00000000 a=80000e24 b=00000000 alu=80000e24 ra=80000e24 count=00000000
# TRACE t=24895000 pc=80000e30 ifid_pc=80000e2c idex_pc=80000e28 ifid_i=0280006f idex_v=1 exmem_v=1 mwb_v=0 stall=0 flush=0 br=1 j=00 rs1=1=80000e24 rs2=5=80000e24 a=80000e24 b=80000e24 alu=00000000 ra=80000e24 count=00000000
# TRACE t=24905000 pc=80000e34 ifid_pc=80000e30 idex_pc=80000e2c ifid_i=00400313 idex_v=1 exmem_v=1 mwb_v=1 stall=0 flush=1 br=0 j=01 rs1=0=00000000 rs2=8=80000608 a=00000000 b=80000608 alu=80000608 ra=80000e24 count=00000000
# TRACE t=24915000 pc=80000e54 ifid_pc=00000000 idex_pc=00000000 ifid_i=00000000 idex_v=0 exmem_v=1 mwb_v=1 stall=0 flush=0 br=0 j=00 rs1=0=00000000 rs2=0=00000000 a=00000000 b=00000000 alu=00000000 ra=80000e24 count=00000000
# TRACE t=24925000 pc=80000e58 ifid_pc=80000e54 idex_pc=00000000 ifid_i=000ff297 idex_v=0 exmem_v=0 mwb_v=1 stall=0 flush=0 br=0 j=00 rs1=0=00000000 rs2=0=00000000 a=00000000 b=00000000 alu=00000000 ra=80000e24 count=00000000
# TRACE t=24935000 pc=80000e5c ifid_pc=80000e58 idex_pc=80000e54 ifid_i=1ac28293 idex_v=1 exmem_v=0 mwb_v=0 stall=0 flush=0 br=0 j=00 rs1=31=00000000 rs2=0=00000000 a=80000e54 b=000ff000 alu=800ffe54 ra=80000e24 count=00000000
# TRACE t=24945000 pc=80000e60 ifid_pc=80000e5c idex_pc=80000e58 ifid_i=0002a303 idex_v=1 exmem_v=1 mwb_v=0 stall=0 flush=0 br=0 j=00 rs1=5=800ffe54 rs2=12=00000000 a=800ffe54 b=000001ac alu=80100000 ra=80000e24 count=00000000
# TRACE t=24955000 pc=80000e64 ifid_pc=80000e60 idex_pc=80000e5c ifid_i=00130313 idex_v=1 exmem_v=1 mwb_v=1 stall=1 flush=0 br=0 j=00 rs1=5=80100000 rs2=0=00000000 a=80100000 b=00000000 alu=80100000 ra=80000e24 count=00000000
# TRACE t=24965000 pc=80000e64 ifid_pc=80000e60 idex_pc=00000000 ifid_i=00130313 idex_v=0 exmem_v=1 mwb_v=1 stall=0 flush=0 br=0 j=00 rs1=0=00000000 rs2=0=00000000 a=00000000 b=00000000 alu=00000000 ra=80000e24 count=00000000
# TRACE t=24975000 pc=80000e68 ifid_pc=80000e64 idex_pc=80000e60 ifid_i=0062a023 idex_v=1 exmem_v=0 mwb_v=1 stall=0 flush=0 br=0 j=00 rs1=6=00000000 rs2=1=80000e24 a=00000000 b=00000001 alu=00000001 ra=80000e24 count=00000000
# TRACE t=24985000 pc=80000e6c ifid_pc=80000e68 idex_pc=80000e64 ifid_i=00040093 idex_v=1 exmem_v=1 mwb_v=0 stall=0 flush=0 br=0 j=00 rs1=5=80100000 rs2=6=00000001 a=80100000 b=00000000 alu=80100000 ra=80000e24 count=00000000
# TRACE t=24995000 pc=80000e70 ifid_pc=80000e6c idex_pc=80000e68 ifid_i=00008067 idex_v=1 exmem_v=1 mwb_v=1 stall=0 flush=0 br=0 j=00 rs1=8=80000608 rs2=0=00000000 a=80000608 b=00000000 alu=80000608 ra=80000e24 count=00000000
# COUNT t=24995000 data=00000001
# TRACE t=25005000 pc=80000e74 ifid_pc=80000e70 idex_pc=80000e6c ifid_i=000ff297 idex_v=1 exmem_v=1 mwb_v=1 stall=0 flush=1 br=0 j=10 rs1=1=80000608 rs2=0=00000000 a=80000608 b=00000000 alu=80000608 ra=80000e24 count=00000000
# TRACE t=25045000 pc=80000e1c ifid_pc=00000000 idex_pc=00000000 ifid_i=00000000 idex_v=0 exmem_v=1 mwb_v=0 stall=0 flush=0 br=0 j=00 rs1=0=00000000 rs2=0=00000000 a=00000000 b=00000000 alu=00000000 ra=80000608 count=00000000
# TRACE t=25055000 pc=80000e20 ifid_pc=80000e1c idex_pc=00000000 ifid_i=00008413 idex_v=0 exmem_v=0 mwb_v=1 stall=0 flush=0 br=0 j=00 rs1=0=00000000 rs2=0=00000000 a=00000000 b=00000000 alu=00000000 ra=80000608 count=00000000
# TRACE t=25065000 pc=80000e24 ifid_pc=80000e20 idex_pc=80000e1c ifid_i=010000ef idex_v=1 exmem_v=0 mwb_v=0 stall=0 flush=0 br=0 j=00 rs1=1=80000608 rs2=0=00000000 a=80000608 b=00000000 alu=80000608 ra=8000060c count=00000000
# TRACE t=25075000 pc=80000e28 ifid_pc=80000e24 idex_pc=80000e20 ifid_i=00000297 idex_v=1 exmem_v=1 mwb_v=0 stall=0 flush=1 br=0 j=01 rs1=0=00000000 rs2=16=00000000 a=00000000 b=00000000 alu=00000000 ra=8000060c count=00000000
# TRACE t=25085000 pc=80000e30 ifid_pc=00000000 idex_pc=00000000 ifid_i=00000000 idex_v=0 exmem_v=1 mwb_v=1 stall=0 flush=0 br=0 j=00 rs1=0=00000000 rs2=0=00000000 a=00000000 b=00000000 alu=00000000 ra=8000060c count=00000000
# TRACE t=25095000 pc=80000e34 ifid_pc=80000e30 idex_pc=00000000 ifid_i=00400313 idex_v=0 exmem_v=0 mwb_v=1 stall=0 flush=0 br=0 j=00 rs1=0=00000000 rs2=0=00000000 a=00000000 b=00000000 alu=00000000 ra=8000060c count=00000000
# TRACE t=25105000 pc=80000e38 ifid_pc=80000e34 idex_pc=80000e30 ifid_i=00008067 idex_v=1 exmem_v=0 mwb_v=0 stall=0 flush=0 br=0 j=00 rs1=0=00000000 rs2=4=00000000 a=00000000 b=00000004 alu=00000004 ra=80000e24 count=00000000
# TRACE t=25115000 pc=80000e3c ifid_pc=80000e38 idex_pc=80000e34 ifid_i=000ff297 idex_v=1 exmem_v=1 mwb_v=0 stall=0 flush=1 br=0 j=10 rs1=1=80000e24 rs2=0=00000000 a=80000e24 b=00000000 alu=80000e24 ra=80000e24 count=00000000
# TRACE t=25125000 pc=80000e24 ifid_pc=00000000 idex_pc=00000000 ifid_i=00000000 idex_v=0 exmem_v=1 mwb_v=1 stall=0 flush=0 br=0 j=00 rs1=0=00000000 rs2=0=00000000 a=00000000 b=00000000 alu=00000000 ra=80000e24 count=00000000
# TRACE t=25135000 pc=80000e28 ifid_pc=80000e24 idex_pc=00000000 ifid_i=00000297 idex_v=0 exmem_v=0 mwb_v=1 stall=0 flush=0 br=0 j=00 rs1=0=00000000 rs2=0=00000000 a=00000000 b=00000000 alu=00000000 ra=80000e24 count=00000000
# TRACE t=25145000 pc=80000e2c ifid_pc=80000e28 idex_pc=80000e24 ifid_i=00509863 idex_v=1 exmem_v=0 mwb_v=0 stall=0 flush=0 br=0 j=00 rs1=0=00000000 rs2=0=00000000 a=80000e24 b=00000000 alu=80000e24 ra=80000e24 count=00000000
# TRACE t=25155000 pc=80000e30 ifid_pc=80000e2c idex_pc=80000e28 ifid_i=0280006f idex_v=1 exmem_v=1 mwb_v=0 stall=0 flush=0 br=1 j=00 rs1=1=80000e24 rs2=5=80000e24 a=80000e24 b=80000e24 alu=00000000 ra=80000e24 count=00000000
# TRACE t=25165000 pc=80000e34 ifid_pc=80000e30 idex_pc=80000e2c ifid_i=00400313 idex_v=1 exmem_v=1 mwb_v=1 stall=0 flush=1 br=0 j=01 rs1=0=00000000 rs2=8=80000608 a=00000000 b=80000608 alu=80000608 ra=80000e24 count=00000000
# TRACE t=25175000 pc=80000e54 ifid_pc=00000000 idex_pc=00000000 ifid_i=00000000 idex_v=0 exmem_v=1 mwb_v=1 stall=0 flush=0 br=0 j=00 rs1=0=00000000 rs2=0=00000000 a=00000000 b=00000000 alu=00000000 ra=80000e24 count=00000000
# TRACE t=25185000 pc=80000e58 ifid_pc=80000e54 idex_pc=00000000 ifid_i=000ff297 idex_v=0 exmem_v=0 mwb_v=1 stall=0 flush=0 br=0 j=00 rs1=0=00000000 rs2=0=00000000 a=00000000 b=00000000 alu=00000000 ra=80000e24 count=00000000
# TRACE t=25195000 pc=80000e5c ifid_pc=80000e58 idex_pc=80000e54 ifid_i=1ac28293 idex_v=1 exmem_v=0 mwb_v=0 stall=0 flush=0 br=0 j=00 rs1=31=00000000 rs2=0=00000000 a=80000e54 b=000ff000 alu=800ffe54 ra=80000e24 count=00000000
# TRACE t=25205000 pc=80000e60 ifid_pc=80000e5c idex_pc=80000e58 ifid_i=0002a303 idex_v=1 exmem_v=1 mwb_v=0 stall=0 flush=0 br=0 j=00 rs1=5=800ffe54 rs2=12=00000000 a=800ffe54 b=000001ac alu=80100000 ra=80000e24 count=00000000
# TRACE t=25215000 pc=80000e64 ifid_pc=80000e60 idex_pc=80000e5c ifid_i=00130313 idex_v=1 exmem_v=1 mwb_v=1 stall=1 flush=0 br=0 j=00 rs1=5=80100000 rs2=0=00000000 a=80100000 b=00000000 alu=80100000 ra=80000e24 count=00000000
# TRACE t=25225000 pc=80000e64 ifid_pc=80000e60 idex_pc=00000000 ifid_i=00130313 idex_v=0 exmem_v=1 mwb_v=1 stall=0 flush=0 br=0 j=00 rs1=0=00000000 rs2=0=00000000 a=00000000 b=00000000 alu=00000000 ra=80000e24 count=00000000
# TRACE t=25235000 pc=80000e68 ifid_pc=80000e64 idex_pc=80000e60 ifid_i=0062a023 idex_v=1 exmem_v=0 mwb_v=1 stall=0 flush=0 br=0 j=00 rs1=6=00000000 rs2=1=80000e24 a=00000000 b=00000001 alu=00000001 ra=80000e24 count=00000000
# TRACE t=25245000 pc=80000e6c ifid_pc=80000e68 idex_pc=80000e64 ifid_i=00040093 idex_v=1 exmem_v=1 mwb_v=0 stall=0 flush=0 br=0 j=00 rs1=5=80100000 rs2=6=00000001 a=80100000 b=00000000 alu=80100000 ra=80000e24 count=00000000
# TRACE t=25255000 pc=80000e70 ifid_pc=80000e6c idex_pc=80000e68 ifid_i=00008067 idex_v=1 exmem_v=1 mwb_v=1 stall=0 flush=0 br=0 j=00 rs1=8=80000608 rs2=0=00000000 a=80000608 b=00000000 alu=80000608 ra=80000e24 count=00000000
# COUNT t=25255000 data=00000001
# TRACE t=25265000 pc=80000e74 ifid_pc=80000e70 idex_pc=80000e6c ifid_i=000ff297 idex_v=1 exmem_v=1 mwb_v=1 stall=0 flush=1 br=0 j=10 rs1=1=80000608 rs2=0=00000000 a=80000608 b=00000000 alu=80000608 ra=80000e24 count=00000000
# TRACE t=25305000 pc=80000e1c ifid_pc=00000000 idex_pc=00000000 ifid_i=00000000 idex_v=0 exmem_v=1 mwb_v=0 stall=0 flush=0 br=0 j=00 rs1=0=00000000 rs2=0=00000000 a=00000000 b=00000000 alu=00000000 ra=80000608 count=00000000
# TRACE t=25315000 pc=80000e20 ifid_pc=80000e1c idex_pc=00000000 ifid_i=00008413 idex_v=0 exmem_v=0 mwb_v=1 stall=0 flush=0 br=0 j=00 rs1=0=00000000 rs2=0=00000000 a=00000000 b=00000000 alu=00000000 ra=80000608 count=00000000
# TRACE t=25325000 pc=80000e24 ifid_pc=80000e20 idex_pc=80000e1c ifid_i=010000ef idex_v=1 exmem_v=0 mwb_v=0 stall=0 flush=0 br=0 j=00 rs1=1=80000608 rs2=0=00000000 a=80000608 b=00000000 alu=80000608 ra=8000060c count=00000000
# TRACE t=25335000 pc=80000e28 ifid_pc=80000e24 idex_pc=80000e20 ifid_i=00000297 idex_v=1 exmem_v=1 mwb_v=0 stall=0 flush=1 br=0 j=01 rs1=0=00000000 rs2=16=00000000 a=00000000 b=00000000 alu=00000000 ra=8000060c count=00000000
# TRACE t=25345000 pc=80000e30 ifid_pc=00000000 idex_pc=00000000 ifid_i=00000000 idex_v=0 exmem_v=1 mwb_v=1 stall=0 flush=0 br=0 j=00 rs1=0=00000000 rs2=0=00000000 a=00000000 b=00000000 alu=00000000 ra=8000060c count=00000000
# TRACE t=25355000 pc=80000e34 ifid_pc=80000e30 idex_pc=00000000 ifid_i=00400313 idex_v=0 exmem_v=0 mwb_v=1 stall=0 flush=0 br=0 j=00 rs1=0=00000000 rs2=0=00000000 a=00000000 b=00000000 alu=00000000 ra=8000060c count=00000000
# TRACE t=25365000 pc=80000e38 ifid_pc=80000e34 idex_pc=80000e30 ifid_i=00008067 idex_v=1 exmem_v=0 mwb_v=0 stall=0 flush=0 br=0 j=00 rs1=0=00000000 rs2=4=00000000 a=00000000 b=00000004 alu=00000004 ra=80000e24 count=00000000
# TRACE t=25375000 pc=80000e3c ifid_pc=80000e38 idex_pc=80000e34 ifid_i=000ff297 idex_v=1 exmem_v=1 mwb_v=0 stall=0 flush=1 br=0 j=10 rs1=1=80000e24 rs2=0=00000000 a=80000e24 b=00000000 alu=80000e24 ra=80000e24 count=00000000
# TRACE t=25385000 pc=80000e24 ifid_pc=00000000 idex_pc=00000000 ifid_i=00000000 idex_v=0 exmem_v=1 mwb_v=1 stall=0 flush=0 br=0 j=00 rs1=0=00000000 rs2=0=00000000 a=00000000 b=00000000 alu=00000000 ra=80000e24 count=00000000
# TRACE t=25395000 pc=80000e28 ifid_pc=80000e24 idex_pc=00000000 ifid_i=00000297 idex_v=0 exmem_v=0 mwb_v=1 stall=0 flush=0 br=0 j=00 rs1=0=00000000 rs2=0=00000000 a=00000000 b=00000000 alu=00000000 ra=80000e24 count=00000000
# TRACE t=25405000 pc=80000e2c ifid_pc=80000e28 idex_pc=80000e24 ifid_i=00509863 idex_v=1 exmem_v=0 mwb_v=0 stall=0 flush=0 br=0 j=00 rs1=0=00000000 rs2=0=00000000 a=80000e24 b=00000000 alu=80000e24 ra=80000e24 count=00000000
# TRACE t=25415000 pc=80000e30 ifid_pc=80000e2c idex_pc=80000e28 ifid_i=0280006f idex_v=1 exmem_v=1 mwb_v=0 stall=0 flush=0 br=1 j=00 rs1=1=80000e24 rs2=5=80000e24 a=80000e24 b=80000e24 alu=00000000 ra=80000e24 count=00000000
# TRACE t=25425000 pc=80000e34 ifid_pc=80000e30 idex_pc=80000e2c ifid_i=00400313 idex_v=1 exmem_v=1 mwb_v=1 stall=0 flush=1 br=0 j=01 rs1=0=00000000 rs2=8=80000608 a=00000000 b=80000608 alu=80000608 ra=80000e24 count=00000000
# TRACE t=25435000 pc=80000e54 ifid_pc=00000000 idex_pc=00000000 ifid_i=00000000 idex_v=0 exmem_v=1 mwb_v=1 stall=0 flush=0 br=0 j=00 rs1=0=00000000 rs2=0=00000000 a=00000000 b=00000000 alu=00000000 ra=80000e24 count=00000000
# TRACE t=25445000 pc=80000e58 ifid_pc=80000e54 idex_pc=00000000 ifid_i=000ff297 idex_v=0 exmem_v=0 mwb_v=1 stall=0 flush=0 br=0 j=00 rs1=0=00000000 rs2=0=00000000 a=00000000 b=00000000 alu=00000000 ra=80000e24 count=00000000
# TRACE t=25455000 pc=80000e5c ifid_pc=80000e58 idex_pc=80000e54 ifid_i=1ac28293 idex_v=1 exmem_v=0 mwb_v=0 stall=0 flush=0 br=0 j=00 rs1=31=00000000 rs2=0=00000000 a=80000e54 b=000ff000 alu=800ffe54 ra=80000e24 count=00000000
# TRACE t=25465000 pc=80000e60 ifid_pc=80000e5c idex_pc=80000e58 ifid_i=0002a303 idex_v=1 exmem_v=1 mwb_v=0 stall=0 flush=0 br=0 j=00 rs1=5=800ffe54 rs2=12=00000000 a=800ffe54 b=000001ac alu=80100000 ra=80000e24 count=00000000
# TRACE t=25475000 pc=80000e64 ifid_pc=80000e60 idex_pc=80000e5c ifid_i=00130313 idex_v=1 exmem_v=1 mwb_v=1 stall=1 flush=0 br=0 j=00 rs1=5=80100000 rs2=0=00000000 a=80100000 b=00000000 alu=80100000 ra=80000e24 count=00000000
# TRACE t=25485000 pc=80000e64 ifid_pc=80000e60 idex_pc=00000000 ifid_i=00130313 idex_v=0 exmem_v=1 mwb_v=1 stall=0 flush=0 br=0 j=00 rs1=0=00000000 rs2=0=00000000 a=00000000 b=00000000 alu=00000000 ra=80000e24 count=00000000
# TRACE t=25495000 pc=80000e68 ifid_pc=80000e64 idex_pc=80000e60 ifid_i=0062a023 idex_v=1 exmem_v=0 mwb_v=1 stall=0 flush=0 br=0 j=00 rs1=6=00000000 rs2=1=80000e24 a=00000000 b=00000001 alu=00000001 ra=80000e24 count=00000000
# TRACE t=25505000 pc=80000e6c ifid_pc=80000e68 idex_pc=80000e64 ifid_i=00040093 idex_v=1 exmem_v=1 mwb_v=0 stall=0 flush=0 br=0 j=00 rs1=5=80100000 rs2=6=00000001 a=80100000 b=00000000 alu=80100000 ra=80000e24 count=00000000
# TRACE t=25515000 pc=80000e70 ifid_pc=80000e6c idex_pc=80000e68 ifid_i=00008067 idex_v=1 exmem_v=1 mwb_v=1 stall=0 flush=0 br=0 j=00 rs1=8=80000608 rs2=0=00000000 a=80000608 b=00000000 alu=80000608 ra=80000e24 count=00000000
# COUNT t=25515000 data=00000001
# TRACE t=25525000 pc=80000e74 ifid_pc=80000e70 idex_pc=80000e6c ifid_i=000ff297 idex_v=1 exmem_v=1 mwb_v=1 stall=0 flush=1 br=0 j=10 rs1=1=80000608 rs2=0=00000000 a=80000608 b=00000000 alu=80000608 ra=80000e24 count=00000000
# TRACE t=25565000 pc=80000e1c ifid_pc=00000000 idex_pc=00000000 ifid_i=00000000 idex_v=0 exmem_v=1 mwb_v=0 stall=0 flush=0 br=0 j=00 rs1=0=00000000 rs2=0=00000000 a=00000000 b=00000000 alu=00000000 ra=80000608 count=00000000
# TRACE t=25575000 pc=80000e20 ifid_pc=80000e1c idex_pc=00000000 ifid_i=00008413 idex_v=0 exmem_v=0 mwb_v=1 stall=0 flush=0 br=0 j=00 rs1=0=00000000 rs2=0=00000000 a=00000000 b=00000000 alu=00000000 ra=80000608 count=00000000
# TRACE t=25585000 pc=80000e24 ifid_pc=80000e20 idex_pc=80000e1c ifid_i=010000ef idex_v=1 exmem_v=0 mwb_v=0 stall=0 flush=0 br=0 j=00 rs1=1=80000608 rs2=0=00000000 a=80000608 b=00000000 alu=80000608 ra=8000060c count=00000000
# TRACE t=25595000 pc=80000e28 ifid_pc=80000e24 idex_pc=80000e20 ifid_i=00000297 idex_v=1 exmem_v=1 mwb_v=0 stall=0 flush=1 br=0 j=01 rs1=0=00000000 rs2=16=00000000 a=00000000 b=00000000 alu=00000000 ra=8000060c count=00000000
# TRACE t=25605000 pc=80000e30 ifid_pc=00000000 idex_pc=00000000 ifid_i=00000000 idex_v=0 exmem_v=1 mwb_v=1 stall=0 flush=0 br=0 j=00 rs1=0=00000000 rs2=0=00000000 a=00000000 b=00000000 alu=00000000 ra=8000060c count=00000000
# TRACE t=25615000 pc=80000e34 ifid_pc=80000e30 idex_pc=00000000 ifid_i=00400313 idex_v=0 exmem_v=0 mwb_v=1 stall=0 flush=0 br=0 j=00 rs1=0=00000000 rs2=0=00000000 a=00000000 b=00000000 alu=00000000 ra=8000060c count=00000000
# TRACE t=25625000 pc=80000e38 ifid_pc=80000e34 idex_pc=80000e30 ifid_i=00008067 idex_v=1 exmem_v=0 mwb_v=0 stall=0 flush=0 br=0 j=00 rs1=0=00000000 rs2=4=00000000 a=00000000 b=00000004 alu=00000004 ra=80000e24 count=00000000
# TRACE t=25635000 pc=80000e3c ifid_pc=80000e38 idex_pc=80000e34 ifid_i=000ff297 idex_v=1 exmem_v=1 mwb_v=0 stall=0 flush=1 br=0 j=10 rs1=1=80000e24 rs2=0=00000000 a=80000e24 b=00000000 alu=80000e24 ra=80000e24 count=00000000
# TRACE t=25645000 pc=80000e24 ifid_pc=00000000 idex_pc=00000000 ifid_i=00000000 idex_v=0 exmem_v=1 mwb_v=1 stall=0 flush=0 br=0 j=00 rs1=0=00000000 rs2=0=00000000 a=00000000 b=00000000 alu=00000000 ra=80000e24 count=00000000
# TRACE t=25655000 pc=80000e28 ifid_pc=80000e24 idex_pc=00000000 ifid_i=00000297 idex_v=0 exmem_v=0 mwb_v=1 stall=0 flush=0 br=0 j=00 rs1=0=00000000 rs2=0=00000000 a=00000000 b=00000000 alu=00000000 ra=80000e24 count=00000000
# TRACE t=25665000 pc=80000e2c ifid_pc=80000e28 idex_pc=80000e24 ifid_i=00509863 idex_v=1 exmem_v=0 mwb_v=0 stall=0 flush=0 br=0 j=00 rs1=0=00000000 rs2=0=00000000 a=80000e24 b=00000000 alu=80000e24 ra=80000e24 count=00000000
# TRACE t=25675000 pc=80000e30 ifid_pc=80000e2c idex_pc=80000e28 ifid_i=0280006f idex_v=1 exmem_v=1 mwb_v=0 stall=0 flush=0 br=1 j=00 rs1=1=80000e24 rs2=5=80000e24 a=80000e24 b=80000e24 alu=00000000 ra=80000e24 count=00000000
# TRACE t=25685000 pc=80000e34 ifid_pc=80000e30 idex_pc=80000e2c ifid_i=00400313 idex_v=1 exmem_v=1 mwb_v=1 stall=0 flush=1 br=0 j=01 rs1=0=00000000 rs2=8=80000608 a=00000000 b=80000608 alu=80000608 ra=80000e24 count=00000000
# TRACE t=25695000 pc=80000e54 ifid_pc=00000000 idex_pc=00000000 ifid_i=00000000 idex_v=0 exmem_v=1 mwb_v=1 stall=0 flush=0 br=0 j=00 rs1=0=00000000 rs2=0=00000000 a=00000000 b=00000000 alu=00000000 ra=80000e24 count=00000000
# TRACE t=25705000 pc=80000e58 ifid_pc=80000e54 idex_pc=00000000 ifid_i=000ff297 idex_v=0 exmem_v=0 mwb_v=1 stall=0 flush=0 br=0 j=00 rs1=0=00000000 rs2=0=00000000 a=00000000 b=00000000 alu=00000000 ra=80000e24 count=00000000
# TRACE t=25715000 pc=80000e5c ifid_pc=80000e58 idex_pc=80000e54 ifid_i=1ac28293 idex_v=1 exmem_v=0 mwb_v=0 stall=0 flush=0 br=0 j=00 rs1=31=00000000 rs2=0=00000000 a=80000e54 b=000ff000 alu=800ffe54 ra=80000e24 count=00000000
# TRACE t=25725000 pc=80000e60 ifid_pc=80000e5c idex_pc=80000e58 ifid_i=0002a303 idex_v=1 exmem_v=1 mwb_v=0 stall=0 flush=0 br=0 j=00 rs1=5=800ffe54 rs2=12=00000000 a=800ffe54 b=000001ac alu=80100000 ra=80000e24 count=00000000
# TRACE t=25735000 pc=80000e64 ifid_pc=80000e60 idex_pc=80000e5c ifid_i=00130313 idex_v=1 exmem_v=1 mwb_v=1 stall=1 flush=0 br=0 j=00 rs1=5=80100000 rs2=0=00000000 a=80100000 b=00000000 alu=80100000 ra=80000e24 count=00000000
# TRACE t=25745000 pc=80000e64 ifid_pc=80000e60 idex_pc=00000000 ifid_i=00130313 idex_v=0 exmem_v=1 mwb_v=1 stall=0 flush=0 br=0 j=00 rs1=0=00000000 rs2=0=00000000 a=00000000 b=00000000 alu=00000000 ra=80000e24 count=00000000
# TRACE t=25755000 pc=80000e68 ifid_pc=80000e64 idex_pc=80000e60 ifid_i=0062a023 idex_v=1 exmem_v=0 mwb_v=1 stall=0 flush=0 br=0 j=00 rs1=6=00000000 rs2=1=80000e24 a=00000000 b=00000001 alu=00000001 ra=80000e24 count=00000000
# TRACE t=25765000 pc=80000e6c ifid_pc=80000e68 idex_pc=80000e64 ifid_i=00040093 idex_v=1 exmem_v=1 mwb_v=0 stall=0 flush=0 br=0 j=00 rs1=5=80100000 rs2=6=00000001 a=80100000 b=00000000 alu=80100000 ra=80000e24 count=00000000
# TRACE t=25775000 pc=80000e70 ifid_pc=80000e6c idex_pc=80000e68 ifid_i=00008067 idex_v=1 exmem_v=1 mwb_v=1 stall=0 flush=0 br=0 j=00 rs1=8=80000608 rs2=0=00000000 a=80000608 b=00000000 alu=80000608 ra=80000e24 count=00000000
# COUNT t=25775000 data=00000001
# TRACE t=25785000 pc=80000e74 ifid_pc=80000e70 idex_pc=80000e6c ifid_i=000ff297 idex_v=1 exmem_v=1 mwb_v=1 stall=0 flush=1 br=0 j=10 rs1=1=80000608 rs2=0=00000000 a=80000608 b=00000000 alu=80000608 ra=80000e24 count=00000000
# TRACE t=25825000 pc=80000e1c ifid_pc=00000000 idex_pc=00000000 ifid_i=00000000 idex_v=0 exmem_v=1 mwb_v=0 stall=0 flush=0 br=0 j=00 rs1=0=00000000 rs2=0=00000000 a=00000000 b=00000000 alu=00000000 ra=80000608 count=00000000
# TRACE t=25835000 pc=80000e20 ifid_pc=80000e1c idex_pc=00000000 ifid_i=00008413 idex_v=0 exmem_v=0 mwb_v=1 stall=0 flush=0 br=0 j=00 rs1=0=00000000 rs2=0=00000000 a=00000000 b=00000000 alu=00000000 ra=80000608 count=00000000
# TRACE t=25845000 pc=80000e24 ifid_pc=80000e20 idex_pc=80000e1c ifid_i=010000ef idex_v=1 exmem_v=0 mwb_v=0 stall=0 flush=0 br=0 j=00 rs1=1=80000608 rs2=0=00000000 a=80000608 b=00000000 alu=80000608 ra=8000060c count=00000000
# TRACE t=25855000 pc=80000e28 ifid_pc=80000e24 idex_pc=80000e20 ifid_i=00000297 idex_v=1 exmem_v=1 mwb_v=0 stall=0 flush=1 br=0 j=01 rs1=0=00000000 rs2=16=00000000 a=00000000 b=00000000 alu=00000000 ra=8000060c count=00000000
# TRACE t=25865000 pc=80000e30 ifid_pc=00000000 idex_pc=00000000 ifid_i=00000000 idex_v=0 exmem_v=1 mwb_v=1 stall=0 flush=0 br=0 j=00 rs1=0=00000000 rs2=0=00000000 a=00000000 b=00000000 alu=00000000 ra=8000060c count=00000000
# TRACE t=25875000 pc=80000e34 ifid_pc=80000e30 idex_pc=00000000 ifid_i=00400313 idex_v=0 exmem_v=0 mwb_v=1 stall=0 flush=0 br=0 j=00 rs1=0=00000000 rs2=0=00000000 a=00000000 b=00000000 alu=00000000 ra=8000060c count=00000000
# TRACE t=25885000 pc=80000e38 ifid_pc=80000e34 idex_pc=80000e30 ifid_i=00008067 idex_v=1 exmem_v=0 mwb_v=0 stall=0 flush=0 br=0 j=00 rs1=0=00000000 rs2=4=00000000 a=00000000 b=00000004 alu=00000004 ra=80000e24 count=00000000
# TRACE t=25895000 pc=80000e3c ifid_pc=80000e38 idex_pc=80000e34 ifid_i=000ff297 idex_v=1 exmem_v=1 mwb_v=0 stall=0 flush=1 br=0 j=10 rs1=1=80000e24 rs2=0=00000000 a=80000e24 b=00000000 alu=80000e24 ra=80000e24 count=00000000
# TRACE t=25905000 pc=80000e24 ifid_pc=00000000 idex_pc=00000000 ifid_i=00000000 idex_v=0 exmem_v=1 mwb_v=1 stall=0 flush=0 br=0 j=00 rs1=0=00000000 rs2=0=00000000 a=00000000 b=00000000 alu=00000000 ra=80000e24 count=00000000
# TRACE t=25915000 pc=80000e28 ifid_pc=80000e24 idex_pc=00000000 ifid_i=00000297 idex_v=0 exmem_v=0 mwb_v=1 stall=0 flush=0 br=0 j=00 rs1=0=00000000 rs2=0=00000000 a=00000000 b=00000000 alu=00000000 ra=80000e24 count=00000000
# TRACE t=25925000 pc=80000e2c ifid_pc=80000e28 idex_pc=80000e24 ifid_i=00509863 idex_v=1 exmem_v=0 mwb_v=0 stall=0 flush=0 br=0 j=00 rs1=0=00000000 rs2=0=00000000 a=80000e24 b=00000000 alu=80000e24 ra=80000e24 count=00000000
# TRACE t=25935000 pc=80000e30 ifid_pc=80000e2c idex_pc=80000e28 ifid_i=0280006f idex_v=1 exmem_v=1 mwb_v=0 stall=0 flush=0 br=1 j=00 rs1=1=80000e24 rs2=5=80000e24 a=80000e24 b=80000e24 alu=00000000 ra=80000e24 count=00000000
# TRACE t=25945000 pc=80000e34 ifid_pc=80000e30 idex_pc=80000e2c ifid_i=00400313 idex_v=1 exmem_v=1 mwb_v=1 stall=0 flush=1 br=0 j=01 rs1=0=00000000 rs2=8=80000608 a=00000000 b=80000608 alu=80000608 ra=80000e24 count=00000000
# TRACE t=25955000 pc=80000e54 ifid_pc=00000000 idex_pc=00000000 ifid_i=00000000 idex_v=0 exmem_v=1 mwb_v=1 stall=0 flush=0 br=0 j=00 rs1=0=00000000 rs2=0=00000000 a=00000000 b=00000000 alu=00000000 ra=80000e24 count=00000000
# TRACE t=25965000 pc=80000e58 ifid_pc=80000e54 idex_pc=00000000 ifid_i=000ff297 idex_v=0 exmem_v=0 mwb_v=1 stall=0 flush=0 br=0 j=00 rs1=0=00000000 rs2=0=00000000 a=00000000 b=00000000 alu=00000000 ra=80000e24 count=00000000
# TRACE t=25975000 pc=80000e5c ifid_pc=80000e58 idex_pc=80000e54 ifid_i=1ac28293 idex_v=1 exmem_v=0 mwb_v=0 stall=0 flush=0 br=0 j=00 rs1=31=00000000 rs2=0=00000000 a=80000e54 b=000ff000 alu=800ffe54 ra=80000e24 count=00000000
# TRACE t=25985000 pc=80000e60 ifid_pc=80000e5c idex_pc=80000e58 ifid_i=0002a303 idex_v=1 exmem_v=1 mwb_v=0 stall=0 flush=0 br=0 j=00 rs1=5=800ffe54 rs2=12=00000000 a=800ffe54 b=000001ac alu=80100000 ra=80000e24 count=00000000
# TRACE t=25995000 pc=80000e64 ifid_pc=80000e60 idex_pc=80000e5c ifid_i=00130313 idex_v=1 exmem_v=1 mwb_v=1 stall=1 flush=0 br=0 j=00 rs1=5=80100000 rs2=0=00000000 a=80100000 b=00000000 alu=80100000 ra=80000e24 count=00000000
# TRACE t=26005000 pc=80000e64 ifid_pc=80000e60 idex_pc=00000000 ifid_i=00130313 idex_v=0 exmem_v=1 mwb_v=1 stall=0 flush=0 br=0 j=00 rs1=0=00000000 rs2=0=00000000 a=00000000 b=00000000 alu=00000000 ra=80000e24 count=00000000
# TRACE t=26015000 pc=80000e68 ifid_pc=80000e64 idex_pc=80000e60 ifid_i=0062a023 idex_v=1 exmem_v=0 mwb_v=1 stall=0 flush=0 br=0 j=00 rs1=6=00000000 rs2=1=80000e24 a=00000000 b=00000001 alu=00000001 ra=80000e24 count=00000000
# TRACE t=26025000 pc=80000e6c ifid_pc=80000e68 idex_pc=80000e64 ifid_i=00040093 idex_v=1 exmem_v=1 mwb_v=0 stall=0 flush=0 br=0 j=00 rs1=5=80100000 rs2=6=00000001 a=80100000 b=00000000 alu=80100000 ra=80000e24 count=00000000
# TRACE t=26035000 pc=80000e70 ifid_pc=80000e6c idex_pc=80000e68 ifid_i=00008067 idex_v=1 exmem_v=1 mwb_v=1 stall=0 flush=0 br=0 j=00 rs1=8=80000608 rs2=0=00000000 a=80000608 b=00000000 alu=80000608 ra=80000e24 count=00000000
# COUNT t=26035000 data=00000001
# TRACE t=26045000 pc=80000e74 ifid_pc=80000e70 idex_pc=80000e6c ifid_i=000ff297 idex_v=1 exmem_v=1 mwb_v=1 stall=0 flush=1 br=0 j=10 rs1=1=80000608 rs2=0=00000000 a=80000608 b=00000000 alu=80000608 ra=80000e24 count=00000000
# TRACE t=26085000 pc=80000e1c ifid_pc=00000000 idex_pc=00000000 ifid_i=00000000 idex_v=0 exmem_v=1 mwb_v=0 stall=0 flush=0 br=0 j=00 rs1=0=00000000 rs2=0=00000000 a=00000000 b=00000000 alu=00000000 ra=80000608 count=00000000
# TRACE t=26095000 pc=80000e20 ifid_pc=80000e1c idex_pc=00000000 ifid_i=00008413 idex_v=0 exmem_v=0 mwb_v=1 stall=0 flush=0 br=0 j=00 rs1=0=00000000 rs2=0=00000000 a=00000000 b=00000000 alu=00000000 ra=80000608 count=00000000
# TRACE t=26105000 pc=80000e24 ifid_pc=80000e20 idex_pc=80000e1c ifid_i=010000ef idex_v=1 exmem_v=0 mwb_v=0 stall=0 flush=0 br=0 j=00 rs1=1=80000608 rs2=0=00000000 a=80000608 b=00000000 alu=80000608 ra=8000060c count=00000000
# TRACE t=26115000 pc=80000e28 ifid_pc=80000e24 idex_pc=80000e20 ifid_i=00000297 idex_v=1 exmem_v=1 mwb_v=0 stall=0 flush=1 br=0 j=01 rs1=0=00000000 rs2=16=00000000 a=00000000 b=00000000 alu=00000000 ra=8000060c count=00000000
# TRACE t=26125000 pc=80000e30 ifid_pc=00000000 idex_pc=00000000 ifid_i=00000000 idex_v=0 exmem_v=1 mwb_v=1 stall=0 flush=0 br=0 j=00 rs1=0=00000000 rs2=0=00000000 a=00000000 b=00000000 alu=00000000 ra=8000060c count=00000000
# TRACE t=26135000 pc=80000e34 ifid_pc=80000e30 idex_pc=00000000 ifid_i=00400313 idex_v=0 exmem_v=0 mwb_v=1 stall=0 flush=0 br=0 j=00 rs1=0=00000000 rs2=0=00000000 a=00000000 b=00000000 alu=00000000 ra=8000060c count=00000000
# TRACE t=26145000 pc=80000e38 ifid_pc=80000e34 idex_pc=80000e30 ifid_i=00008067 idex_v=1 exmem_v=0 mwb_v=0 stall=0 flush=0 br=0 j=00 rs1=0=00000000 rs2=4=00000000 a=00000000 b=00000004 alu=00000004 ra=80000e24 count=00000000
# TRACE t=26155000 pc=80000e3c ifid_pc=80000e38 idex_pc=80000e34 ifid_i=000ff297 idex_v=1 exmem_v=1 mwb_v=0 stall=0 flush=1 br=0 j=10 rs1=1=80000e24 rs2=0=00000000 a=80000e24 b=00000000 alu=80000e24 ra=80000e24 count=00000000
# TRACE t=26165000 pc=80000e24 ifid_pc=00000000 idex_pc=00000000 ifid_i=00000000 idex_v=0 exmem_v=1 mwb_v=1 stall=0 flush=0 br=0 j=00 rs1=0=00000000 rs2=0=00000000 a=00000000 b=00000000 alu=00000000 ra=80000e24 count=00000000
# TRACE t=26175000 pc=80000e28 ifid_pc=80000e24 idex_pc=00000000 ifid_i=00000297 idex_v=0 exmem_v=0 mwb_v=1 stall=0 flush=0 br=0 j=00 rs1=0=00000000 rs2=0=00000000 a=00000000 b=00000000 alu=00000000 ra=80000e24 count=00000000
# TRACE t=26185000 pc=80000e2c ifid_pc=80000e28 idex_pc=80000e24 ifid_i=00509863 idex_v=1 exmem_v=0 mwb_v=0 stall=0 flush=0 br=0 j=00 rs1=0=00000000 rs2=0=00000000 a=80000e24 b=00000000 alu=80000e24 ra=80000e24 count=00000000
# TRACE t=26195000 pc=80000e30 ifid_pc=80000e2c idex_pc=80000e28 ifid_i=0280006f idex_v=1 exmem_v=1 mwb_v=0 stall=0 flush=0 br=1 j=00 rs1=1=80000e24 rs2=5=80000e24 a=80000e24 b=80000e24 alu=00000000 ra=80000e24 count=00000000
# TRACE t=26205000 pc=80000e34 ifid_pc=80000e30 idex_pc=80000e2c ifid_i=00400313 idex_v=1 exmem_v=1 mwb_v=1 stall=0 flush=1 br=0 j=01 rs1=0=00000000 rs2=8=80000608 a=00000000 b=80000608 alu=80000608 ra=80000e24 count=00000000
# TRACE t=26215000 pc=80000e54 ifid_pc=00000000 idex_pc=00000000 ifid_i=00000000 idex_v=0 exmem_v=1 mwb_v=1 stall=0 flush=0 br=0 j=00 rs1=0=00000000 rs2=0=00000000 a=00000000 b=00000000 alu=00000000 ra=80000e24 count=00000000
# TRACE t=26225000 pc=80000e58 ifid_pc=80000e54 idex_pc=00000000 ifid_i=000ff297 idex_v=0 exmem_v=0 mwb_v=1 stall=0 flush=0 br=0 j=00 rs1=0=00000000 rs2=0=00000000 a=00000000 b=00000000 alu=00000000 ra=80000e24 count=00000000
# TRACE t=26235000 pc=80000e5c ifid_pc=80000e58 idex_pc=80000e54 ifid_i=1ac28293 idex_v=1 exmem_v=0 mwb_v=0 stall=0 flush=0 br=0 j=00 rs1=31=00000000 rs2=0=00000000 a=80000e54 b=000ff000 alu=800ffe54 ra=80000e24 count=00000000
# TRACE t=26245000 pc=80000e60 ifid_pc=80000e5c idex_pc=80000e58 ifid_i=0002a303 idex_v=1 exmem_v=1 mwb_v=0 stall=0 flush=0 br=0 j=00 rs1=5=800ffe54 rs2=12=00000000 a=800ffe54 b=000001ac alu=80100000 ra=80000e24 count=00000000
# TRACE t=26255000 pc=80000e64 ifid_pc=80000e60 idex_pc=80000e5c ifid_i=00130313 idex_v=1 exmem_v=1 mwb_v=1 stall=1 flush=0 br=0 j=00 rs1=5=80100000 rs2=0=00000000 a=80100000 b=00000000 alu=80100000 ra=80000e24 count=00000000
# TRACE t=26265000 pc=80000e64 ifid_pc=80000e60 idex_pc=00000000 ifid_i=00130313 idex_v=0 exmem_v=1 mwb_v=1 stall=0 flush=0 br=0 j=00 rs1=0=00000000 rs2=0=00000000 a=00000000 b=00000000 alu=00000000 ra=80000e24 count=00000000
# TRACE t=26275000 pc=80000e68 ifid_pc=80000e64 idex_pc=80000e60 ifid_i=0062a023 idex_v=1 exmem_v=0 mwb_v=1 stall=0 flush=0 br=0 j=00 rs1=6=00000000 rs2=1=80000e24 a=00000000 b=00000001 alu=00000001 ra=80000e24 count=00000000
# TRACE t=26285000 pc=80000e6c ifid_pc=80000e68 idex_pc=80000e64 ifid_i=00040093 idex_v=1 exmem_v=1 mwb_v=0 stall=0 flush=0 br=0 j=00 rs1=5=80100000 rs2=6=00000001 a=80100000 b=00000000 alu=80100000 ra=80000e24 count=00000000
# TRACE t=26295000 pc=80000e70 ifid_pc=80000e6c idex_pc=80000e68 ifid_i=00008067 idex_v=1 exmem_v=1 mwb_v=1 stall=0 flush=0 br=0 j=00 rs1=8=80000608 rs2=0=00000000 a=80000608 b=00000000 alu=80000608 ra=80000e24 count=00000000
# COUNT t=26295000 data=00000001
# TRACE t=26305000 pc=80000e74 ifid_pc=80000e70 idex_pc=80000e6c ifid_i=000ff297 idex_v=1 exmem_v=1 mwb_v=1 stall=0 flush=1 br=0 j=10 rs1=1=80000608 rs2=0=00000000 a=80000608 b=00000000 alu=80000608 ra=80000e24 count=00000000
# TRACE t=26345000 pc=80000e1c ifid_pc=00000000 idex_pc=00000000 ifid_i=00000000 idex_v=0 exmem_v=1 mwb_v=0 stall=0 flush=0 br=0 j=00 rs1=0=00000000 rs2=0=00000000 a=00000000 b=00000000 alu=00000000 ra=80000608 count=00000000
# TRACE t=26355000 pc=80000e20 ifid_pc=80000e1c idex_pc=00000000 ifid_i=00008413 idex_v=0 exmem_v=0 mwb_v=1 stall=0 flush=0 br=0 j=00 rs1=0=00000000 rs2=0=00000000 a=00000000 b=00000000 alu=00000000 ra=80000608 count=00000000
# TRACE t=26365000 pc=80000e24 ifid_pc=80000e20 idex_pc=80000e1c ifid_i=010000ef idex_v=1 exmem_v=0 mwb_v=0 stall=0 flush=0 br=0 j=00 rs1=1=80000608 rs2=0=00000000 a=80000608 b=00000000 alu=80000608 ra=8000060c count=00000000
# TRACE t=26375000 pc=80000e28 ifid_pc=80000e24 idex_pc=80000e20 ifid_i=00000297 idex_v=1 exmem_v=1 mwb_v=0 stall=0 flush=1 br=0 j=01 rs1=0=00000000 rs2=16=00000000 a=00000000 b=00000000 alu=00000000 ra=8000060c count=00000000
# TRACE t=26385000 pc=80000e30 ifid_pc=00000000 idex_pc=00000000 ifid_i=00000000 idex_v=0 exmem_v=1 mwb_v=1 stall=0 flush=0 br=0 j=00 rs1=0=00000000 rs2=0=00000000 a=00000000 b=00000000 alu=00000000 ra=8000060c count=00000000
# TRACE t=26395000 pc=80000e34 ifid_pc=80000e30 idex_pc=00000000 ifid_i=00400313 idex_v=0 exmem_v=0 mwb_v=1 stall=0 flush=0 br=0 j=00 rs1=0=00000000 rs2=0=00000000 a=00000000 b=00000000 alu=00000000 ra=8000060c count=00000000
# TRACE t=26405000 pc=80000e38 ifid_pc=80000e34 idex_pc=80000e30 ifid_i=00008067 idex_v=1 exmem_v=0 mwb_v=0 stall=0 flush=0 br=0 j=00 rs1=0=00000000 rs2=4=00000000 a=00000000 b=00000004 alu=00000004 ra=80000e24 count=00000000
# TRACE t=26415000 pc=80000e3c ifid_pc=80000e38 idex_pc=80000e34 ifid_i=000ff297 idex_v=1 exmem_v=1 mwb_v=0 stall=0 flush=1 br=0 j=10 rs1=1=80000e24 rs2=0=00000000 a=80000e24 b=00000000 alu=80000e24 ra=80000e24 count=00000000
# TRACE t=26425000 pc=80000e24 ifid_pc=00000000 idex_pc=00000000 ifid_i=00000000 idex_v=0 exmem_v=1 mwb_v=1 stall=0 flush=0 br=0 j=00 rs1=0=00000000 rs2=0=00000000 a=00000000 b=00000000 alu=00000000 ra=80000e24 count=00000000
# TRACE t=26435000 pc=80000e28 ifid_pc=80000e24 idex_pc=00000000 ifid_i=00000297 idex_v=0 exmem_v=0 mwb_v=1 stall=0 flush=0 br=0 j=00 rs1=0=00000000 rs2=0=00000000 a=00000000 b=00000000 alu=00000000 ra=80000e24 count=00000000
# TRACE t=26445000 pc=80000e2c ifid_pc=80000e28 idex_pc=80000e24 ifid_i=00509863 idex_v=1 exmem_v=0 mwb_v=0 stall=0 flush=0 br=0 j=00 rs1=0=00000000 rs2=0=00000000 a=80000e24 b=00000000 alu=80000e24 ra=80000e24 count=00000000
# TRACE t=26455000 pc=80000e30 ifid_pc=80000e2c idex_pc=80000e28 ifid_i=0280006f idex_v=1 exmem_v=1 mwb_v=0 stall=0 flush=0 br=1 j=00 rs1=1=80000e24 rs2=5=80000e24 a=80000e24 b=80000e24 alu=00000000 ra=80000e24 count=00000000
# TRACE t=26465000 pc=80000e34 ifid_pc=80000e30 idex_pc=80000e2c ifid_i=00400313 idex_v=1 exmem_v=1 mwb_v=1 stall=0 flush=1 br=0 j=01 rs1=0=00000000 rs2=8=80000608 a=00000000 b=80000608 alu=80000608 ra=80000e24 count=00000000
# TRACE t=26475000 pc=80000e54 ifid_pc=00000000 idex_pc=00000000 ifid_i=00000000 idex_v=0 exmem_v=1 mwb_v=1 stall=0 flush=0 br=0 j=00 rs1=0=00000000 rs2=0=00000000 a=00000000 b=00000000 alu=00000000 ra=80000e24 count=00000000
# TRACE t=26485000 pc=80000e58 ifid_pc=80000e54 idex_pc=00000000 ifid_i=000ff297 idex_v=0 exmem_v=0 mwb_v=1 stall=0 flush=0 br=0 j=00 rs1=0=00000000 rs2=0=00000000 a=00000000 b=00000000 alu=00000000 ra=80000e24 count=00000000
# TRACE t=26495000 pc=80000e5c ifid_pc=80000e58 idex_pc=80000e54 ifid_i=1ac28293 idex_v=1 exmem_v=0 mwb_v=0 stall=0 flush=0 br=0 j=00 rs1=31=00000000 rs2=0=00000000 a=80000e54 b=000ff000 alu=800ffe54 ra=80000e24 count=00000000
# TRACE t=26505000 pc=80000e60 ifid_pc=80000e5c idex_pc=80000e58 ifid_i=0002a303 idex_v=1 exmem_v=1 mwb_v=0 stall=0 flush=0 br=0 j=00 rs1=5=800ffe54 rs2=12=00000000 a=800ffe54 b=000001ac alu=80100000 ra=80000e24 count=00000000
# TRACE t=26515000 pc=80000e64 ifid_pc=80000e60 idex_pc=80000e5c ifid_i=00130313 idex_v=1 exmem_v=1 mwb_v=1 stall=1 flush=0 br=0 j=00 rs1=5=80100000 rs2=0=00000000 a=80100000 b=00000000 alu=80100000 ra=80000e24 count=00000000
# TRACE t=26525000 pc=80000e64 ifid_pc=80000e60 idex_pc=00000000 ifid_i=00130313 idex_v=0 exmem_v=1 mwb_v=1 stall=0 flush=0 br=0 j=00 rs1=0=00000000 rs2=0=00000000 a=00000000 b=00000000 alu=00000000 ra=80000e24 count=00000000
# TRACE t=26535000 pc=80000e68 ifid_pc=80000e64 idex_pc=80000e60 ifid_i=0062a023 idex_v=1 exmem_v=0 mwb_v=1 stall=0 flush=0 br=0 j=00 rs1=6=00000000 rs2=1=80000e24 a=00000000 b=00000001 alu=00000001 ra=80000e24 count=00000000
# TRACE t=26545000 pc=80000e6c ifid_pc=80000e68 idex_pc=80000e64 ifid_i=00040093 idex_v=1 exmem_v=1 mwb_v=0 stall=0 flush=0 br=0 j=00 rs1=5=80100000 rs2=6=00000001 a=80100000 b=00000000 alu=80100000 ra=80000e24 count=00000000
# TRACE t=26555000 pc=80000e70 ifid_pc=80000e6c idex_pc=80000e68 ifid_i=00008067 idex_v=1 exmem_v=1 mwb_v=1 stall=0 flush=0 br=0 j=00 rs1=8=80000608 rs2=0=00000000 a=80000608 b=00000000 alu=80000608 ra=80000e24 count=00000000
# COUNT t=26555000 data=00000001
# TRACE t=26565000 pc=80000e74 ifid_pc=80000e70 idex_pc=80000e6c ifid_i=000ff297 idex_v=1 exmem_v=1 mwb_v=1 stall=0 flush=1 br=0 j=10 rs1=1=80000608 rs2=0=00000000 a=80000608 b=00000000 alu=80000608 ra=80000e24 count=00000000
# TRACE t=26605000 pc=80000e1c ifid_pc=00000000 idex_pc=00000000 ifid_i=00000000 idex_v=0 exmem_v=1 mwb_v=0 stall=0 flush=0 br=0 j=00 rs1=0=00000000 rs2=0=00000000 a=00000000 b=00000000 alu=00000000 ra=80000608 count=00000000
# TRACE t=26615000 pc=80000e20 ifid_pc=80000e1c idex_pc=00000000 ifid_i=00008413 idex_v=0 exmem_v=0 mwb_v=1 stall=0 flush=0 br=0 j=00 rs1=0=00000000 rs2=0=00000000 a=00000000 b=00000000 alu=00000000 ra=80000608 count=00000000
# TRACE t=26625000 pc=80000e24 ifid_pc=80000e20 idex_pc=80000e1c ifid_i=010000ef idex_v=1 exmem_v=0 mwb_v=0 stall=0 flush=0 br=0 j=00 rs1=1=80000608 rs2=0=00000000 a=80000608 b=00000000 alu=80000608 ra=8000060c count=00000000
# TRACE t=26635000 pc=80000e28 ifid_pc=80000e24 idex_pc=80000e20 ifid_i=00000297 idex_v=1 exmem_v=1 mwb_v=0 stall=0 flush=1 br=0 j=01 rs1=0=00000000 rs2=16=00000000 a=00000000 b=00000000 alu=00000000 ra=8000060c count=00000000
# TRACE t=26645000 pc=80000e30 ifid_pc=00000000 idex_pc=00000000 ifid_i=00000000 idex_v=0 exmem_v=1 mwb_v=1 stall=0 flush=0 br=0 j=00 rs1=0=00000000 rs2=0=00000000 a=00000000 b=00000000 alu=00000000 ra=8000060c count=00000000
# TRACE t=26655000 pc=80000e34 ifid_pc=80000e30 idex_pc=00000000 ifid_i=00400313 idex_v=0 exmem_v=0 mwb_v=1 stall=0 flush=0 br=0 j=00 rs1=0=00000000 rs2=0=00000000 a=00000000 b=00000000 alu=00000000 ra=8000060c count=00000000
# TRACE t=26665000 pc=80000e38 ifid_pc=80000e34 idex_pc=80000e30 ifid_i=00008067 idex_v=1 exmem_v=0 mwb_v=0 stall=0 flush=0 br=0 j=00 rs1=0=00000000 rs2=4=00000000 a=00000000 b=00000004 alu=00000004 ra=80000e24 count=00000000
# TRACE t=26675000 pc=80000e3c ifid_pc=80000e38 idex_pc=80000e34 ifid_i=000ff297 idex_v=1 exmem_v=1 mwb_v=0 stall=0 flush=1 br=0 j=10 rs1=1=80000e24 rs2=0=00000000 a=80000e24 b=00000000 alu=80000e24 ra=80000e24 count=00000000
# TRACE t=26685000 pc=80000e24 ifid_pc=00000000 idex_pc=00000000 ifid_i=00000000 idex_v=0 exmem_v=1 mwb_v=1 stall=0 flush=0 br=0 j=00 rs1=0=00000000 rs2=0=00000000 a=00000000 b=00000000 alu=00000000 ra=80000e24 count=00000000
# TRACE t=26695000 pc=80000e28 ifid_pc=80000e24 idex_pc=00000000 ifid_i=00000297 idex_v=0 exmem_v=0 mwb_v=1 stall=0 flush=0 br=0 j=00 rs1=0=00000000 rs2=0=00000000 a=00000000 b=00000000 alu=00000000 ra=80000e24 count=00000000
# TRACE t=26705000 pc=80000e2c ifid_pc=80000e28 idex_pc=80000e24 ifid_i=00509863 idex_v=1 exmem_v=0 mwb_v=0 stall=0 flush=0 br=0 j=00 rs1=0=00000000 rs2=0=00000000 a=80000e24 b=00000000 alu=80000e24 ra=80000e24 count=00000000
# TRACE t=26715000 pc=80000e30 ifid_pc=80000e2c idex_pc=80000e28 ifid_i=0280006f idex_v=1 exmem_v=1 mwb_v=0 stall=0 flush=0 br=1 j=00 rs1=1=80000e24 rs2=5=80000e24 a=80000e24 b=80000e24 alu=00000000 ra=80000e24 count=00000000
# TRACE t=26725000 pc=80000e34 ifid_pc=80000e30 idex_pc=80000e2c ifid_i=00400313 idex_v=1 exmem_v=1 mwb_v=1 stall=0 flush=1 br=0 j=01 rs1=0=00000000 rs2=8=80000608 a=00000000 b=80000608 alu=80000608 ra=80000e24 count=00000000
# TRACE t=26735000 pc=80000e54 ifid_pc=00000000 idex_pc=00000000 ifid_i=00000000 idex_v=0 exmem_v=1 mwb_v=1 stall=0 flush=0 br=0 j=00 rs1=0=00000000 rs2=0=00000000 a=00000000 b=00000000 alu=00000000 ra=80000e24 count=00000000
# TRACE t=26745000 pc=80000e58 ifid_pc=80000e54 idex_pc=00000000 ifid_i=000ff297 idex_v=0 exmem_v=0 mwb_v=1 stall=0 flush=0 br=0 j=00 rs1=0=00000000 rs2=0=00000000 a=00000000 b=00000000 alu=00000000 ra=80000e24 count=00000000
# TRACE t=26755000 pc=80000e5c ifid_pc=80000e58 idex_pc=80000e54 ifid_i=1ac28293 idex_v=1 exmem_v=0 mwb_v=0 stall=0 flush=0 br=0 j=00 rs1=31=00000000 rs2=0=00000000 a=80000e54 b=000ff000 alu=800ffe54 ra=80000e24 count=00000000
# TRACE t=26765000 pc=80000e60 ifid_pc=80000e5c idex_pc=80000e58 ifid_i=0002a303 idex_v=1 exmem_v=1 mwb_v=0 stall=0 flush=0 br=0 j=00 rs1=5=800ffe54 rs2=12=00000000 a=800ffe54 b=000001ac alu=80100000 ra=80000e24 count=00000000
# TRACE t=26775000 pc=80000e64 ifid_pc=80000e60 idex_pc=80000e5c ifid_i=00130313 idex_v=1 exmem_v=1 mwb_v=1 stall=1 flush=0 br=0 j=00 rs1=5=80100000 rs2=0=00000000 a=80100000 b=00000000 alu=80100000 ra=80000e24 count=00000000
# TRACE t=26785000 pc=80000e64 ifid_pc=80000e60 idex_pc=00000000 ifid_i=00130313 idex_v=0 exmem_v=1 mwb_v=1 stall=0 flush=0 br=0 j=00 rs1=0=00000000 rs2=0=00000000 a=00000000 b=00000000 alu=00000000 ra=80000e24 count=00000000
# TRACE t=26795000 pc=80000e68 ifid_pc=80000e64 idex_pc=80000e60 ifid_i=0062a023 idex_v=1 exmem_v=0 mwb_v=1 stall=0 flush=0 br=0 j=00 rs1=6=00000000 rs2=1=80000e24 a=00000000 b=00000001 alu=00000001 ra=80000e24 count=00000000
# TRACE t=26805000 pc=80000e6c ifid_pc=80000e68 idex_pc=80000e64 ifid_i=00040093 idex_v=1 exmem_v=1 mwb_v=0 stall=0 flush=0 br=0 j=00 rs1=5=80100000 rs2=6=00000001 a=80100000 b=00000000 alu=80100000 ra=80000e24 count=00000000
# TRACE t=26815000 pc=80000e70 ifid_pc=80000e6c idex_pc=80000e68 ifid_i=00008067 idex_v=1 exmem_v=1 mwb_v=1 stall=0 flush=0 br=0 j=00 rs1=8=80000608 rs2=0=00000000 a=80000608 b=00000000 alu=80000608 ra=80000e24 count=00000000
# COUNT t=26815000 data=00000001
# TRACE t=26825000 pc=80000e74 ifid_pc=80000e70 idex_pc=80000e6c ifid_i=000ff297 idex_v=1 exmem_v=1 mwb_v=1 stall=0 flush=1 br=0 j=10 rs1=1=80000608 rs2=0=00000000 a=80000608 b=00000000 alu=80000608 ra=80000e24 count=00000000
# TRACE t=26865000 pc=80000e1c ifid_pc=00000000 idex_pc=00000000 ifid_i=00000000 idex_v=0 exmem_v=1 mwb_v=0 stall=0 flush=0 br=0 j=00 rs1=0=00000000 rs2=0=00000000 a=00000000 b=00000000 alu=00000000 ra=80000608 count=00000000
# TRACE t=26875000 pc=80000e20 ifid_pc=80000e1c idex_pc=00000000 ifid_i=00008413 idex_v=0 exmem_v=0 mwb_v=1 stall=0 flush=0 br=0 j=00 rs1=0=00000000 rs2=0=00000000 a=00000000 b=00000000 alu=00000000 ra=80000608 count=00000000
# TRACE t=26885000 pc=80000e24 ifid_pc=80000e20 idex_pc=80000e1c ifid_i=010000ef idex_v=1 exmem_v=0 mwb_v=0 stall=0 flush=0 br=0 j=00 rs1=1=80000608 rs2=0=00000000 a=80000608 b=00000000 alu=80000608 ra=8000060c count=00000000
# TRACE t=26895000 pc=80000e28 ifid_pc=80000e24 idex_pc=80000e20 ifid_i=00000297 idex_v=1 exmem_v=1 mwb_v=0 stall=0 flush=1 br=0 j=01 rs1=0=00000000 rs2=16=00000000 a=00000000 b=00000000 alu=00000000 ra=8000060c count=00000000
# TRACE t=26905000 pc=80000e30 ifid_pc=00000000 idex_pc=00000000 ifid_i=00000000 idex_v=0 exmem_v=1 mwb_v=1 stall=0 flush=0 br=0 j=00 rs1=0=00000000 rs2=0=00000000 a=00000000 b=00000000 alu=00000000 ra=8000060c count=00000000
# TRACE t=26915000 pc=80000e34 ifid_pc=80000e30 idex_pc=00000000 ifid_i=00400313 idex_v=0 exmem_v=0 mwb_v=1 stall=0 flush=0 br=0 j=00 rs1=0=00000000 rs2=0=00000000 a=00000000 b=00000000 alu=00000000 ra=8000060c count=00000000
# TRACE t=26925000 pc=80000e38 ifid_pc=80000e34 idex_pc=80000e30 ifid_i=00008067 idex_v=1 exmem_v=0 mwb_v=0 stall=0 flush=0 br=0 j=00 rs1=0=00000000 rs2=4=00000000 a=00000000 b=00000004 alu=00000004 ra=80000e24 count=00000000
# TRACE t=26935000 pc=80000e3c ifid_pc=80000e38 idex_pc=80000e34 ifid_i=000ff297 idex_v=1 exmem_v=1 mwb_v=0 stall=0 flush=1 br=0 j=10 rs1=1=80000e24 rs2=0=00000000 a=80000e24 b=00000000 alu=80000e24 ra=80000e24 count=00000000
# TRACE t=26945000 pc=80000e24 ifid_pc=00000000 idex_pc=00000000 ifid_i=00000000 idex_v=0 exmem_v=1 mwb_v=1 stall=0 flush=0 br=0 j=00 rs1=0=00000000 rs2=0=00000000 a=00000000 b=00000000 alu=00000000 ra=80000e24 count=00000000
# TRACE t=26955000 pc=80000e28 ifid_pc=80000e24 idex_pc=00000000 ifid_i=00000297 idex_v=0 exmem_v=0 mwb_v=1 stall=0 flush=0 br=0 j=00 rs1=0=00000000 rs2=0=00000000 a=00000000 b=00000000 alu=00000000 ra=80000e24 count=00000000
# TRACE t=26965000 pc=80000e2c ifid_pc=80000e28 idex_pc=80000e24 ifid_i=00509863 idex_v=1 exmem_v=0 mwb_v=0 stall=0 flush=0 br=0 j=00 rs1=0=00000000 rs2=0=00000000 a=80000e24 b=00000000 alu=80000e24 ra=80000e24 count=00000000
# TRACE t=26975000 pc=80000e30 ifid_pc=80000e2c idex_pc=80000e28 ifid_i=0280006f idex_v=1 exmem_v=1 mwb_v=0 stall=0 flush=0 br=1 j=00 rs1=1=80000e24 rs2=5=80000e24 a=80000e24 b=80000e24 alu=00000000 ra=80000e24 count=00000000
# TRACE t=26985000 pc=80000e34 ifid_pc=80000e30 idex_pc=80000e2c ifid_i=00400313 idex_v=1 exmem_v=1 mwb_v=1 stall=0 flush=1 br=0 j=01 rs1=0=00000000 rs2=8=80000608 a=00000000 b=80000608 alu=80000608 ra=80000e24 count=00000000
# TRACE t=26995000 pc=80000e54 ifid_pc=00000000 idex_pc=00000000 ifid_i=00000000 idex_v=0 exmem_v=1 mwb_v=1 stall=0 flush=0 br=0 j=00 rs1=0=00000000 rs2=0=00000000 a=00000000 b=00000000 alu=00000000 ra=80000e24 count=00000000
# TRACE t=27005000 pc=80000e58 ifid_pc=80000e54 idex_pc=00000000 ifid_i=000ff297 idex_v=0 exmem_v=0 mwb_v=1 stall=0 flush=0 br=0 j=00 rs1=0=00000000 rs2=0=00000000 a=00000000 b=00000000 alu=00000000 ra=80000e24 count=00000000
# TRACE t=27015000 pc=80000e5c ifid_pc=80000e58 idex_pc=80000e54 ifid_i=1ac28293 idex_v=1 exmem_v=0 mwb_v=0 stall=0 flush=0 br=0 j=00 rs1=31=00000000 rs2=0=00000000 a=80000e54 b=000ff000 alu=800ffe54 ra=80000e24 count=00000000
# TRACE t=27025000 pc=80000e60 ifid_pc=80000e5c idex_pc=80000e58 ifid_i=0002a303 idex_v=1 exmem_v=1 mwb_v=0 stall=0 flush=0 br=0 j=00 rs1=5=800ffe54 rs2=12=00000000 a=800ffe54 b=000001ac alu=80100000 ra=80000e24 count=00000000
# TRACE t=27035000 pc=80000e64 ifid_pc=80000e60 idex_pc=80000e5c ifid_i=00130313 idex_v=1 exmem_v=1 mwb_v=1 stall=1 flush=0 br=0 j=00 rs1=5=80100000 rs2=0=00000000 a=80100000 b=00000000 alu=80100000 ra=80000e24 count=00000000
# TRACE t=27045000 pc=80000e64 ifid_pc=80000e60 idex_pc=00000000 ifid_i=00130313 idex_v=0 exmem_v=1 mwb_v=1 stall=0 flush=0 br=0 j=00 rs1=0=00000000 rs2=0=00000000 a=00000000 b=00000000 alu=00000000 ra=80000e24 count=00000000
# TRACE t=27055000 pc=80000e68 ifid_pc=80000e64 idex_pc=80000e60 ifid_i=0062a023 idex_v=1 exmem_v=0 mwb_v=1 stall=0 flush=0 br=0 j=00 rs1=6=00000000 rs2=1=80000e24 a=00000000 b=00000001 alu=00000001 ra=80000e24 count=00000000
# TRACE t=27065000 pc=80000e6c ifid_pc=80000e68 idex_pc=80000e64 ifid_i=00040093 idex_v=1 exmem_v=1 mwb_v=0 stall=0 flush=0 br=0 j=00 rs1=5=80100000 rs2=6=00000001 a=80100000 b=00000000 alu=80100000 ra=80000e24 count=00000000
# TRACE t=27075000 pc=80000e70 ifid_pc=80000e6c idex_pc=80000e68 ifid_i=00008067 idex_v=1 exmem_v=1 mwb_v=1 stall=0 flush=0 br=0 j=00 rs1=8=80000608 rs2=0=00000000 a=80000608 b=00000000 alu=80000608 ra=80000e24 count=00000000
# COUNT t=27075000 data=00000001
# TRACE t=27085000 pc=80000e74 ifid_pc=80000e70 idex_pc=80000e6c ifid_i=000ff297 idex_v=1 exmem_v=1 mwb_v=1 stall=0 flush=1 br=0 j=10 rs1=1=80000608 rs2=0=00000000 a=80000608 b=00000000 alu=80000608 ra=80000e24 count=00000000
# TRACE t=27125000 pc=80000e1c ifid_pc=00000000 idex_pc=00000000 ifid_i=00000000 idex_v=0 exmem_v=1 mwb_v=0 stall=0 flush=0 br=0 j=00 rs1=0=00000000 rs2=0=00000000 a=00000000 b=00000000 alu=00000000 ra=80000608 count=00000000
# TRACE t=27135000 pc=80000e20 ifid_pc=80000e1c idex_pc=00000000 ifid_i=00008413 idex_v=0 exmem_v=0 mwb_v=1 stall=0 flush=0 br=0 j=00 rs1=0=00000000 rs2=0=00000000 a=00000000 b=00000000 alu=00000000 ra=80000608 count=00000000
# TRACE t=27145000 pc=80000e24 ifid_pc=80000e20 idex_pc=80000e1c ifid_i=010000ef idex_v=1 exmem_v=0 mwb_v=0 stall=0 flush=0 br=0 j=00 rs1=1=80000608 rs2=0=00000000 a=80000608 b=00000000 alu=80000608 ra=8000060c count=00000000
# TRACE t=27155000 pc=80000e28 ifid_pc=80000e24 idex_pc=80000e20 ifid_i=00000297 idex_v=1 exmem_v=1 mwb_v=0 stall=0 flush=1 br=0 j=01 rs1=0=00000000 rs2=16=00000000 a=00000000 b=00000000 alu=00000000 ra=8000060c count=00000000
# TRACE t=27165000 pc=80000e30 ifid_pc=00000000 idex_pc=00000000 ifid_i=00000000 idex_v=0 exmem_v=1 mwb_v=1 stall=0 flush=0 br=0 j=00 rs1=0=00000000 rs2=0=00000000 a=00000000 b=00000000 alu=00000000 ra=8000060c count=00000000
# TRACE t=27175000 pc=80000e34 ifid_pc=80000e30 idex_pc=00000000 ifid_i=00400313 idex_v=0 exmem_v=0 mwb_v=1 stall=0 flush=0 br=0 j=00 rs1=0=00000000 rs2=0=00000000 a=00000000 b=00000000 alu=00000000 ra=8000060c count=00000000
# TRACE t=27185000 pc=80000e38 ifid_pc=80000e34 idex_pc=80000e30 ifid_i=00008067 idex_v=1 exmem_v=0 mwb_v=0 stall=0 flush=0 br=0 j=00 rs1=0=00000000 rs2=4=00000000 a=00000000 b=00000004 alu=00000004 ra=80000e24 count=00000000
# TRACE t=27195000 pc=80000e3c ifid_pc=80000e38 idex_pc=80000e34 ifid_i=000ff297 idex_v=1 exmem_v=1 mwb_v=0 stall=0 flush=1 br=0 j=10 rs1=1=80000e24 rs2=0=00000000 a=80000e24 b=00000000 alu=80000e24 ra=80000e24 count=00000000
# TRACE t=27205000 pc=80000e24 ifid_pc=00000000 idex_pc=00000000 ifid_i=00000000 idex_v=0 exmem_v=1 mwb_v=1 stall=0 flush=0 br=0 j=00 rs1=0=00000000 rs2=0=00000000 a=00000000 b=00000000 alu=00000000 ra=80000e24 count=00000000
# TRACE t=27215000 pc=80000e28 ifid_pc=80000e24 idex_pc=00000000 ifid_i=00000297 idex_v=0 exmem_v=0 mwb_v=1 stall=0 flush=0 br=0 j=00 rs1=0=00000000 rs2=0=00000000 a=00000000 b=00000000 alu=00000000 ra=80000e24 count=00000000
# TRACE t=27225000 pc=80000e2c ifid_pc=80000e28 idex_pc=80000e24 ifid_i=00509863 idex_v=1 exmem_v=0 mwb_v=0 stall=0 flush=0 br=0 j=00 rs1=0=00000000 rs2=0=00000000 a=80000e24 b=00000000 alu=80000e24 ra=80000e24 count=00000000
# TRACE t=27235000 pc=80000e30 ifid_pc=80000e2c idex_pc=80000e28 ifid_i=0280006f idex_v=1 exmem_v=1 mwb_v=0 stall=0 flush=0 br=1 j=00 rs1=1=80000e24 rs2=5=80000e24 a=80000e24 b=80000e24 alu=00000000 ra=80000e24 count=00000000
# TRACE t=27245000 pc=80000e34 ifid_pc=80000e30 idex_pc=80000e2c ifid_i=00400313 idex_v=1 exmem_v=1 mwb_v=1 stall=0 flush=1 br=0 j=01 rs1=0=00000000 rs2=8=80000608 a=00000000 b=80000608 alu=80000608 ra=80000e24 count=00000000
# TRACE t=27255000 pc=80000e54 ifid_pc=00000000 idex_pc=00000000 ifid_i=00000000 idex_v=0 exmem_v=1 mwb_v=1 stall=0 flush=0 br=0 j=00 rs1=0=00000000 rs2=0=00000000 a=00000000 b=00000000 alu=00000000 ra=80000e24 count=00000000
# TRACE t=27265000 pc=80000e58 ifid_pc=80000e54 idex_pc=00000000 ifid_i=000ff297 idex_v=0 exmem_v=0 mwb_v=1 stall=0 flush=0 br=0 j=00 rs1=0=00000000 rs2=0=00000000 a=00000000 b=00000000 alu=00000000 ra=80000e24 count=00000000
# TRACE t=27275000 pc=80000e5c ifid_pc=80000e58 idex_pc=80000e54 ifid_i=1ac28293 idex_v=1 exmem_v=0 mwb_v=0 stall=0 flush=0 br=0 j=00 rs1=31=00000000 rs2=0=00000000 a=80000e54 b=000ff000 alu=800ffe54 ra=80000e24 count=00000000
# TRACE t=27285000 pc=80000e60 ifid_pc=80000e5c idex_pc=80000e58 ifid_i=0002a303 idex_v=1 exmem_v=1 mwb_v=0 stall=0 flush=0 br=0 j=00 rs1=5=800ffe54 rs2=12=00000000 a=800ffe54 b=000001ac alu=80100000 ra=80000e24 count=00000000
# TRACE t=27295000 pc=80000e64 ifid_pc=80000e60 idex_pc=80000e5c ifid_i=00130313 idex_v=1 exmem_v=1 mwb_v=1 stall=1 flush=0 br=0 j=00 rs1=5=80100000 rs2=0=00000000 a=80100000 b=00000000 alu=80100000 ra=80000e24 count=00000000
# TRACE t=27305000 pc=80000e64 ifid_pc=80000e60 idex_pc=00000000 ifid_i=00130313 idex_v=0 exmem_v=1 mwb_v=1 stall=0 flush=0 br=0 j=00 rs1=0=00000000 rs2=0=00000000 a=00000000 b=00000000 alu=00000000 ra=80000e24 count=00000000
# TRACE t=27315000 pc=80000e68 ifid_pc=80000e64 idex_pc=80000e60 ifid_i=0062a023 idex_v=1 exmem_v=0 mwb_v=1 stall=0 flush=0 br=0 j=00 rs1=6=00000000 rs2=1=80000e24 a=00000000 b=00000001 alu=00000001 ra=80000e24 count=00000000
# TRACE t=27325000 pc=80000e6c ifid_pc=80000e68 idex_pc=80000e64 ifid_i=00040093 idex_v=1 exmem_v=1 mwb_v=0 stall=0 flush=0 br=0 j=00 rs1=5=80100000 rs2=6=00000001 a=80100000 b=00000000 alu=80100000 ra=80000e24 count=00000000
# TRACE t=27335000 pc=80000e70 ifid_pc=80000e6c idex_pc=80000e68 ifid_i=00008067 idex_v=1 exmem_v=1 mwb_v=1 stall=0 flush=0 br=0 j=00 rs1=8=80000608 rs2=0=00000000 a=80000608 b=00000000 alu=80000608 ra=80000e24 count=00000000
# COUNT t=27335000 data=00000001
# TRACE t=27345000 pc=80000e74 ifid_pc=80000e70 idex_pc=80000e6c ifid_i=000ff297 idex_v=1 exmem_v=1 mwb_v=1 stall=0 flush=1 br=0 j=10 rs1=1=80000608 rs2=0=00000000 a=80000608 b=00000000 alu=80000608 ra=80000e24 count=00000000
# TRACE t=27385000 pc=80000e1c ifid_pc=00000000 idex_pc=00000000 ifid_i=00000000 idex_v=0 exmem_v=1 mwb_v=0 stall=0 flush=0 br=0 j=00 rs1=0=00000000 rs2=0=00000000 a=00000000 b=00000000 alu=00000000 ra=80000608 count=00000000
# TRACE t=27395000 pc=80000e20 ifid_pc=80000e1c idex_pc=00000000 ifid_i=00008413 idex_v=0 exmem_v=0 mwb_v=1 stall=0 flush=0 br=0 j=00 rs1=0=00000000 rs2=0=00000000 a=00000000 b=00000000 alu=00000000 ra=80000608 count=00000000
# TRACE t=27405000 pc=80000e24 ifid_pc=80000e20 idex_pc=80000e1c ifid_i=010000ef idex_v=1 exmem_v=0 mwb_v=0 stall=0 flush=0 br=0 j=00 rs1=1=80000608 rs2=0=00000000 a=80000608 b=00000000 alu=80000608 ra=8000060c count=00000000
# TRACE t=27415000 pc=80000e28 ifid_pc=80000e24 idex_pc=80000e20 ifid_i=00000297 idex_v=1 exmem_v=1 mwb_v=0 stall=0 flush=1 br=0 j=01 rs1=0=00000000 rs2=16=00000000 a=00000000 b=00000000 alu=00000000 ra=8000060c count=00000000
# TRACE t=27425000 pc=80000e30 ifid_pc=00000000 idex_pc=00000000 ifid_i=00000000 idex_v=0 exmem_v=1 mwb_v=1 stall=0 flush=0 br=0 j=00 rs1=0=00000000 rs2=0=00000000 a=00000000 b=00000000 alu=00000000 ra=8000060c count=00000000
# TRACE t=27435000 pc=80000e34 ifid_pc=80000e30 idex_pc=00000000 ifid_i=00400313 idex_v=0 exmem_v=0 mwb_v=1 stall=0 flush=0 br=0 j=00 rs1=0=00000000 rs2=0=00000000 a=00000000 b=00000000 alu=00000000 ra=8000060c count=00000000
# TRACE t=27445000 pc=80000e38 ifid_pc=80000e34 idex_pc=80000e30 ifid_i=00008067 idex_v=1 exmem_v=0 mwb_v=0 stall=0 flush=0 br=0 j=00 rs1=0=00000000 rs2=4=00000000 a=00000000 b=00000004 alu=00000004 ra=80000e24 count=00000000
# TRACE t=27455000 pc=80000e3c ifid_pc=80000e38 idex_pc=80000e34 ifid_i=000ff297 idex_v=1 exmem_v=1 mwb_v=0 stall=0 flush=1 br=0 j=10 rs1=1=80000e24 rs2=0=00000000 a=80000e24 b=00000000 alu=80000e24 ra=80000e24 count=00000000
# TRACE t=27465000 pc=80000e24 ifid_pc=00000000 idex_pc=00000000 ifid_i=00000000 idex_v=0 exmem_v=1 mwb_v=1 stall=0 flush=0 br=0 j=00 rs1=0=00000000 rs2=0=00000000 a=00000000 b=00000000 alu=00000000 ra=80000e24 count=00000000
# TRACE t=27475000 pc=80000e28 ifid_pc=80000e24 idex_pc=00000000 ifid_i=00000297 idex_v=0 exmem_v=0 mwb_v=1 stall=0 flush=0 br=0 j=00 rs1=0=00000000 rs2=0=00000000 a=00000000 b=00000000 alu=00000000 ra=80000e24 count=00000000
# TRACE t=27485000 pc=80000e2c ifid_pc=80000e28 idex_pc=80000e24 ifid_i=00509863 idex_v=1 exmem_v=0 mwb_v=0 stall=0 flush=0 br=0 j=00 rs1=0=00000000 rs2=0=00000000 a=80000e24 b=00000000 alu=80000e24 ra=80000e24 count=00000000
# TRACE t=27495000 pc=80000e30 ifid_pc=80000e2c idex_pc=80000e28 ifid_i=0280006f idex_v=1 exmem_v=1 mwb_v=0 stall=0 flush=0 br=1 j=00 rs1=1=80000e24 rs2=5=80000e24 a=80000e24 b=80000e24 alu=00000000 ra=80000e24 count=00000000
# TRACE t=27505000 pc=80000e34 ifid_pc=80000e30 idex_pc=80000e2c ifid_i=00400313 idex_v=1 exmem_v=1 mwb_v=1 stall=0 flush=1 br=0 j=01 rs1=0=00000000 rs2=8=80000608 a=00000000 b=80000608 alu=80000608 ra=80000e24 count=00000000
# TRACE t=27515000 pc=80000e54 ifid_pc=00000000 idex_pc=00000000 ifid_i=00000000 idex_v=0 exmem_v=1 mwb_v=1 stall=0 flush=0 br=0 j=00 rs1=0=00000000 rs2=0=00000000 a=00000000 b=00000000 alu=00000000 ra=80000e24 count=00000000
# TRACE t=27525000 pc=80000e58 ifid_pc=80000e54 idex_pc=00000000 ifid_i=000ff297 idex_v=0 exmem_v=0 mwb_v=1 stall=0 flush=0 br=0 j=00 rs1=0=00000000 rs2=0=00000000 a=00000000 b=00000000 alu=00000000 ra=80000e24 count=00000000
# TRACE t=27535000 pc=80000e5c ifid_pc=80000e58 idex_pc=80000e54 ifid_i=1ac28293 idex_v=1 exmem_v=0 mwb_v=0 stall=0 flush=0 br=0 j=00 rs1=31=00000000 rs2=0=00000000 a=80000e54 b=000ff000 alu=800ffe54 ra=80000e24 count=00000000
# TRACE t=27545000 pc=80000e60 ifid_pc=80000e5c idex_pc=80000e58 ifid_i=0002a303 idex_v=1 exmem_v=1 mwb_v=0 stall=0 flush=0 br=0 j=00 rs1=5=800ffe54 rs2=12=00000000 a=800ffe54 b=000001ac alu=80100000 ra=80000e24 count=00000000
# TRACE t=27555000 pc=80000e64 ifid_pc=80000e60 idex_pc=80000e5c ifid_i=00130313 idex_v=1 exmem_v=1 mwb_v=1 stall=1 flush=0 br=0 j=00 rs1=5=80100000 rs2=0=00000000 a=80100000 b=00000000 alu=80100000 ra=80000e24 count=00000000
# TRACE t=27565000 pc=80000e64 ifid_pc=80000e60 idex_pc=00000000 ifid_i=00130313 idex_v=0 exmem_v=1 mwb_v=1 stall=0 flush=0 br=0 j=00 rs1=0=00000000 rs2=0=00000000 a=00000000 b=00000000 alu=00000000 ra=80000e24 count=00000000
# TRACE t=27575000 pc=80000e68 ifid_pc=80000e64 idex_pc=80000e60 ifid_i=0062a023 idex_v=1 exmem_v=0 mwb_v=1 stall=0 flush=0 br=0 j=00 rs1=6=00000000 rs2=1=80000e24 a=00000000 b=00000001 alu=00000001 ra=80000e24 count=00000000
# TRACE t=27585000 pc=80000e6c ifid_pc=80000e68 idex_pc=80000e64 ifid_i=00040093 idex_v=1 exmem_v=1 mwb_v=0 stall=0 flush=0 br=0 j=00 rs1=5=80100000 rs2=6=00000001 a=80100000 b=00000000 alu=80100000 ra=80000e24 count=00000000
# TRACE t=27595000 pc=80000e70 ifid_pc=80000e6c idex_pc=80000e68 ifid_i=00008067 idex_v=1 exmem_v=1 mwb_v=1 stall=0 flush=0 br=0 j=00 rs1=8=80000608 rs2=0=00000000 a=80000608 b=00000000 alu=80000608 ra=80000e24 count=00000000
# COUNT t=27595000 data=00000001
# TRACE t=27605000 pc=80000e74 ifid_pc=80000e70 idex_pc=80000e6c ifid_i=000ff297 idex_v=1 exmem_v=1 mwb_v=1 stall=0 flush=1 br=0 j=10 rs1=1=80000608 rs2=0=00000000 a=80000608 b=00000000 alu=80000608 ra=80000e24 count=00000000
# TRACE t=27645000 pc=80000e1c ifid_pc=00000000 idex_pc=00000000 ifid_i=00000000 idex_v=0 exmem_v=1 mwb_v=0 stall=0 flush=0 br=0 j=00 rs1=0=00000000 rs2=0=00000000 a=00000000 b=00000000 alu=00000000 ra=80000608 count=00000000
# TRACE t=27655000 pc=80000e20 ifid_pc=80000e1c idex_pc=00000000 ifid_i=00008413 idex_v=0 exmem_v=0 mwb_v=1 stall=0 flush=0 br=0 j=00 rs1=0=00000000 rs2=0=00000000 a=00000000 b=00000000 alu=00000000 ra=80000608 count=00000000
# TRACE t=27665000 pc=80000e24 ifid_pc=80000e20 idex_pc=80000e1c ifid_i=010000ef idex_v=1 exmem_v=0 mwb_v=0 stall=0 flush=0 br=0 j=00 rs1=1=80000608 rs2=0=00000000 a=80000608 b=00000000 alu=80000608 ra=8000060c count=00000000
# TRACE t=27675000 pc=80000e28 ifid_pc=80000e24 idex_pc=80000e20 ifid_i=00000297 idex_v=1 exmem_v=1 mwb_v=0 stall=0 flush=1 br=0 j=01 rs1=0=00000000 rs2=16=00000000 a=00000000 b=00000000 alu=00000000 ra=8000060c count=00000000
# TRACE t=27685000 pc=80000e30 ifid_pc=00000000 idex_pc=00000000 ifid_i=00000000 idex_v=0 exmem_v=1 mwb_v=1 stall=0 flush=0 br=0 j=00 rs1=0=00000000 rs2=0=00000000 a=00000000 b=00000000 alu=00000000 ra=8000060c count=00000000
# TRACE t=27695000 pc=80000e34 ifid_pc=80000e30 idex_pc=00000000 ifid_i=00400313 idex_v=0 exmem_v=0 mwb_v=1 stall=0 flush=0 br=0 j=00 rs1=0=00000000 rs2=0=00000000 a=00000000 b=00000000 alu=00000000 ra=8000060c count=00000000
# TRACE t=27705000 pc=80000e38 ifid_pc=80000e34 idex_pc=80000e30 ifid_i=00008067 idex_v=1 exmem_v=0 mwb_v=0 stall=0 flush=0 br=0 j=00 rs1=0=00000000 rs2=4=00000000 a=00000000 b=00000004 alu=00000004 ra=80000e24 count=00000000
# TRACE t=27715000 pc=80000e3c ifid_pc=80000e38 idex_pc=80000e34 ifid_i=000ff297 idex_v=1 exmem_v=1 mwb_v=0 stall=0 flush=1 br=0 j=10 rs1=1=80000e24 rs2=0=00000000 a=80000e24 b=00000000 alu=80000e24 ra=80000e24 count=00000000
# TRACE t=27725000 pc=80000e24 ifid_pc=00000000 idex_pc=00000000 ifid_i=00000000 idex_v=0 exmem_v=1 mwb_v=1 stall=0 flush=0 br=0 j=00 rs1=0=00000000 rs2=0=00000000 a=00000000 b=00000000 alu=00000000 ra=80000e24 count=00000000
# TRACE t=27735000 pc=80000e28 ifid_pc=80000e24 idex_pc=00000000 ifid_i=00000297 idex_v=0 exmem_v=0 mwb_v=1 stall=0 flush=0 br=0 j=00 rs1=0=00000000 rs2=0=00000000 a=00000000 b=00000000 alu=00000000 ra=80000e24 count=00000000
# TRACE t=27745000 pc=80000e2c ifid_pc=80000e28 idex_pc=80000e24 ifid_i=00509863 idex_v=1 exmem_v=0 mwb_v=0 stall=0 flush=0 br=0 j=00 rs1=0=00000000 rs2=0=00000000 a=80000e24 b=00000000 alu=80000e24 ra=80000e24 count=00000000
# TRACE t=27755000 pc=80000e30 ifid_pc=80000e2c idex_pc=80000e28 ifid_i=0280006f idex_v=1 exmem_v=1 mwb_v=0 stall=0 flush=0 br=1 j=00 rs1=1=80000e24 rs2=5=80000e24 a=80000e24 b=80000e24 alu=00000000 ra=80000e24 count=00000000
# TRACE t=27765000 pc=80000e34 ifid_pc=80000e30 idex_pc=80000e2c ifid_i=00400313 idex_v=1 exmem_v=1 mwb_v=1 stall=0 flush=1 br=0 j=01 rs1=0=00000000 rs2=8=80000608 a=00000000 b=80000608 alu=80000608 ra=80000e24 count=00000000
# TRACE t=27775000 pc=80000e54 ifid_pc=00000000 idex_pc=00000000 ifid_i=00000000 idex_v=0 exmem_v=1 mwb_v=1 stall=0 flush=0 br=0 j=00 rs1=0=00000000 rs2=0=00000000 a=00000000 b=00000000 alu=00000000 ra=80000e24 count=00000000
# TRACE t=27785000 pc=80000e58 ifid_pc=80000e54 idex_pc=00000000 ifid_i=000ff297 idex_v=0 exmem_v=0 mwb_v=1 stall=0 flush=0 br=0 j=00 rs1=0=00000000 rs2=0=00000000 a=00000000 b=00000000 alu=00000000 ra=80000e24 count=00000000
# TRACE t=27795000 pc=80000e5c ifid_pc=80000e58 idex_pc=80000e54 ifid_i=1ac28293 idex_v=1 exmem_v=0 mwb_v=0 stall=0 flush=0 br=0 j=00 rs1=31=00000000 rs2=0=00000000 a=80000e54 b=000ff000 alu=800ffe54 ra=80000e24 count=00000000
# TRACE t=27805000 pc=80000e60 ifid_pc=80000e5c idex_pc=80000e58 ifid_i=0002a303 idex_v=1 exmem_v=1 mwb_v=0 stall=0 flush=0 br=0 j=00 rs1=5=800ffe54 rs2=12=00000000 a=800ffe54 b=000001ac alu=80100000 ra=80000e24 count=00000000
# TRACE t=27815000 pc=80000e64 ifid_pc=80000e60 idex_pc=80000e5c ifid_i=00130313 idex_v=1 exmem_v=1 mwb_v=1 stall=1 flush=0 br=0 j=00 rs1=5=80100000 rs2=0=00000000 a=80100000 b=00000000 alu=80100000 ra=80000e24 count=00000000
# TRACE t=27825000 pc=80000e64 ifid_pc=80000e60 idex_pc=00000000 ifid_i=00130313 idex_v=0 exmem_v=1 mwb_v=1 stall=0 flush=0 br=0 j=00 rs1=0=00000000 rs2=0=00000000 a=00000000 b=00000000 alu=00000000 ra=80000e24 count=00000000
# TRACE t=27835000 pc=80000e68 ifid_pc=80000e64 idex_pc=80000e60 ifid_i=0062a023 idex_v=1 exmem_v=0 mwb_v=1 stall=0 flush=0 br=0 j=00 rs1=6=00000000 rs2=1=80000e24 a=00000000 b=00000001 alu=00000001 ra=80000e24 count=00000000
# TRACE t=27845000 pc=80000e6c ifid_pc=80000e68 idex_pc=80000e64 ifid_i=00040093 idex_v=1 exmem_v=1 mwb_v=0 stall=0 flush=0 br=0 j=00 rs1=5=80100000 rs2=6=00000001 a=80100000 b=00000000 alu=80100000 ra=80000e24 count=00000000
# TRACE t=27855000 pc=80000e70 ifid_pc=80000e6c idex_pc=80000e68 ifid_i=00008067 idex_v=1 exmem_v=1 mwb_v=1 stall=0 flush=0 br=0 j=00 rs1=8=80000608 rs2=0=00000000 a=80000608 b=00000000 alu=80000608 ra=80000e24 count=00000000
# COUNT t=27855000 data=00000001
# TRACE t=27865000 pc=80000e74 ifid_pc=80000e70 idex_pc=80000e6c ifid_i=000ff297 idex_v=1 exmem_v=1 mwb_v=1 stall=0 flush=1 br=0 j=10 rs1=1=80000608 rs2=0=00000000 a=80000608 b=00000000 alu=80000608 ra=80000e24 count=00000000
# TRACE t=27905000 pc=80000e1c ifid_pc=00000000 idex_pc=00000000 ifid_i=00000000 idex_v=0 exmem_v=1 mwb_v=0 stall=0 flush=0 br=0 j=00 rs1=0=00000000 rs2=0=00000000 a=00000000 b=00000000 alu=00000000 ra=80000608 count=00000000
# TRACE t=27915000 pc=80000e20 ifid_pc=80000e1c idex_pc=00000000 ifid_i=00008413 idex_v=0 exmem_v=0 mwb_v=1 stall=0 flush=0 br=0 j=00 rs1=0=00000000 rs2=0=00000000 a=00000000 b=00000000 alu=00000000 ra=80000608 count=00000000
# TRACE t=27925000 pc=80000e24 ifid_pc=80000e20 idex_pc=80000e1c ifid_i=010000ef idex_v=1 exmem_v=0 mwb_v=0 stall=0 flush=0 br=0 j=00 rs1=1=80000608 rs2=0=00000000 a=80000608 b=00000000 alu=80000608 ra=8000060c count=00000000
# TRACE t=27935000 pc=80000e28 ifid_pc=80000e24 idex_pc=80000e20 ifid_i=00000297 idex_v=1 exmem_v=1 mwb_v=0 stall=0 flush=1 br=0 j=01 rs1=0=00000000 rs2=16=00000000 a=00000000 b=00000000 alu=00000000 ra=8000060c count=00000000
# TRACE t=27945000 pc=80000e30 ifid_pc=00000000 idex_pc=00000000 ifid_i=00000000 idex_v=0 exmem_v=1 mwb_v=1 stall=0 flush=0 br=0 j=00 rs1=0=00000000 rs2=0=00000000 a=00000000 b=00000000 alu=00000000 ra=8000060c count=00000000
# TRACE t=27955000 pc=80000e34 ifid_pc=80000e30 idex_pc=00000000 ifid_i=00400313 idex_v=0 exmem_v=0 mwb_v=1 stall=0 flush=0 br=0 j=00 rs1=0=00000000 rs2=0=00000000 a=00000000 b=00000000 alu=00000000 ra=8000060c count=00000000
# TRACE t=27965000 pc=80000e38 ifid_pc=80000e34 idex_pc=80000e30 ifid_i=00008067 idex_v=1 exmem_v=0 mwb_v=0 stall=0 flush=0 br=0 j=00 rs1=0=00000000 rs2=4=00000000 a=00000000 b=00000004 alu=00000004 ra=80000e24 count=00000000
# TRACE t=27975000 pc=80000e3c ifid_pc=80000e38 idex_pc=80000e34 ifid_i=000ff297 idex_v=1 exmem_v=1 mwb_v=0 stall=0 flush=1 br=0 j=10 rs1=1=80000e24 rs2=0=00000000 a=80000e24 b=00000000 alu=80000e24 ra=80000e24 count=00000000
# TRACE t=27985000 pc=80000e24 ifid_pc=00000000 idex_pc=00000000 ifid_i=00000000 idex_v=0 exmem_v=1 mwb_v=1 stall=0 flush=0 br=0 j=00 rs1=0=00000000 rs2=0=00000000 a=00000000 b=00000000 alu=00000000 ra=80000e24 count=00000000
# TRACE t=27995000 pc=80000e28 ifid_pc=80000e24 idex_pc=00000000 ifid_i=00000297 idex_v=0 exmem_v=0 mwb_v=1 stall=0 flush=0 br=0 j=00 rs1=0=00000000 rs2=0=00000000 a=00000000 b=00000000 alu=00000000 ra=80000e24 count=00000000
# TRACE t=28005000 pc=80000e2c ifid_pc=80000e28 idex_pc=80000e24 ifid_i=00509863 idex_v=1 exmem_v=0 mwb_v=0 stall=0 flush=0 br=0 j=00 rs1=0=00000000 rs2=0=00000000 a=80000e24 b=00000000 alu=80000e24 ra=80000e24 count=00000000
# TRACE t=28015000 pc=80000e30 ifid_pc=80000e2c idex_pc=80000e28 ifid_i=0280006f idex_v=1 exmem_v=1 mwb_v=0 stall=0 flush=0 br=1 j=00 rs1=1=80000e24 rs2=5=80000e24 a=80000e24 b=80000e24 alu=00000000 ra=80000e24 count=00000000
# TRACE t=28025000 pc=80000e34 ifid_pc=80000e30 idex_pc=80000e2c ifid_i=00400313 idex_v=1 exmem_v=1 mwb_v=1 stall=0 flush=1 br=0 j=01 rs1=0=00000000 rs2=8=80000608 a=00000000 b=80000608 alu=80000608 ra=80000e24 count=00000000
# TRACE t=28035000 pc=80000e54 ifid_pc=00000000 idex_pc=00000000 ifid_i=00000000 idex_v=0 exmem_v=1 mwb_v=1 stall=0 flush=0 br=0 j=00 rs1=0=00000000 rs2=0=00000000 a=00000000 b=00000000 alu=00000000 ra=80000e24 count=00000000
# TRACE t=28045000 pc=80000e58 ifid_pc=80000e54 idex_pc=00000000 ifid_i=000ff297 idex_v=0 exmem_v=0 mwb_v=1 stall=0 flush=0 br=0 j=00 rs1=0=00000000 rs2=0=00000000 a=00000000 b=00000000 alu=00000000 ra=80000e24 count=00000000
# TRACE t=28055000 pc=80000e5c ifid_pc=80000e58 idex_pc=80000e54 ifid_i=1ac28293 idex_v=1 exmem_v=0 mwb_v=0 stall=0 flush=0 br=0 j=00 rs1=31=00000000 rs2=0=00000000 a=80000e54 b=000ff000 alu=800ffe54 ra=80000e24 count=00000000
# TRACE t=28065000 pc=80000e60 ifid_pc=80000e5c idex_pc=80000e58 ifid_i=0002a303 idex_v=1 exmem_v=1 mwb_v=0 stall=0 flush=0 br=0 j=00 rs1=5=800ffe54 rs2=12=00000000 a=800ffe54 b=000001ac alu=80100000 ra=80000e24 count=00000000
# TRACE t=28075000 pc=80000e64 ifid_pc=80000e60 idex_pc=80000e5c ifid_i=00130313 idex_v=1 exmem_v=1 mwb_v=1 stall=1 flush=0 br=0 j=00 rs1=5=80100000 rs2=0=00000000 a=80100000 b=00000000 alu=80100000 ra=80000e24 count=00000000
# TRACE t=28085000 pc=80000e64 ifid_pc=80000e60 idex_pc=00000000 ifid_i=00130313 idex_v=0 exmem_v=1 mwb_v=1 stall=0 flush=0 br=0 j=00 rs1=0=00000000 rs2=0=00000000 a=00000000 b=00000000 alu=00000000 ra=80000e24 count=00000000
# TRACE t=28095000 pc=80000e68 ifid_pc=80000e64 idex_pc=80000e60 ifid_i=0062a023 idex_v=1 exmem_v=0 mwb_v=1 stall=0 flush=0 br=0 j=00 rs1=6=00000000 rs2=1=80000e24 a=00000000 b=00000001 alu=00000001 ra=80000e24 count=00000000
# TRACE t=28105000 pc=80000e6c ifid_pc=80000e68 idex_pc=80000e64 ifid_i=00040093 idex_v=1 exmem_v=1 mwb_v=0 stall=0 flush=0 br=0 j=00 rs1=5=80100000 rs2=6=00000001 a=80100000 b=00000000 alu=80100000 ra=80000e24 count=00000000
# TRACE t=28115000 pc=80000e70 ifid_pc=80000e6c idex_pc=80000e68 ifid_i=00008067 idex_v=1 exmem_v=1 mwb_v=1 stall=0 flush=0 br=0 j=00 rs1=8=80000608 rs2=0=00000000 a=80000608 b=00000000 alu=80000608 ra=80000e24 count=00000000
# COUNT t=28115000 data=00000001
# TRACE t=28125000 pc=80000e74 ifid_pc=80000e70 idex_pc=80000e6c ifid_i=000ff297 idex_v=1 exmem_v=1 mwb_v=1 stall=0 flush=1 br=0 j=10 rs1=1=80000608 rs2=0=00000000 a=80000608 b=00000000 alu=80000608 ra=80000e24 count=00000000
# TRACE t=28165000 pc=80000e1c ifid_pc=00000000 idex_pc=00000000 ifid_i=00000000 idex_v=0 exmem_v=1 mwb_v=0 stall=0 flush=0 br=0 j=00 rs1=0=00000000 rs2=0=00000000 a=00000000 b=00000000 alu=00000000 ra=80000608 count=00000000
# TRACE t=28175000 pc=80000e20 ifid_pc=80000e1c idex_pc=00000000 ifid_i=00008413 idex_v=0 exmem_v=0 mwb_v=1 stall=0 flush=0 br=0 j=00 rs1=0=00000000 rs2=0=00000000 a=00000000 b=00000000 alu=00000000 ra=80000608 count=00000000
# TRACE t=28185000 pc=80000e24 ifid_pc=80000e20 idex_pc=80000e1c ifid_i=010000ef idex_v=1 exmem_v=0 mwb_v=0 stall=0 flush=0 br=0 j=00 rs1=1=80000608 rs2=0=00000000 a=80000608 b=00000000 alu=80000608 ra=8000060c count=00000000
# TRACE t=28195000 pc=80000e28 ifid_pc=80000e24 idex_pc=80000e20 ifid_i=00000297 idex_v=1 exmem_v=1 mwb_v=0 stall=0 flush=1 br=0 j=01 rs1=0=00000000 rs2=16=00000000 a=00000000 b=00000000 alu=00000000 ra=8000060c count=00000000
# TRACE t=28205000 pc=80000e30 ifid_pc=00000000 idex_pc=00000000 ifid_i=00000000 idex_v=0 exmem_v=1 mwb_v=1 stall=0 flush=0 br=0 j=00 rs1=0=00000000 rs2=0=00000000 a=00000000 b=00000000 alu=00000000 ra=8000060c count=00000000
# TRACE t=28215000 pc=80000e34 ifid_pc=80000e30 idex_pc=00000000 ifid_i=00400313 idex_v=0 exmem_v=0 mwb_v=1 stall=0 flush=0 br=0 j=00 rs1=0=00000000 rs2=0=00000000 a=00000000 b=00000000 alu=00000000 ra=8000060c count=00000000
# TRACE t=28225000 pc=80000e38 ifid_pc=80000e34 idex_pc=80000e30 ifid_i=00008067 idex_v=1 exmem_v=0 mwb_v=0 stall=0 flush=0 br=0 j=00 rs1=0=00000000 rs2=4=00000000 a=00000000 b=00000004 alu=00000004 ra=80000e24 count=00000000
# TRACE t=28235000 pc=80000e3c ifid_pc=80000e38 idex_pc=80000e34 ifid_i=000ff297 idex_v=1 exmem_v=1 mwb_v=0 stall=0 flush=1 br=0 j=10 rs1=1=80000e24 rs2=0=00000000 a=80000e24 b=00000000 alu=80000e24 ra=80000e24 count=00000000
# TRACE t=28245000 pc=80000e24 ifid_pc=00000000 idex_pc=00000000 ifid_i=00000000 idex_v=0 exmem_v=1 mwb_v=1 stall=0 flush=0 br=0 j=00 rs1=0=00000000 rs2=0=00000000 a=00000000 b=00000000 alu=00000000 ra=80000e24 count=00000000
# TRACE t=28255000 pc=80000e28 ifid_pc=80000e24 idex_pc=00000000 ifid_i=00000297 idex_v=0 exmem_v=0 mwb_v=1 stall=0 flush=0 br=0 j=00 rs1=0=00000000 rs2=0=00000000 a=00000000 b=00000000 alu=00000000 ra=80000e24 count=00000000
# TRACE t=28265000 pc=80000e2c ifid_pc=80000e28 idex_pc=80000e24 ifid_i=00509863 idex_v=1 exmem_v=0 mwb_v=0 stall=0 flush=0 br=0 j=00 rs1=0=00000000 rs2=0=00000000 a=80000e24 b=00000000 alu=80000e24 ra=80000e24 count=00000000
# TRACE t=28275000 pc=80000e30 ifid_pc=80000e2c idex_pc=80000e28 ifid_i=0280006f idex_v=1 exmem_v=1 mwb_v=0 stall=0 flush=0 br=1 j=00 rs1=1=80000e24 rs2=5=80000e24 a=80000e24 b=80000e24 alu=00000000 ra=80000e24 count=00000000
# TRACE t=28285000 pc=80000e34 ifid_pc=80000e30 idex_pc=80000e2c ifid_i=00400313 idex_v=1 exmem_v=1 mwb_v=1 stall=0 flush=1 br=0 j=01 rs1=0=00000000 rs2=8=80000608 a=00000000 b=80000608 alu=80000608 ra=80000e24 count=00000000
# TRACE t=28295000 pc=80000e54 ifid_pc=00000000 idex_pc=00000000 ifid_i=00000000 idex_v=0 exmem_v=1 mwb_v=1 stall=0 flush=0 br=0 j=00 rs1=0=00000000 rs2=0=00000000 a=00000000 b=00000000 alu=00000000 ra=80000e24 count=00000000
# TRACE t=28305000 pc=80000e58 ifid_pc=80000e54 idex_pc=00000000 ifid_i=000ff297 idex_v=0 exmem_v=0 mwb_v=1 stall=0 flush=0 br=0 j=00 rs1=0=00000000 rs2=0=00000000 a=00000000 b=00000000 alu=00000000 ra=80000e24 count=00000000
# TRACE t=28315000 pc=80000e5c ifid_pc=80000e58 idex_pc=80000e54 ifid_i=1ac28293 idex_v=1 exmem_v=0 mwb_v=0 stall=0 flush=0 br=0 j=00 rs1=31=00000000 rs2=0=00000000 a=80000e54 b=000ff000 alu=800ffe54 ra=80000e24 count=00000000
# TRACE t=28325000 pc=80000e60 ifid_pc=80000e5c idex_pc=80000e58 ifid_i=0002a303 idex_v=1 exmem_v=1 mwb_v=0 stall=0 flush=0 br=0 j=00 rs1=5=800ffe54 rs2=12=00000000 a=800ffe54 b=000001ac alu=80100000 ra=80000e24 count=00000000
# TRACE t=28335000 pc=80000e64 ifid_pc=80000e60 idex_pc=80000e5c ifid_i=00130313 idex_v=1 exmem_v=1 mwb_v=1 stall=1 flush=0 br=0 j=00 rs1=5=80100000 rs2=0=00000000 a=80100000 b=00000000 alu=80100000 ra=80000e24 count=00000000
# TRACE t=28345000 pc=80000e64 ifid_pc=80000e60 idex_pc=00000000 ifid_i=00130313 idex_v=0 exmem_v=1 mwb_v=1 stall=0 flush=0 br=0 j=00 rs1=0=00000000 rs2=0=00000000 a=00000000 b=00000000 alu=00000000 ra=80000e24 count=00000000
# TRACE t=28355000 pc=80000e68 ifid_pc=80000e64 idex_pc=80000e60 ifid_i=0062a023 idex_v=1 exmem_v=0 mwb_v=1 stall=0 flush=0 br=0 j=00 rs1=6=00000000 rs2=1=80000e24 a=00000000 b=00000001 alu=00000001 ra=80000e24 count=00000000
# TRACE t=28365000 pc=80000e6c ifid_pc=80000e68 idex_pc=80000e64 ifid_i=00040093 idex_v=1 exmem_v=1 mwb_v=0 stall=0 flush=0 br=0 j=00 rs1=5=80100000 rs2=6=00000001 a=80100000 b=00000000 alu=80100000 ra=80000e24 count=00000000
# TRACE t=28375000 pc=80000e70 ifid_pc=80000e6c idex_pc=80000e68 ifid_i=00008067 idex_v=1 exmem_v=1 mwb_v=1 stall=0 flush=0 br=0 j=00 rs1=8=80000608 rs2=0=00000000 a=80000608 b=00000000 alu=80000608 ra=80000e24 count=00000000
# COUNT t=28375000 data=00000001
# TRACE t=28385000 pc=80000e74 ifid_pc=80000e70 idex_pc=80000e6c ifid_i=000ff297 idex_v=1 exmem_v=1 mwb_v=1 stall=0 flush=1 br=0 j=10 rs1=1=80000608 rs2=0=00000000 a=80000608 b=00000000 alu=80000608 ra=80000e24 count=00000000
# TRACE t=28425000 pc=80000e1c ifid_pc=00000000 idex_pc=00000000 ifid_i=00000000 idex_v=0 exmem_v=1 mwb_v=0 stall=0 flush=0 br=0 j=00 rs1=0=00000000 rs2=0=00000000 a=00000000 b=00000000 alu=00000000 ra=80000608 count=00000000
# TRACE t=28435000 pc=80000e20 ifid_pc=80000e1c idex_pc=00000000 ifid_i=00008413 idex_v=0 exmem_v=0 mwb_v=1 stall=0 flush=0 br=0 j=00 rs1=0=00000000 rs2=0=00000000 a=00000000 b=00000000 alu=00000000 ra=80000608 count=00000000
# TRACE t=28445000 pc=80000e24 ifid_pc=80000e20 idex_pc=80000e1c ifid_i=010000ef idex_v=1 exmem_v=0 mwb_v=0 stall=0 flush=0 br=0 j=00 rs1=1=80000608 rs2=0=00000000 a=80000608 b=00000000 alu=80000608 ra=8000060c count=00000000
# TRACE t=28455000 pc=80000e28 ifid_pc=80000e24 idex_pc=80000e20 ifid_i=00000297 idex_v=1 exmem_v=1 mwb_v=0 stall=0 flush=1 br=0 j=01 rs1=0=00000000 rs2=16=00000000 a=00000000 b=00000000 alu=00000000 ra=8000060c count=00000000
# TRACE t=28465000 pc=80000e30 ifid_pc=00000000 idex_pc=00000000 ifid_i=00000000 idex_v=0 exmem_v=1 mwb_v=1 stall=0 flush=0 br=0 j=00 rs1=0=00000000 rs2=0=00000000 a=00000000 b=00000000 alu=00000000 ra=8000060c count=00000000
# TRACE t=28475000 pc=80000e34 ifid_pc=80000e30 idex_pc=00000000 ifid_i=00400313 idex_v=0 exmem_v=0 mwb_v=1 stall=0 flush=0 br=0 j=00 rs1=0=00000000 rs2=0=00000000 a=00000000 b=00000000 alu=00000000 ra=8000060c count=00000000
# TRACE t=28485000 pc=80000e38 ifid_pc=80000e34 idex_pc=80000e30 ifid_i=00008067 idex_v=1 exmem_v=0 mwb_v=0 stall=0 flush=0 br=0 j=00 rs1=0=00000000 rs2=4=00000000 a=00000000 b=00000004 alu=00000004 ra=80000e24 count=00000000
# TRACE t=28495000 pc=80000e3c ifid_pc=80000e38 idex_pc=80000e34 ifid_i=000ff297 idex_v=1 exmem_v=1 mwb_v=0 stall=0 flush=1 br=0 j=10 rs1=1=80000e24 rs2=0=00000000 a=80000e24 b=00000000 alu=80000e24 ra=80000e24 count=00000000
# TRACE t=28505000 pc=80000e24 ifid_pc=00000000 idex_pc=00000000 ifid_i=00000000 idex_v=0 exmem_v=1 mwb_v=1 stall=0 flush=0 br=0 j=00 rs1=0=00000000 rs2=0=00000000 a=00000000 b=00000000 alu=00000000 ra=80000e24 count=00000000
# TRACE t=28515000 pc=80000e28 ifid_pc=80000e24 idex_pc=00000000 ifid_i=00000297 idex_v=0 exmem_v=0 mwb_v=1 stall=0 flush=0 br=0 j=00 rs1=0=00000000 rs2=0=00000000 a=00000000 b=00000000 alu=00000000 ra=80000e24 count=00000000
# TRACE t=28525000 pc=80000e2c ifid_pc=80000e28 idex_pc=80000e24 ifid_i=00509863 idex_v=1 exmem_v=0 mwb_v=0 stall=0 flush=0 br=0 j=00 rs1=0=00000000 rs2=0=00000000 a=80000e24 b=00000000 alu=80000e24 ra=80000e24 count=00000000
# TRACE t=28535000 pc=80000e30 ifid_pc=80000e2c idex_pc=80000e28 ifid_i=0280006f idex_v=1 exmem_v=1 mwb_v=0 stall=0 flush=0 br=1 j=00 rs1=1=80000e24 rs2=5=80000e24 a=80000e24 b=80000e24 alu=00000000 ra=80000e24 count=00000000
# TRACE t=28545000 pc=80000e34 ifid_pc=80000e30 idex_pc=80000e2c ifid_i=00400313 idex_v=1 exmem_v=1 mwb_v=1 stall=0 flush=1 br=0 j=01 rs1=0=00000000 rs2=8=80000608 a=00000000 b=80000608 alu=80000608 ra=80000e24 count=00000000
# TRACE t=28555000 pc=80000e54 ifid_pc=00000000 idex_pc=00000000 ifid_i=00000000 idex_v=0 exmem_v=1 mwb_v=1 stall=0 flush=0 br=0 j=00 rs1=0=00000000 rs2=0=00000000 a=00000000 b=00000000 alu=00000000 ra=80000e24 count=00000000
# TRACE t=28565000 pc=80000e58 ifid_pc=80000e54 idex_pc=00000000 ifid_i=000ff297 idex_v=0 exmem_v=0 mwb_v=1 stall=0 flush=0 br=0 j=00 rs1=0=00000000 rs2=0=00000000 a=00000000 b=00000000 alu=00000000 ra=80000e24 count=00000000
# TRACE t=28575000 pc=80000e5c ifid_pc=80000e58 idex_pc=80000e54 ifid_i=1ac28293 idex_v=1 exmem_v=0 mwb_v=0 stall=0 flush=0 br=0 j=00 rs1=31=00000000 rs2=0=00000000 a=80000e54 b=000ff000 alu=800ffe54 ra=80000e24 count=00000000
# TRACE t=28585000 pc=80000e60 ifid_pc=80000e5c idex_pc=80000e58 ifid_i=0002a303 idex_v=1 exmem_v=1 mwb_v=0 stall=0 flush=0 br=0 j=00 rs1=5=800ffe54 rs2=12=00000000 a=800ffe54 b=000001ac alu=80100000 ra=80000e24 count=00000000
# TRACE t=28595000 pc=80000e64 ifid_pc=80000e60 idex_pc=80000e5c ifid_i=00130313 idex_v=1 exmem_v=1 mwb_v=1 stall=1 flush=0 br=0 j=00 rs1=5=80100000 rs2=0=00000000 a=80100000 b=00000000 alu=80100000 ra=80000e24 count=00000000
# TRACE t=28605000 pc=80000e64 ifid_pc=80000e60 idex_pc=00000000 ifid_i=00130313 idex_v=0 exmem_v=1 mwb_v=1 stall=0 flush=0 br=0 j=00 rs1=0=00000000 rs2=0=00000000 a=00000000 b=00000000 alu=00000000 ra=80000e24 count=00000000
# TRACE t=28615000 pc=80000e68 ifid_pc=80000e64 idex_pc=80000e60 ifid_i=0062a023 idex_v=1 exmem_v=0 mwb_v=1 stall=0 flush=0 br=0 j=00 rs1=6=00000000 rs2=1=80000e24 a=00000000 b=00000001 alu=00000001 ra=80000e24 count=00000000
# TRACE t=28625000 pc=80000e6c ifid_pc=80000e68 idex_pc=80000e64 ifid_i=00040093 idex_v=1 exmem_v=1 mwb_v=0 stall=0 flush=0 br=0 j=00 rs1=5=80100000 rs2=6=00000001 a=80100000 b=00000000 alu=80100000 ra=80000e24 count=00000000
# TRACE t=28635000 pc=80000e70 ifid_pc=80000e6c idex_pc=80000e68 ifid_i=00008067 idex_v=1 exmem_v=1 mwb_v=1 stall=0 flush=0 br=0 j=00 rs1=8=80000608 rs2=0=00000000 a=80000608 b=00000000 alu=80000608 ra=80000e24 count=00000000
# COUNT t=28635000 data=00000001
# TRACE t=28645000 pc=80000e74 ifid_pc=80000e70 idex_pc=80000e6c ifid_i=000ff297 idex_v=1 exmem_v=1 mwb_v=1 stall=0 flush=1 br=0 j=10 rs1=1=80000608 rs2=0=00000000 a=80000608 b=00000000 alu=80000608 ra=80000e24 count=00000000
# TRACE t=28685000 pc=80000e1c ifid_pc=00000000 idex_pc=00000000 ifid_i=00000000 idex_v=0 exmem_v=1 mwb_v=0 stall=0 flush=0 br=0 j=00 rs1=0=00000000 rs2=0=00000000 a=00000000 b=00000000 alu=00000000 ra=80000608 count=00000000
# TRACE t=28695000 pc=80000e20 ifid_pc=80000e1c idex_pc=00000000 ifid_i=00008413 idex_v=0 exmem_v=0 mwb_v=1 stall=0 flush=0 br=0 j=00 rs1=0=00000000 rs2=0=00000000 a=00000000 b=00000000 alu=00000000 ra=80000608 count=00000000
# TRACE t=28705000 pc=80000e24 ifid_pc=80000e20 idex_pc=80000e1c ifid_i=010000ef idex_v=1 exmem_v=0 mwb_v=0 stall=0 flush=0 br=0 j=00 rs1=1=80000608 rs2=0=00000000 a=80000608 b=00000000 alu=80000608 ra=8000060c count=00000000
# TRACE t=28715000 pc=80000e28 ifid_pc=80000e24 idex_pc=80000e20 ifid_i=00000297 idex_v=1 exmem_v=1 mwb_v=0 stall=0 flush=1 br=0 j=01 rs1=0=00000000 rs2=16=00000000 a=00000000 b=00000000 alu=00000000 ra=8000060c count=00000000
# TRACE t=28725000 pc=80000e30 ifid_pc=00000000 idex_pc=00000000 ifid_i=00000000 idex_v=0 exmem_v=1 mwb_v=1 stall=0 flush=0 br=0 j=00 rs1=0=00000000 rs2=0=00000000 a=00000000 b=00000000 alu=00000000 ra=8000060c count=00000000
# TRACE t=28735000 pc=80000e34 ifid_pc=80000e30 idex_pc=00000000 ifid_i=00400313 idex_v=0 exmem_v=0 mwb_v=1 stall=0 flush=0 br=0 j=00 rs1=0=00000000 rs2=0=00000000 a=00000000 b=00000000 alu=00000000 ra=8000060c count=00000000
# TRACE t=28745000 pc=80000e38 ifid_pc=80000e34 idex_pc=80000e30 ifid_i=00008067 idex_v=1 exmem_v=0 mwb_v=0 stall=0 flush=0 br=0 j=00 rs1=0=00000000 rs2=4=00000000 a=00000000 b=00000004 alu=00000004 ra=80000e24 count=00000000
# TRACE t=28755000 pc=80000e3c ifid_pc=80000e38 idex_pc=80000e34 ifid_i=000ff297 idex_v=1 exmem_v=1 mwb_v=0 stall=0 flush=1 br=0 j=10 rs1=1=80000e24 rs2=0=00000000 a=80000e24 b=00000000 alu=80000e24 ra=80000e24 count=00000000
# TRACE t=28765000 pc=80000e24 ifid_pc=00000000 idex_pc=00000000 ifid_i=00000000 idex_v=0 exmem_v=1 mwb_v=1 stall=0 flush=0 br=0 j=00 rs1=0=00000000 rs2=0=00000000 a=00000000 b=00000000 alu=00000000 ra=80000e24 count=00000000
# TRACE t=28775000 pc=80000e28 ifid_pc=80000e24 idex_pc=00000000 ifid_i=00000297 idex_v=0 exmem_v=0 mwb_v=1 stall=0 flush=0 br=0 j=00 rs1=0=00000000 rs2=0=00000000 a=00000000 b=00000000 alu=00000000 ra=80000e24 count=00000000
# TRACE t=28785000 pc=80000e2c ifid_pc=80000e28 idex_pc=80000e24 ifid_i=00509863 idex_v=1 exmem_v=0 mwb_v=0 stall=0 flush=0 br=0 j=00 rs1=0=00000000 rs2=0=00000000 a=80000e24 b=00000000 alu=80000e24 ra=80000e24 count=00000000
# TRACE t=28795000 pc=80000e30 ifid_pc=80000e2c idex_pc=80000e28 ifid_i=0280006f idex_v=1 exmem_v=1 mwb_v=0 stall=0 flush=0 br=1 j=00 rs1=1=80000e24 rs2=5=80000e24 a=80000e24 b=80000e24 alu=00000000 ra=80000e24 count=00000000
# TRACE t=28805000 pc=80000e34 ifid_pc=80000e30 idex_pc=80000e2c ifid_i=00400313 idex_v=1 exmem_v=1 mwb_v=1 stall=0 flush=1 br=0 j=01 rs1=0=00000000 rs2=8=80000608 a=00000000 b=80000608 alu=80000608 ra=80000e24 count=00000000
# TRACE t=28815000 pc=80000e54 ifid_pc=00000000 idex_pc=00000000 ifid_i=00000000 idex_v=0 exmem_v=1 mwb_v=1 stall=0 flush=0 br=0 j=00 rs1=0=00000000 rs2=0=00000000 a=00000000 b=00000000 alu=00000000 ra=80000e24 count=00000000
# TRACE t=28825000 pc=80000e58 ifid_pc=80000e54 idex_pc=00000000 ifid_i=000ff297 idex_v=0 exmem_v=0 mwb_v=1 stall=0 flush=0 br=0 j=00 rs1=0=00000000 rs2=0=00000000 a=00000000 b=00000000 alu=00000000 ra=80000e24 count=00000000
# TRACE t=28835000 pc=80000e5c ifid_pc=80000e58 idex_pc=80000e54 ifid_i=1ac28293 idex_v=1 exmem_v=0 mwb_v=0 stall=0 flush=0 br=0 j=00 rs1=31=00000000 rs2=0=00000000 a=80000e54 b=000ff000 alu=800ffe54 ra=80000e24 count=00000000
# TRACE t=28845000 pc=80000e60 ifid_pc=80000e5c idex_pc=80000e58 ifid_i=0002a303 idex_v=1 exmem_v=1 mwb_v=0 stall=0 flush=0 br=0 j=00 rs1=5=800ffe54 rs2=12=00000000 a=800ffe54 b=000001ac alu=80100000 ra=80000e24 count=00000000
# TRACE t=28855000 pc=80000e64 ifid_pc=80000e60 idex_pc=80000e5c ifid_i=00130313 idex_v=1 exmem_v=1 mwb_v=1 stall=1 flush=0 br=0 j=00 rs1=5=80100000 rs2=0=00000000 a=80100000 b=00000000 alu=80100000 ra=80000e24 count=00000000
# TRACE t=28865000 pc=80000e64 ifid_pc=80000e60 idex_pc=00000000 ifid_i=00130313 idex_v=0 exmem_v=1 mwb_v=1 stall=0 flush=0 br=0 j=00 rs1=0=00000000 rs2=0=00000000 a=00000000 b=00000000 alu=00000000 ra=80000e24 count=00000000
# TRACE t=28875000 pc=80000e68 ifid_pc=80000e64 idex_pc=80000e60 ifid_i=0062a023 idex_v=1 exmem_v=0 mwb_v=1 stall=0 flush=0 br=0 j=00 rs1=6=00000000 rs2=1=80000e24 a=00000000 b=00000001 alu=00000001 ra=80000e24 count=00000000
# TRACE t=28885000 pc=80000e6c ifid_pc=80000e68 idex_pc=80000e64 ifid_i=00040093 idex_v=1 exmem_v=1 mwb_v=0 stall=0 flush=0 br=0 j=00 rs1=5=80100000 rs2=6=00000001 a=80100000 b=00000000 alu=80100000 ra=80000e24 count=00000000
# TRACE t=28895000 pc=80000e70 ifid_pc=80000e6c idex_pc=80000e68 ifid_i=00008067 idex_v=1 exmem_v=1 mwb_v=1 stall=0 flush=0 br=0 j=00 rs1=8=80000608 rs2=0=00000000 a=80000608 b=00000000 alu=80000608 ra=80000e24 count=00000000
# COUNT t=28895000 data=00000001
# TRACE t=28905000 pc=80000e74 ifid_pc=80000e70 idex_pc=80000e6c ifid_i=000ff297 idex_v=1 exmem_v=1 mwb_v=1 stall=0 flush=1 br=0 j=10 rs1=1=80000608 rs2=0=00000000 a=80000608 b=00000000 alu=80000608 ra=80000e24 count=00000000
# TRACE t=28945000 pc=80000e1c ifid_pc=00000000 idex_pc=00000000 ifid_i=00000000 idex_v=0 exmem_v=1 mwb_v=0 stall=0 flush=0 br=0 j=00 rs1=0=00000000 rs2=0=00000000 a=00000000 b=00000000 alu=00000000 ra=80000608 count=00000000
# TRACE t=28955000 pc=80000e20 ifid_pc=80000e1c idex_pc=00000000 ifid_i=00008413 idex_v=0 exmem_v=0 mwb_v=1 stall=0 flush=0 br=0 j=00 rs1=0=00000000 rs2=0=00000000 a=00000000 b=00000000 alu=00000000 ra=80000608 count=00000000
# TRACE t=28965000 pc=80000e24 ifid_pc=80000e20 idex_pc=80000e1c ifid_i=010000ef idex_v=1 exmem_v=0 mwb_v=0 stall=0 flush=0 br=0 j=00 rs1=1=80000608 rs2=0=00000000 a=80000608 b=00000000 alu=80000608 ra=8000060c count=00000000
# TRACE t=28975000 pc=80000e28 ifid_pc=80000e24 idex_pc=80000e20 ifid_i=00000297 idex_v=1 exmem_v=1 mwb_v=0 stall=0 flush=1 br=0 j=01 rs1=0=00000000 rs2=16=00000000 a=00000000 b=00000000 alu=00000000 ra=8000060c count=00000000
# TRACE t=28985000 pc=80000e30 ifid_pc=00000000 idex_pc=00000000 ifid_i=00000000 idex_v=0 exmem_v=1 mwb_v=1 stall=0 flush=0 br=0 j=00 rs1=0=00000000 rs2=0=00000000 a=00000000 b=00000000 alu=00000000 ra=8000060c count=00000000
# TRACE t=28995000 pc=80000e34 ifid_pc=80000e30 idex_pc=00000000 ifid_i=00400313 idex_v=0 exmem_v=0 mwb_v=1 stall=0 flush=0 br=0 j=00 rs1=0=00000000 rs2=0=00000000 a=00000000 b=00000000 alu=00000000 ra=8000060c count=00000000
# TRACE t=29005000 pc=80000e38 ifid_pc=80000e34 idex_pc=80000e30 ifid_i=00008067 idex_v=1 exmem_v=0 mwb_v=0 stall=0 flush=0 br=0 j=00 rs1=0=00000000 rs2=4=00000000 a=00000000 b=00000004 alu=00000004 ra=80000e24 count=00000000
# TRACE t=29015000 pc=80000e3c ifid_pc=80000e38 idex_pc=80000e34 ifid_i=000ff297 idex_v=1 exmem_v=1 mwb_v=0 stall=0 flush=1 br=0 j=10 rs1=1=80000e24 rs2=0=00000000 a=80000e24 b=00000000 alu=80000e24 ra=80000e24 count=00000000
# TRACE t=29025000 pc=80000e24 ifid_pc=00000000 idex_pc=00000000 ifid_i=00000000 idex_v=0 exmem_v=1 mwb_v=1 stall=0 flush=0 br=0 j=00 rs1=0=00000000 rs2=0=00000000 a=00000000 b=00000000 alu=00000000 ra=80000e24 count=00000000
# TRACE t=29035000 pc=80000e28 ifid_pc=80000e24 idex_pc=00000000 ifid_i=00000297 idex_v=0 exmem_v=0 mwb_v=1 stall=0 flush=0 br=0 j=00 rs1=0=00000000 rs2=0=00000000 a=00000000 b=00000000 alu=00000000 ra=80000e24 count=00000000
# TRACE t=29045000 pc=80000e2c ifid_pc=80000e28 idex_pc=80000e24 ifid_i=00509863 idex_v=1 exmem_v=0 mwb_v=0 stall=0 flush=0 br=0 j=00 rs1=0=00000000 rs2=0=00000000 a=80000e24 b=00000000 alu=80000e24 ra=80000e24 count=00000000
# TRACE t=29055000 pc=80000e30 ifid_pc=80000e2c idex_pc=80000e28 ifid_i=0280006f idex_v=1 exmem_v=1 mwb_v=0 stall=0 flush=0 br=1 j=00 rs1=1=80000e24 rs2=5=80000e24 a=80000e24 b=80000e24 alu=00000000 ra=80000e24 count=00000000
# TRACE t=29065000 pc=80000e34 ifid_pc=80000e30 idex_pc=80000e2c ifid_i=00400313 idex_v=1 exmem_v=1 mwb_v=1 stall=0 flush=1 br=0 j=01 rs1=0=00000000 rs2=8=80000608 a=00000000 b=80000608 alu=80000608 ra=80000e24 count=00000000
# TRACE t=29075000 pc=80000e54 ifid_pc=00000000 idex_pc=00000000 ifid_i=00000000 idex_v=0 exmem_v=1 mwb_v=1 stall=0 flush=0 br=0 j=00 rs1=0=00000000 rs2=0=00000000 a=00000000 b=00000000 alu=00000000 ra=80000e24 count=00000000
# TRACE t=29085000 pc=80000e58 ifid_pc=80000e54 idex_pc=00000000 ifid_i=000ff297 idex_v=0 exmem_v=0 mwb_v=1 stall=0 flush=0 br=0 j=00 rs1=0=00000000 rs2=0=00000000 a=00000000 b=00000000 alu=00000000 ra=80000e24 count=00000000
# TRACE t=29095000 pc=80000e5c ifid_pc=80000e58 idex_pc=80000e54 ifid_i=1ac28293 idex_v=1 exmem_v=0 mwb_v=0 stall=0 flush=0 br=0 j=00 rs1=31=00000000 rs2=0=00000000 a=80000e54 b=000ff000 alu=800ffe54 ra=80000e24 count=00000000
# TRACE t=29105000 pc=80000e60 ifid_pc=80000e5c idex_pc=80000e58 ifid_i=0002a303 idex_v=1 exmem_v=1 mwb_v=0 stall=0 flush=0 br=0 j=00 rs1=5=800ffe54 rs2=12=00000000 a=800ffe54 b=000001ac alu=80100000 ra=80000e24 count=00000000
# TRACE t=29115000 pc=80000e64 ifid_pc=80000e60 idex_pc=80000e5c ifid_i=00130313 idex_v=1 exmem_v=1 mwb_v=1 stall=1 flush=0 br=0 j=00 rs1=5=80100000 rs2=0=00000000 a=80100000 b=00000000 alu=80100000 ra=80000e24 count=00000000
# TRACE t=29125000 pc=80000e64 ifid_pc=80000e60 idex_pc=00000000 ifid_i=00130313 idex_v=0 exmem_v=1 mwb_v=1 stall=0 flush=0 br=0 j=00 rs1=0=00000000 rs2=0=00000000 a=00000000 b=00000000 alu=00000000 ra=80000e24 count=00000000
# TRACE t=29135000 pc=80000e68 ifid_pc=80000e64 idex_pc=80000e60 ifid_i=0062a023 idex_v=1 exmem_v=0 mwb_v=1 stall=0 flush=0 br=0 j=00 rs1=6=00000000 rs2=1=80000e24 a=00000000 b=00000001 alu=00000001 ra=80000e24 count=00000000
# TRACE t=29145000 pc=80000e6c ifid_pc=80000e68 idex_pc=80000e64 ifid_i=00040093 idex_v=1 exmem_v=1 mwb_v=0 stall=0 flush=0 br=0 j=00 rs1=5=80100000 rs2=6=00000001 a=80100000 b=00000000 alu=80100000 ra=80000e24 count=00000000
# TRACE t=29155000 pc=80000e70 ifid_pc=80000e6c idex_pc=80000e68 ifid_i=00008067 idex_v=1 exmem_v=1 mwb_v=1 stall=0 flush=0 br=0 j=00 rs1=8=80000608 rs2=0=00000000 a=80000608 b=00000000 alu=80000608 ra=80000e24 count=00000000
# COUNT t=29155000 data=00000001
# TRACE t=29165000 pc=80000e74 ifid_pc=80000e70 idex_pc=80000e6c ifid_i=000ff297 idex_v=1 exmem_v=1 mwb_v=1 stall=0 flush=1 br=0 j=10 rs1=1=80000608 rs2=0=00000000 a=80000608 b=00000000 alu=80000608 ra=80000e24 count=00000000
# TRACE t=29205000 pc=80000e1c ifid_pc=00000000 idex_pc=00000000 ifid_i=00000000 idex_v=0 exmem_v=1 mwb_v=0 stall=0 flush=0 br=0 j=00 rs1=0=00000000 rs2=0=00000000 a=00000000 b=00000000 alu=00000000 ra=80000608 count=00000000
# TRACE t=29215000 pc=80000e20 ifid_pc=80000e1c idex_pc=00000000 ifid_i=00008413 idex_v=0 exmem_v=0 mwb_v=1 stall=0 flush=0 br=0 j=00 rs1=0=00000000 rs2=0=00000000 a=00000000 b=00000000 alu=00000000 ra=80000608 count=00000000
# TRACE t=29225000 pc=80000e24 ifid_pc=80000e20 idex_pc=80000e1c ifid_i=010000ef idex_v=1 exmem_v=0 mwb_v=0 stall=0 flush=0 br=0 j=00 rs1=1=80000608 rs2=0=00000000 a=80000608 b=00000000 alu=80000608 ra=8000060c count=00000000
# TRACE t=29235000 pc=80000e28 ifid_pc=80000e24 idex_pc=80000e20 ifid_i=00000297 idex_v=1 exmem_v=1 mwb_v=0 stall=0 flush=1 br=0 j=01 rs1=0=00000000 rs2=16=00000000 a=00000000 b=00000000 alu=00000000 ra=8000060c count=00000000
# TRACE t=29245000 pc=80000e30 ifid_pc=00000000 idex_pc=00000000 ifid_i=00000000 idex_v=0 exmem_v=1 mwb_v=1 stall=0 flush=0 br=0 j=00 rs1=0=00000000 rs2=0=00000000 a=00000000 b=00000000 alu=00000000 ra=8000060c count=00000000
# TRACE t=29255000 pc=80000e34 ifid_pc=80000e30 idex_pc=00000000 ifid_i=00400313 idex_v=0 exmem_v=0 mwb_v=1 stall=0 flush=0 br=0 j=00 rs1=0=00000000 rs2=0=00000000 a=00000000 b=00000000 alu=00000000 ra=8000060c count=00000000
# TRACE t=29265000 pc=80000e38 ifid_pc=80000e34 idex_pc=80000e30 ifid_i=00008067 idex_v=1 exmem_v=0 mwb_v=0 stall=0 flush=0 br=0 j=00 rs1=0=00000000 rs2=4=00000000 a=00000000 b=00000004 alu=00000004 ra=80000e24 count=00000000
# TRACE t=29275000 pc=80000e3c ifid_pc=80000e38 idex_pc=80000e34 ifid_i=000ff297 idex_v=1 exmem_v=1 mwb_v=0 stall=0 flush=1 br=0 j=10 rs1=1=80000e24 rs2=0=00000000 a=80000e24 b=00000000 alu=80000e24 ra=80000e24 count=00000000
# TRACE t=29285000 pc=80000e24 ifid_pc=00000000 idex_pc=00000000 ifid_i=00000000 idex_v=0 exmem_v=1 mwb_v=1 stall=0 flush=0 br=0 j=00 rs1=0=00000000 rs2=0=00000000 a=00000000 b=00000000 alu=00000000 ra=80000e24 count=00000000
# TRACE t=29295000 pc=80000e28 ifid_pc=80000e24 idex_pc=00000000 ifid_i=00000297 idex_v=0 exmem_v=0 mwb_v=1 stall=0 flush=0 br=0 j=00 rs1=0=00000000 rs2=0=00000000 a=00000000 b=00000000 alu=00000000 ra=80000e24 count=00000000
# TRACE t=29305000 pc=80000e2c ifid_pc=80000e28 idex_pc=80000e24 ifid_i=00509863 idex_v=1 exmem_v=0 mwb_v=0 stall=0 flush=0 br=0 j=00 rs1=0=00000000 rs2=0=00000000 a=80000e24 b=00000000 alu=80000e24 ra=80000e24 count=00000000
# TRACE t=29315000 pc=80000e30 ifid_pc=80000e2c idex_pc=80000e28 ifid_i=0280006f idex_v=1 exmem_v=1 mwb_v=0 stall=0 flush=0 br=1 j=00 rs1=1=80000e24 rs2=5=80000e24 a=80000e24 b=80000e24 alu=00000000 ra=80000e24 count=00000000
# TRACE t=29325000 pc=80000e34 ifid_pc=80000e30 idex_pc=80000e2c ifid_i=00400313 idex_v=1 exmem_v=1 mwb_v=1 stall=0 flush=1 br=0 j=01 rs1=0=00000000 rs2=8=80000608 a=00000000 b=80000608 alu=80000608 ra=80000e24 count=00000000
# TRACE t=29335000 pc=80000e54 ifid_pc=00000000 idex_pc=00000000 ifid_i=00000000 idex_v=0 exmem_v=1 mwb_v=1 stall=0 flush=0 br=0 j=00 rs1=0=00000000 rs2=0=00000000 a=00000000 b=00000000 alu=00000000 ra=80000e24 count=00000000
# TRACE t=29345000 pc=80000e58 ifid_pc=80000e54 idex_pc=00000000 ifid_i=000ff297 idex_v=0 exmem_v=0 mwb_v=1 stall=0 flush=0 br=0 j=00 rs1=0=00000000 rs2=0=00000000 a=00000000 b=00000000 alu=00000000 ra=80000e24 count=00000000
# TRACE t=29355000 pc=80000e5c ifid_pc=80000e58 idex_pc=80000e54 ifid_i=1ac28293 idex_v=1 exmem_v=0 mwb_v=0 stall=0 flush=0 br=0 j=00 rs1=31=00000000 rs2=0=00000000 a=80000e54 b=000ff000 alu=800ffe54 ra=80000e24 count=00000000
# TRACE t=29365000 pc=80000e60 ifid_pc=80000e5c idex_pc=80000e58 ifid_i=0002a303 idex_v=1 exmem_v=1 mwb_v=0 stall=0 flush=0 br=0 j=00 rs1=5=800ffe54 rs2=12=00000000 a=800ffe54 b=000001ac alu=80100000 ra=80000e24 count=00000000
# TRACE t=29375000 pc=80000e64 ifid_pc=80000e60 idex_pc=80000e5c ifid_i=00130313 idex_v=1 exmem_v=1 mwb_v=1 stall=1 flush=0 br=0 j=00 rs1=5=80100000 rs2=0=00000000 a=80100000 b=00000000 alu=80100000 ra=80000e24 count=00000000
# TRACE t=29385000 pc=80000e64 ifid_pc=80000e60 idex_pc=00000000 ifid_i=00130313 idex_v=0 exmem_v=1 mwb_v=1 stall=0 flush=0 br=0 j=00 rs1=0=00000000 rs2=0=00000000 a=00000000 b=00000000 alu=00000000 ra=80000e24 count=00000000
# TRACE t=29395000 pc=80000e68 ifid_pc=80000e64 idex_pc=80000e60 ifid_i=0062a023 idex_v=1 exmem_v=0 mwb_v=1 stall=0 flush=0 br=0 j=00 rs1=6=00000000 rs2=1=80000e24 a=00000000 b=00000001 alu=00000001 ra=80000e24 count=00000000
# TRACE t=29405000 pc=80000e6c ifid_pc=80000e68 idex_pc=80000e64 ifid_i=00040093 idex_v=1 exmem_v=1 mwb_v=0 stall=0 flush=0 br=0 j=00 rs1=5=80100000 rs2=6=00000001 a=80100000 b=00000000 alu=80100000 ra=80000e24 count=00000000
# TRACE t=29415000 pc=80000e70 ifid_pc=80000e6c idex_pc=80000e68 ifid_i=00008067 idex_v=1 exmem_v=1 mwb_v=1 stall=0 flush=0 br=0 j=00 rs1=8=80000608 rs2=0=00000000 a=80000608 b=00000000 alu=80000608 ra=80000e24 count=00000000
# COUNT t=29415000 data=00000001
# TRACE t=29425000 pc=80000e74 ifid_pc=80000e70 idex_pc=80000e6c ifid_i=000ff297 idex_v=1 exmem_v=1 mwb_v=1 stall=0 flush=1 br=0 j=10 rs1=1=80000608 rs2=0=00000000 a=80000608 b=00000000 alu=80000608 ra=80000e24 count=00000000
# TRACE t=29465000 pc=80000e1c ifid_pc=00000000 idex_pc=00000000 ifid_i=00000000 idex_v=0 exmem_v=1 mwb_v=0 stall=0 flush=0 br=0 j=00 rs1=0=00000000 rs2=0=00000000 a=00000000 b=00000000 alu=00000000 ra=80000608 count=00000000
# TRACE t=29475000 pc=80000e20 ifid_pc=80000e1c idex_pc=00000000 ifid_i=00008413 idex_v=0 exmem_v=0 mwb_v=1 stall=0 flush=0 br=0 j=00 rs1=0=00000000 rs2=0=00000000 a=00000000 b=00000000 alu=00000000 ra=80000608 count=00000000
# TRACE t=29485000 pc=80000e24 ifid_pc=80000e20 idex_pc=80000e1c ifid_i=010000ef idex_v=1 exmem_v=0 mwb_v=0 stall=0 flush=0 br=0 j=00 rs1=1=80000608 rs2=0=00000000 a=80000608 b=00000000 alu=80000608 ra=8000060c count=00000000
# TRACE t=29495000 pc=80000e28 ifid_pc=80000e24 idex_pc=80000e20 ifid_i=00000297 idex_v=1 exmem_v=1 mwb_v=0 stall=0 flush=1 br=0 j=01 rs1=0=00000000 rs2=16=00000000 a=00000000 b=00000000 alu=00000000 ra=8000060c count=00000000
# TRACE t=29505000 pc=80000e30 ifid_pc=00000000 idex_pc=00000000 ifid_i=00000000 idex_v=0 exmem_v=1 mwb_v=1 stall=0 flush=0 br=0 j=00 rs1=0=00000000 rs2=0=00000000 a=00000000 b=00000000 alu=00000000 ra=8000060c count=00000000
# TRACE t=29515000 pc=80000e34 ifid_pc=80000e30 idex_pc=00000000 ifid_i=00400313 idex_v=0 exmem_v=0 mwb_v=1 stall=0 flush=0 br=0 j=00 rs1=0=00000000 rs2=0=00000000 a=00000000 b=00000000 alu=00000000 ra=8000060c count=00000000
# TRACE t=29525000 pc=80000e38 ifid_pc=80000e34 idex_pc=80000e30 ifid_i=00008067 idex_v=1 exmem_v=0 mwb_v=0 stall=0 flush=0 br=0 j=00 rs1=0=00000000 rs2=4=00000000 a=00000000 b=00000004 alu=00000004 ra=80000e24 count=00000000
# TRACE t=29535000 pc=80000e3c ifid_pc=80000e38 idex_pc=80000e34 ifid_i=000ff297 idex_v=1 exmem_v=1 mwb_v=0 stall=0 flush=1 br=0 j=10 rs1=1=80000e24 rs2=0=00000000 a=80000e24 b=00000000 alu=80000e24 ra=80000e24 count=00000000
# TRACE t=29545000 pc=80000e24 ifid_pc=00000000 idex_pc=00000000 ifid_i=00000000 idex_v=0 exmem_v=1 mwb_v=1 stall=0 flush=0 br=0 j=00 rs1=0=00000000 rs2=0=00000000 a=00000000 b=00000000 alu=00000000 ra=80000e24 count=00000000
# TRACE t=29555000 pc=80000e28 ifid_pc=80000e24 idex_pc=00000000 ifid_i=00000297 idex_v=0 exmem_v=0 mwb_v=1 stall=0 flush=0 br=0 j=00 rs1=0=00000000 rs2=0=00000000 a=00000000 b=00000000 alu=00000000 ra=80000e24 count=00000000
# TRACE t=29565000 pc=80000e2c ifid_pc=80000e28 idex_pc=80000e24 ifid_i=00509863 idex_v=1 exmem_v=0 mwb_v=0 stall=0 flush=0 br=0 j=00 rs1=0=00000000 rs2=0=00000000 a=80000e24 b=00000000 alu=80000e24 ra=80000e24 count=00000000
# TRACE t=29575000 pc=80000e30 ifid_pc=80000e2c idex_pc=80000e28 ifid_i=0280006f idex_v=1 exmem_v=1 mwb_v=0 stall=0 flush=0 br=1 j=00 rs1=1=80000e24 rs2=5=80000e24 a=80000e24 b=80000e24 alu=00000000 ra=80000e24 count=00000000
# TRACE t=29585000 pc=80000e34 ifid_pc=80000e30 idex_pc=80000e2c ifid_i=00400313 idex_v=1 exmem_v=1 mwb_v=1 stall=0 flush=1 br=0 j=01 rs1=0=00000000 rs2=8=80000608 a=00000000 b=80000608 alu=80000608 ra=80000e24 count=00000000
# TRACE t=29595000 pc=80000e54 ifid_pc=00000000 idex_pc=00000000 ifid_i=00000000 idex_v=0 exmem_v=1 mwb_v=1 stall=0 flush=0 br=0 j=00 rs1=0=00000000 rs2=0=00000000 a=00000000 b=00000000 alu=00000000 ra=80000e24 count=00000000
# TRACE t=29605000 pc=80000e58 ifid_pc=80000e54 idex_pc=00000000 ifid_i=000ff297 idex_v=0 exmem_v=0 mwb_v=1 stall=0 flush=0 br=0 j=00 rs1=0=00000000 rs2=0=00000000 a=00000000 b=00000000 alu=00000000 ra=80000e24 count=00000000
# TRACE t=29615000 pc=80000e5c ifid_pc=80000e58 idex_pc=80000e54 ifid_i=1ac28293 idex_v=1 exmem_v=0 mwb_v=0 stall=0 flush=0 br=0 j=00 rs1=31=00000000 rs2=0=00000000 a=80000e54 b=000ff000 alu=800ffe54 ra=80000e24 count=00000000
# TRACE t=29625000 pc=80000e60 ifid_pc=80000e5c idex_pc=80000e58 ifid_i=0002a303 idex_v=1 exmem_v=1 mwb_v=0 stall=0 flush=0 br=0 j=00 rs1=5=800ffe54 rs2=12=00000000 a=800ffe54 b=000001ac alu=80100000 ra=80000e24 count=00000000
# TRACE t=29635000 pc=80000e64 ifid_pc=80000e60 idex_pc=80000e5c ifid_i=00130313 idex_v=1 exmem_v=1 mwb_v=1 stall=1 flush=0 br=0 j=00 rs1=5=80100000 rs2=0=00000000 a=80100000 b=00000000 alu=80100000 ra=80000e24 count=00000000
# TRACE t=29645000 pc=80000e64 ifid_pc=80000e60 idex_pc=00000000 ifid_i=00130313 idex_v=0 exmem_v=1 mwb_v=1 stall=0 flush=0 br=0 j=00 rs1=0=00000000 rs2=0=00000000 a=00000000 b=00000000 alu=00000000 ra=80000e24 count=00000000
# TRACE t=29655000 pc=80000e68 ifid_pc=80000e64 idex_pc=80000e60 ifid_i=0062a023 idex_v=1 exmem_v=0 mwb_v=1 stall=0 flush=0 br=0 j=00 rs1=6=00000000 rs2=1=80000e24 a=00000000 b=00000001 alu=00000001 ra=80000e24 count=00000000
# TRACE t=29665000 pc=80000e6c ifid_pc=80000e68 idex_pc=80000e64 ifid_i=00040093 idex_v=1 exmem_v=1 mwb_v=0 stall=0 flush=0 br=0 j=00 rs1=5=80100000 rs2=6=00000001 a=80100000 b=00000000 alu=80100000 ra=80000e24 count=00000000
# TRACE t=29675000 pc=80000e70 ifid_pc=80000e6c idex_pc=80000e68 ifid_i=00008067 idex_v=1 exmem_v=1 mwb_v=1 stall=0 flush=0 br=0 j=00 rs1=8=80000608 rs2=0=00000000 a=80000608 b=00000000 alu=80000608 ra=80000e24 count=00000000
# COUNT t=29675000 data=00000001
# TRACE t=29685000 pc=80000e74 ifid_pc=80000e70 idex_pc=80000e6c ifid_i=000ff297 idex_v=1 exmem_v=1 mwb_v=1 stall=0 flush=1 br=0 j=10 rs1=1=80000608 rs2=0=00000000 a=80000608 b=00000000 alu=80000608 ra=80000e24 count=00000000
# TRACE t=29725000 pc=80000e1c ifid_pc=00000000 idex_pc=00000000 ifid_i=00000000 idex_v=0 exmem_v=1 mwb_v=0 stall=0 flush=0 br=0 j=00 rs1=0=00000000 rs2=0=00000000 a=00000000 b=00000000 alu=00000000 ra=80000608 count=00000000
# TRACE t=29735000 pc=80000e20 ifid_pc=80000e1c idex_pc=00000000 ifid_i=00008413 idex_v=0 exmem_v=0 mwb_v=1 stall=0 flush=0 br=0 j=00 rs1=0=00000000 rs2=0=00000000 a=00000000 b=00000000 alu=00000000 ra=80000608 count=00000000
# TRACE t=29745000 pc=80000e24 ifid_pc=80000e20 idex_pc=80000e1c ifid_i=010000ef idex_v=1 exmem_v=0 mwb_v=0 stall=0 flush=0 br=0 j=00 rs1=1=80000608 rs2=0=00000000 a=80000608 b=00000000 alu=80000608 ra=8000060c count=00000000
# TRACE t=29755000 pc=80000e28 ifid_pc=80000e24 idex_pc=80000e20 ifid_i=00000297 idex_v=1 exmem_v=1 mwb_v=0 stall=0 flush=1 br=0 j=01 rs1=0=00000000 rs2=16=00000000 a=00000000 b=00000000 alu=00000000 ra=8000060c count=00000000
# TRACE t=29765000 pc=80000e30 ifid_pc=00000000 idex_pc=00000000 ifid_i=00000000 idex_v=0 exmem_v=1 mwb_v=1 stall=0 flush=0 br=0 j=00 rs1=0=00000000 rs2=0=00000000 a=00000000 b=00000000 alu=00000000 ra=8000060c count=00000000
# TRACE t=29775000 pc=80000e34 ifid_pc=80000e30 idex_pc=00000000 ifid_i=00400313 idex_v=0 exmem_v=0 mwb_v=1 stall=0 flush=0 br=0 j=00 rs1=0=00000000 rs2=0=00000000 a=00000000 b=00000000 alu=00000000 ra=8000060c count=00000000
# TRACE t=29785000 pc=80000e38 ifid_pc=80000e34 idex_pc=80000e30 ifid_i=00008067 idex_v=1 exmem_v=0 mwb_v=0 stall=0 flush=0 br=0 j=00 rs1=0=00000000 rs2=4=00000000 a=00000000 b=00000004 alu=00000004 ra=80000e24 count=00000000
# TRACE t=29795000 pc=80000e3c ifid_pc=80000e38 idex_pc=80000e34 ifid_i=000ff297 idex_v=1 exmem_v=1 mwb_v=0 stall=0 flush=1 br=0 j=10 rs1=1=80000e24 rs2=0=00000000 a=80000e24 b=00000000 alu=80000e24 ra=80000e24 count=00000000
# TRACE t=29805000 pc=80000e24 ifid_pc=00000000 idex_pc=00000000 ifid_i=00000000 idex_v=0 exmem_v=1 mwb_v=1 stall=0 flush=0 br=0 j=00 rs1=0=00000000 rs2=0=00000000 a=00000000 b=00000000 alu=00000000 ra=80000e24 count=00000000
# TRACE t=29815000 pc=80000e28 ifid_pc=80000e24 idex_pc=00000000 ifid_i=00000297 idex_v=0 exmem_v=0 mwb_v=1 stall=0 flush=0 br=0 j=00 rs1=0=00000000 rs2=0=00000000 a=00000000 b=00000000 alu=00000000 ra=80000e24 count=00000000
# TRACE t=29825000 pc=80000e2c ifid_pc=80000e28 idex_pc=80000e24 ifid_i=00509863 idex_v=1 exmem_v=0 mwb_v=0 stall=0 flush=0 br=0 j=00 rs1=0=00000000 rs2=0=00000000 a=80000e24 b=00000000 alu=80000e24 ra=80000e24 count=00000000
# TRACE t=29835000 pc=80000e30 ifid_pc=80000e2c idex_pc=80000e28 ifid_i=0280006f idex_v=1 exmem_v=1 mwb_v=0 stall=0 flush=0 br=1 j=00 rs1=1=80000e24 rs2=5=80000e24 a=80000e24 b=80000e24 alu=00000000 ra=80000e24 count=00000000
# TRACE t=29845000 pc=80000e34 ifid_pc=80000e30 idex_pc=80000e2c ifid_i=00400313 idex_v=1 exmem_v=1 mwb_v=1 stall=0 flush=1 br=0 j=01 rs1=0=00000000 rs2=8=80000608 a=00000000 b=80000608 alu=80000608 ra=80000e24 count=00000000
# TRACE t=29855000 pc=80000e54 ifid_pc=00000000 idex_pc=00000000 ifid_i=00000000 idex_v=0 exmem_v=1 mwb_v=1 stall=0 flush=0 br=0 j=00 rs1=0=00000000 rs2=0=00000000 a=00000000 b=00000000 alu=00000000 ra=80000e24 count=00000000
# TRACE t=29865000 pc=80000e58 ifid_pc=80000e54 idex_pc=00000000 ifid_i=000ff297 idex_v=0 exmem_v=0 mwb_v=1 stall=0 flush=0 br=0 j=00 rs1=0=00000000 rs2=0=00000000 a=00000000 b=00000000 alu=00000000 ra=80000e24 count=00000000
# TRACE t=29875000 pc=80000e5c ifid_pc=80000e58 idex_pc=80000e54 ifid_i=1ac28293 idex_v=1 exmem_v=0 mwb_v=0 stall=0 flush=0 br=0 j=00 rs1=31=00000000 rs2=0=00000000 a=80000e54 b=000ff000 alu=800ffe54 ra=80000e24 count=00000000
# TRACE t=29885000 pc=80000e60 ifid_pc=80000e5c idex_pc=80000e58 ifid_i=0002a303 idex_v=1 exmem_v=1 mwb_v=0 stall=0 flush=0 br=0 j=00 rs1=5=800ffe54 rs2=12=00000000 a=800ffe54 b=000001ac alu=80100000 ra=80000e24 count=00000000
# TRACE t=29895000 pc=80000e64 ifid_pc=80000e60 idex_pc=80000e5c ifid_i=00130313 idex_v=1 exmem_v=1 mwb_v=1 stall=1 flush=0 br=0 j=00 rs1=5=80100000 rs2=0=00000000 a=80100000 b=00000000 alu=80100000 ra=80000e24 count=00000000
# TRACE t=29905000 pc=80000e64 ifid_pc=80000e60 idex_pc=00000000 ifid_i=00130313 idex_v=0 exmem_v=1 mwb_v=1 stall=0 flush=0 br=0 j=00 rs1=0=00000000 rs2=0=00000000 a=00000000 b=00000000 alu=00000000 ra=80000e24 count=00000000
# TRACE t=29915000 pc=80000e68 ifid_pc=80000e64 idex_pc=80000e60 ifid_i=0062a023 idex_v=1 exmem_v=0 mwb_v=1 stall=0 flush=0 br=0 j=00 rs1=6=00000000 rs2=1=80000e24 a=00000000 b=00000001 alu=00000001 ra=80000e24 count=00000000
# TRACE t=29925000 pc=80000e6c ifid_pc=80000e68 idex_pc=80000e64 ifid_i=00040093 idex_v=1 exmem_v=1 mwb_v=0 stall=0 flush=0 br=0 j=00 rs1=5=80100000 rs2=6=00000001 a=80100000 b=00000000 alu=80100000 ra=80000e24 count=00000000
# TRACE t=29935000 pc=80000e70 ifid_pc=80000e6c idex_pc=80000e68 ifid_i=00008067 idex_v=1 exmem_v=1 mwb_v=1 stall=0 flush=0 br=0 j=00 rs1=8=80000608 rs2=0=00000000 a=80000608 b=00000000 alu=80000608 ra=80000e24 count=00000000
# COUNT t=29935000 data=00000001
# TRACE t=29945000 pc=80000e74 ifid_pc=80000e70 idex_pc=80000e6c ifid_i=000ff297 idex_v=1 exmem_v=1 mwb_v=1 stall=0 flush=1 br=0 j=10 rs1=1=80000608 rs2=0=00000000 a=80000608 b=00000000 alu=80000608 ra=80000e24 count=00000000
# TRACE t=29985000 pc=80000e1c ifid_pc=00000000 idex_pc=00000000 ifid_i=00000000 idex_v=0 exmem_v=1 mwb_v=0 stall=0 flush=0 br=0 j=00 rs1=0=00000000 rs2=0=00000000 a=00000000 b=00000000 alu=00000000 ra=80000608 count=00000000
# TRACE t=29995000 pc=80000e20 ifid_pc=80000e1c idex_pc=00000000 ifid_i=00008413 idex_v=0 exmem_v=0 mwb_v=1 stall=0 flush=0 br=0 j=00 rs1=0=00000000 rs2=0=00000000 a=00000000 b=00000000 alu=00000000 ra=80000608 count=00000000
# TRACE t=30005000 pc=80000e24 ifid_pc=80000e20 idex_pc=80000e1c ifid_i=010000ef idex_v=1 exmem_v=0 mwb_v=0 stall=0 flush=0 br=0 j=00 rs1=1=80000608 rs2=0=00000000 a=80000608 b=00000000 alu=80000608 ra=8000060c count=00000000
# TRACE t=30015000 pc=80000e28 ifid_pc=80000e24 idex_pc=80000e20 ifid_i=00000297 idex_v=1 exmem_v=1 mwb_v=0 stall=0 flush=1 br=0 j=01 rs1=0=00000000 rs2=16=00000000 a=00000000 b=00000000 alu=00000000 ra=8000060c count=00000000
# TRACE t=30025000 pc=80000e30 ifid_pc=00000000 idex_pc=00000000 ifid_i=00000000 idex_v=0 exmem_v=1 mwb_v=1 stall=0 flush=0 br=0 j=00 rs1=0=00000000 rs2=0=00000000 a=00000000 b=00000000 alu=00000000 ra=8000060c count=00000000
# TRACE t=30035000 pc=80000e34 ifid_pc=80000e30 idex_pc=00000000 ifid_i=00400313 idex_v=0 exmem_v=0 mwb_v=1 stall=0 flush=0 br=0 j=00 rs1=0=00000000 rs2=0=00000000 a=00000000 b=00000000 alu=00000000 ra=8000060c count=00000000
# ** Note: $finish    : D:/0_FPGA/change-onbroad/verify_reset/tb_pipeline_trace.sv(44)
#    Time: 30035 ns  Iteration: 1  Instance: /tb_pipeline_trace
# End time: 11:05:08 on Aug 29,2026, Elapsed time: 0:00:01
# Errors: 0, Warnings: 0
